{"Time Taken to Run the Code(Mins)":0.262375537554423,"_wandb":{"runtime":15},"Timestep":10,"Accuracy":67.34,"_timestamp":1.751374752396626e+09,"_runtime":15.504926727,"_step":11}