{"Timestep":10,"Accuracy":38.34,"chance_level":10,"Time Taken to Run the Code(Mins)":0.3563336531321208,"_wandb":{"runtime":20},"_runtime":20,"_timestamp":1.757421850276402e+09,"_step":12}