{"Accuracy":33.18,"chance_level":10,"Time Taken to Run the Code(Mins)":5.055281786123912,"_wandb":{"runtime":302},"_runtime":302,"_step":12,"_timestamp":1.7570745562926936e+09,"Timestep":10}