{"Fine_Tuning_With_Classification/Recon_Testing_loss":0.00012066745415829835,"_step":19,"_runtime":81,"_wandb":{"runtime":81},"Fine_Tuning_With_Classification/test_loss":0.6911251842975616,"Fine_Tuning_With_Classification/Training_accuracy":51.77215189873418,"_timestamp":1.7597625767744403e+09,"Fine_Tuning_With_Classification/Test_Accuracy":52.720588235294116,"Fine_Tuning_With_Classification/train_loss":0.6918306471426275,"Fine_Tuning_With_Classification/Recon_Training_loss":0.00047323960314292604}