{"chance_level":10,"Time Taken to Run the Code(Mins)":10.35801146030426,"_wandb":{"runtime":619},"_runtime":619,"_timestamp":1.75794042992089e+09,"_step":12,"Timestep":10,"Accuracy":36.7}