{"_wandb":{"runtime":488},"_runtime":488,"_timestamp":1.7581945677604275e+09,"_step":12,"Timestep":10,"Accuracy":32.59,"chance_level":10,"Time Taken to Run the Code(Mins)":8.173900580406189}