{"_step":12,"_timestamp":1.7579362506763296e+09,"Timestep":10,"Accuracy":38.26,"chance_level":10,"Time Taken to Run the Code(Mins)":10.425941721598308,"_wandb":{"runtime":623},"_runtime":623}