{"_runtime":446,"_step":12,"_timestamp":1.7579580698471918e+09,"Timestep":10,"Accuracy":37.34,"chance_level":10,"Time Taken to Run the Code(Mins)":7.472269817193349,"_wandb":{"runtime":446}}