{"_wandb":{"runtime":426},"_runtime":426,"_timestamp":1.758195376063657e+09,"_step":12,"Timestep":10,"Accuracy":31.74,"chance_level":10,"Time Taken to Run the Code(Mins)":7.132794733842214}