{"_wandb":{"runtime":15},"Timestep":10,"Accuracy":65.57,"_timestamp":1.7513793031271017e+09,"_runtime":15.519864208,"_step":11,"Time Taken to Run the Code(Mins)":0.26264443397521975}