{"chance_level":10,"Time Taken to Run the Code(Mins)":7.018863972028097,"_wandb":{"runtime":419},"_runtime":419,"_timestamp":1.7581950392969768e+09,"_step":12,"Timestep":10,"Accuracy":31.66}