{"_timestamp":1.7579351767001383e+09,"_step":12,"Timestep":10,"Accuracy":37.58,"chance_level":10,"Time Taken to Run the Code(Mins)":10.776197123527528,"_wandb":{"runtime":645},"_runtime":645}