{"_step":12,"Timestep":10,"Accuracy":34.34,"chance_level":10,"Time Taken to Run the Code(Mins)":7.6418537100156145,"_wandb":{"runtime":456},"_runtime":456,"_timestamp":1.7582079647503443e+09}