{"Accuracy":36.73,"chance_level":10,"Time Taken to Run the Code(Mins)":0.33009747266769407,"_wandb":{"runtime":18},"_runtime":18,"_timestamp":1.7574304812082095e+09,"_step":12,"Timestep":10}