{"_timestamp":1.7574383957239408e+09,"_step":12,"Accuracy":37.54,"chance_level":10,"Timestep":10,"Time Taken to Run the Code(Mins)":0.3254859964052836,"_wandb":{"runtime":18},"_runtime":18}