{"Time Taken to Run the Code(Mins)":10.723228323459626,"_wandb":{"runtime":641},"_runtime":641,"_step":12,"_timestamp":1.7579299339933443e+09,"Timestep":10,"Accuracy":38.11,"chance_level":10}