{"chance_level":10,"Time Taken to Run the Code(Mins)":0.2739730000495911,"_runtime":16.13829225,"Timestep":10,"MediaLogs/gauss_0.4":{"sha256":"9e1134f3eccd4afbd08f42ea855354228da2f6401a3ca3d434708c91e5131886","size":21177,"path":"media/images/MediaLogs/gauss_0.4_0_9e1134f3eccd4afbd08f.png","format":"png","width":138,"height":70,"caption":"Noisy Images: gauss 0.4","_type":"image-file"},"_wandb":{"runtime":16},"Accuracy":55.04,"_timestamp":1.7516402876255798e+09,"_step":12}