{"Time Taken to Run the Code(Mins)":9.295894312858582,"_wandb":{"runtime":553},"_runtime":553,"_step":12,"_timestamp":1.757926949644112e+09,"Timestep":10,"Accuracy":38.42,"chance_level":10}