{"_wandb":{"runtime":379},"_runtime":379,"_timestamp":1.7581958763026125e+09,"_step":12,"Timestep":10,"Accuracy":31.41,"chance_level":10,"Time Taken to Run the Code(Mins)":6.355783887704214}