{"_step":12,"Timestep":10,"Accuracy":32.72,"chance_level":10,"Time Taken to Run the Code(Mins)":3.557689070701599,"_wandb":{"runtime":212},"_runtime":212,"_timestamp":1.7570891453053e+09}