{"_runtime":404,"_timestamp":1.7582190122819302e+09,"_step":12,"chance_level":10,"Timestep":10,"Accuracy":35.87,"Time Taken to Run the Code(Mins)":6.7629078984260556,"_wandb":{"runtime":404}}