{"chance_level":10,"_runtime":16.03098768,"Timestep":10,"Time Taken to Run the Code(Mins)":0.27227051655451456,"_step":12,"_timestamp":1.751645632497025e+09,"Accuracy":44.22,"_wandb":{"runtime":16},"MediaLogs/s&p_0.06":{"path":"media/images/MediaLogs/s&p_0.06_0_6e6f2bae3e5fede333b7.png","format":"png","width":138,"height":70,"caption":"Noisy Images: s&p 0.06","_type":"image-file","sha256":"6e6f2bae3e5fede333b73675a7c86dc6ec467d71d91b51c2e9fcf71564d74f10","size":20969}}