{"Timestep":10,"Accuracy":45.94,"Time Taken to Run the Code(Mins)":0.2728828509648641,"MediaLogs/s&p_0.02":{"sha256":"6d9678668fc378e1951bb630f4f538672833bbd927b8b3128ea48471d230098d","size":19693,"path":"media/images/MediaLogs/s&p_0.02_0_6d9678668fc378e1951b.png","format":"png","width":138,"height":70,"caption":"Noisy Images: s&p 0.02","_type":"image-file"},"_wandb":{"runtime":16},"_timestamp":1.7516374632192261e+09,"_step":12,"_runtime":16.072421926,"chance_level":10}