{"Time Taken to Run the Code(Mins)":0.29167123635609943,"MediaLogs/s&p_0.6000000000000001":{"count":8,"filenames":["media/images/MediaLogs/s&p_0.6000000000000001_0_56847dedec4c12dec717.png","media/images/MediaLogs/s&p_0.6000000000000001_0_6060b78cd97359728c86.png","media/images/MediaLogs/s&p_0.6000000000000001_0_17483d21766a2cee1faa.png","media/images/MediaLogs/s&p_0.6000000000000001_0_89c3491276b0186f6c40.png","media/images/MediaLogs/s&p_0.6000000000000001_0_adef3fcad542bf6d4c65.png","media/images/MediaLogs/s&p_0.6000000000000001_0_500a1613cfa29d6c41b6.png","media/images/MediaLogs/s&p_0.6000000000000001_0_902cb21709d890ae5c1d.png","media/images/MediaLogs/s&p_0.6000000000000001_0_7d8196b4eeb923e0546b.png"],"captions":["cat","ship","ship","plane","frog","frog","car","frog"],"_type":"images/separated","width":32,"height":32,"format":"png"},"chance_level":10,"Accuracy":19.39,"_step":12,"_wandb":{"runtime":17},"_timestamp":1.7514636477084816e+09,"Timestep":10,"_runtime":17.214737355}