{"Accuracy":37.14,"chance_level":10,"Time Taken to Run the Code(Mins)":0.3356659213701884,"_wandb":{"runtime":19},"_runtime":19,"_timestamp":1.7574346080969205e+09,"_step":12,"Timestep":10}