{"_timestamp":1.7582199393236773e+09,"_step":12,"Timestep":10,"Accuracy":34.03,"chance_level":10,"Time Taken to Run the Code(Mins)":7.230948479970296,"_wandb":{"runtime":432},"_runtime":432}