{"Timestep":10,"Accuracy":31,"chance_level":10,"Time Taken to Run the Code(Mins)":4.2565467119216915,"_wandb":{"runtime":254},"_runtime":254,"_timestamp":1.7570888871711473e+09,"_step":12}