{"_runtime":20,"_timestamp":1.7574421289123108e+09,"_step":12,"Timestep":10,"Accuracy":38.22,"chance_level":10,"Time Taken to Run the Code(Mins)":0.3543435335159302,"_wandb":{"runtime":20}}