{"_wandb":{"runtime":18},"_runtime":18,"_timestamp":1.7574262196643674e+09,"_step":12,"Timestep":10,"Accuracy":37.52,"chance_level":10,"Time Taken to Run the Code(Mins)":0.32981008291244507}