{"_wandb":{"runtime":15},"_runtime":15.980549097,"_step":12,"Accuracy":31.66,"MediaLogs/gauss_0.8":{"size":22076,"path":"media/images/MediaLogs/gauss_0.8_0_3e6aae1b7f1783e24a2f.png","format":"png","width":138,"height":70,"caption":"Noisy Images: gauss 0.8","_type":"image-file","sha256":"3e6aae1b7f1783e24a2fdf2fafdfc8cb8009c8ddbf7b5ed78fc7284d6a1d7e55"},"Time Taken to Run the Code(Mins)":0.27133648792902626,"Timestep":10,"_timestamp":1.7516427139916112e+09,"chance_level":10}