{"_timestamp":1.7516388486005917e+09,"Accuracy":35.04,"chance_level":10,"Time Taken to Run the Code(Mins)":0.2732583443323771,"_runtime":16.090448619,"MediaLogs/s&p_0.06":{"sha256":"6e6f2bae3e5fede333b73675a7c86dc6ec467d71d91b51c2e9fcf71564d74f10","size":20969,"path":"media/images/MediaLogs/s&p_0.06_0_6e6f2bae3e5fede333b7.png","format":"png","width":138,"height":70,"caption":"Noisy Images: s&p 0.06","_type":"image-file"},"Timestep":10,"_step":12,"_wandb":{"runtime":16}}