{"_wandb":{"runtime":601},"_runtime":601,"_step":12,"_timestamp":1.7579394463251936e+09,"Timestep":10,"Accuracy":37.08,"chance_level":10,"Time Taken to Run the Code(Mins)":10.054400412241618}