{"_step":12,"Timestep":10,"Accuracy":38.38,"chance_level":10,"Time Taken to Run the Code(Mins)":8.939441788196564,"_wandb":{"runtime":534},"_runtime":534,"_timestamp":1.7579246892129276e+09}