{"Accuracy":65.77,"_timestamp":1.7513795834925165e+09,"_runtime":15.589093639,"Time Taken to Run the Code(Mins)":0.2637674609820048,"_wandb":{"runtime":15},"_step":11,"Timestep":10}