{"chance_level":10,"Time Taken to Run the Code(Mins)":8.404102110862732,"_wandb":{"runtime":502},"_runtime":502,"_step":12,"_timestamp":1.758199420747065e+09,"Timestep":10,"Accuracy":33.76}