{"_runtime":18,"_timestamp":1.7574444943738942e+09,"_step":12,"Timestep":10,"Accuracy":37.29,"chance_level":10,"Time Taken to Run the Code(Mins)":0.33067559003829955,"_wandb":{"runtime":18}}