{"_wandb":{"runtime":788},"_runtime":788,"_timestamp":1.7579390917342763e+09,"_step":12,"Timestep":10,"Accuracy":37.67,"chance_level":10,"Time Taken to Run the Code(Mins)":13.176709628105163}