{"Time Taken to Run the Code(Mins)":7.189430916309357,"_wandb":{"runtime":429},"_runtime":429,"_timestamp":1.7582201827079785e+09,"_step":12,"Timestep":10,"Accuracy":34.13,"chance_level":10}