{"Timestep":10,"Accuracy":38,"chance_level":10,"Time Taken to Run the Code(Mins)":0.3289714296658834,"_wandb":{"runtime":18},"_runtime":18,"_timestamp":1.7574172508483546e+09,"_step":12}