{"Timestep":10,"Accuracy":33.11,"Time Taken to Run the Code(Mins)":5.092912165323893,"_wandb":{"runtime":304},"_runtime":304,"_timestamp":1.757087392978091e+09,"_step":12,"chance_level":10}