{"Timestep":10,"Accuracy":30.14,"chance_level":10,"Time Taken to Run the Code(Mins)":7.1486916502316795,"_wandb":{"runtime":427},"_runtime":427,"_step":12,"_timestamp":1.758222838895783e+09}