{"_timestamp":1.7579351786908035e+09,"_step":12,"Timestep":10,"Accuracy":37.56,"chance_level":10,"Time Taken to Run the Code(Mins)":10.752386422952016,"_wandb":{"runtime":643},"_runtime":643}