{"Timestep":10,"Accuracy":38.32,"chance_level":10,"Time Taken to Run the Code(Mins)":8.47385330994924,"_wandb":{"runtime":507},"_runtime":507,"_step":12,"_timestamp":1.7579506570611954e+09}