{"_runtime":261,"_timestamp":1.7570887766748326e+09,"_step":12,"chance_level":10,"Timestep":10,"Accuracy":31.02,"Time Taken to Run the Code(Mins)":4.38167579571406,"_wandb":{"runtime":261}}