{"Accuracy":64.34,"_wandb":{"runtime":16},"_timestamp":1.752586590881175e+09,"chance_level":10,"MediaLogs/s&p_0.0":{"sha256":"1351f578828d886452347dc6a8a5d01cff2cec649d66f35cdd7f696cc437603a","size":18482,"path":"media/images/MediaLogs/s&p_0.0_0_1351f578828d88645234.png","format":"png","width":138,"height":70,"caption":"Noisy Images: s&p 0.0","_type":"image-file"},"Timestep":10,"Time Taken to Run the Code(Mins)":0.27793310085932416,"_runtime":16.366287605,"_step":12}