{"Time Taken to Run the Code(Mins)":6.807935003439585,"_wandb":{"runtime":407},"_runtime":407,"_step":12,"_timestamp":1.7582172289861588e+09,"Timestep":10,"Accuracy":29.35,"chance_level":10}