{"Accuracy":38.38,"chance_level":10,"Time Taken to Run the Code(Mins)":8.165636984507243,"_wandb":{"runtime":488},"_runtime":488,"_timestamp":1.7579242244517477e+09,"_step":12,"Timestep":10}