{"_timestamp":1.7579531723596122e+09,"_step":12,"Timestep":10,"Accuracy":36.46,"chance_level":10,"Time Taken to Run the Code(Mins)":8.618547809123992,"_wandb":{"runtime":515},"_runtime":515}