{"_step":12,"_timestamp":1.7579518910972943e+09,"Timestep":10,"Accuracy":37.82,"chance_level":10,"Time Taken to Run the Code(Mins)":10.758944992224375,"_wandb":{"runtime":642},"_runtime":642}