{"Accuracy":36.44,"chance_level":10,"Time Taken to Run the Code(Mins)":8.41758721669515,"_wandb":{"runtime":503},"_runtime":503,"_timestamp":1.7579471973756158e+09,"_step":12,"Timestep":10}