{"_timestamp":1.7574206296757135e+09,"Timestep":10,"Accuracy":38.41,"chance_level":10,"Time Taken to Run the Code(Mins)":0.3363882104555766,"_wandb":{"runtime":19},"_runtime":19,"_step":12}