{"_timestamp":1.7581960730786977e+09,"_step":12,"Timestep":10,"Accuracy":31.48,"chance_level":10,"Time Taken to Run the Code(Mins)":6.4369444688161215,"_wandb":{"runtime":384},"_runtime":384}