{"_timestamp":1.758208923210481e+09,"_step":12,"Timestep":10,"Accuracy":31.79,"chance_level":10,"Time Taken to Run the Code(Mins)":7.906393583615621,"_wandb":{"runtime":472},"_runtime":472}