{"_wandb":{"runtime":18},"_runtime":18,"_timestamp":1.7574273344396853e+09,"_step":12,"Accuracy":38.39,"chance_level":10,"Timestep":10,"Time Taken to Run the Code(Mins)":0.32956942717234294}