{"_wandb":{"runtime":16},"Time Taken to Run the Code(Mins)":0.2717747092247009,"_runtime":16.001731582,"Accuracy":23.67,"_timestamp":1.7514720723548877e+09,"_step":12,"Timestep":10,"MediaLogs/s&p_0.4":{"size":21658,"path":"media/images/MediaLogs/s&p_0.4_0_9c04c5b3bdb267bc4705.png","format":"png","width":138,"height":70,"caption":"Noisy Images: s&p 0.4","_type":"image-file","sha256":"9c04c5b3bdb267bc4705db6d0e1134ee42345c887749caece81c4aff8a090c3d"},"chance_level":10}