{"Timestep":10,"chance_level":10,"_wandb":{"runtime":16},"MediaLogs/gauss_0.6000000000000001":{"format":"png","width":138,"height":70,"caption":"Noisy Images: gauss 0.6000000000000001","_type":"image-file","sha256":"71e7e49c617876a92187f5f8ac37579a945a9374c00d35e39fc54ca17076c745","size":21734,"path":"media/images/MediaLogs/gauss_0.6000000000000001_0_71e7e49c617876a92187.png"},"Time Taken to Run the Code(Mins)":0.2756827195485433,"_step":12,"Accuracy":41.95,"_timestamp":1.7516403834462593e+09,"_runtime":16.239144697}