{"Accuracy":34.73,"chance_level":10,"Time Taken to Run the Code(Mins)":7.099994818369548,"_wandb":{"runtime":424},"_runtime":424,"_timestamp":1.7581893005119517e+09,"_step":12,"Timestep":10}