{"Accuracy":37.62,"chance_level":10,"Time Taken to Run the Code(Mins)":7.979608154296875,"_wandb":{"runtime":476},"_runtime":476,"_step":12,"_timestamp":1.7579454279470356e+09,"Timestep":10}