{"_wandb":{"runtime":434},"_runtime":434,"_timestamp":1.7581948625827644e+09,"_step":12,"Timestep":10,"Accuracy":32.59,"chance_level":10,"Time Taken to Run the Code(Mins)":7.274969224135081}