{"_timestamp":1.7574283695052285e+09,"_step":12,"Timestep":10,"Accuracy":37.32,"chance_level":10,"Time Taken to Run the Code(Mins)":0.3252942403157552,"_wandb":{"runtime":18},"_runtime":18}