{"Time Taken to Run the Code(Mins)":4.592459853490194,"_wandb":{"runtime":274},"_runtime":274,"_timestamp":1.7570857709561574e+09,"_step":12,"chance_level":10,"Timestep":10,"Accuracy":33.16}