{"_timestamp":1.7570783420913763e+09,"_step":12,"Timestep":10,"Accuracy":33.07,"chance_level":10,"Time Taken to Run the Code(Mins)":2.4471608718236286,"_wandb":{"runtime":145},"_runtime":145}