{"Accuracy":38.39,"chance_level":10,"Time Taken to Run the Code(Mins)":0.3315173268318176,"_wandb":{"runtime":18},"_runtime":18,"_timestamp":1.7574214172088077e+09,"_step":12,"Timestep":10}