{"Time Taken to Run the Code(Mins)":6.80048235654831,"_wandb":{"runtime":406},"_runtime":406,"_step":12,"_timestamp":1.7582181735051644e+09,"Timestep":10,"Accuracy":37.87,"chance_level":10}