{"_timestamp":1.7581941480664117e+09,"Timestep":10,"Accuracy":32.45,"chance_level":10,"Time Taken to Run the Code(Mins)":6.215567505359649,"_wandb":{"runtime":371},"_runtime":371,"_step":12}