{"_timestamp":1.7574360223227174e+09,"_step":12,"Timestep":10,"Accuracy":35.95,"chance_level":10,"Time Taken to Run the Code(Mins)":0.3278773784637451,"_wandb":{"runtime":18},"_runtime":18}