{"_runtime":505,"_timestamp":1.7582073570592973e+09,"_step":12,"Accuracy":37.17,"chance_level":10,"Timestep":10,"Time Taken to Run the Code(Mins)":8.452420981725057,"_wandb":{"runtime":505}}