{"_step":12,"chance_level":10,"Timestep":10,"Accuracy":36.36,"Time Taken to Run the Code(Mins)":0.36208069721857705,"_wandb":{"runtime":19},"_runtime":19,"_timestamp":1.7574314620975187e+09}