{"_step":12,"Timestep":10,"Accuracy":36.19,"chance_level":10,"Time Taken to Run the Code(Mins)":0.33015148242314657,"_wandb":{"runtime":18},"_runtime":18,"_timestamp":1.7574462358494985e+09}