{"chance_level":10,"Timestep":10,"Accuracy":36.01,"Time Taken to Run the Code(Mins)":0.3241553743680318,"_wandb":{"runtime":18},"_runtime":18,"_timestamp":1.7574411270512753e+09,"_step":12}