{"Accuracy":69.69,"_timestamp":1.7513770311830173e+09,"_runtime":15.507250493,"_step":11,"Timestep":10,"Time Taken to Run the Code(Mins)":0.2624396642049154,"_wandb":{"runtime":15}}