{"chance_level":10,"Timestep":10,"Time Taken to Run the Code(Mins)":13.211041855812073,"_wandb":{"runtime":790},"_runtime":790,"_timestamp":1.7582009927623742e+09,"_step":12,"Accuracy":31.61}