{"_runtime":15.872298825,"Timestep":10,"Time Taken to Run the Code(Mins)":0.2695757468541463,"_wandb":{"runtime":15},"_step":12,"chance_level":10,"MediaLogs/s&p_0.8":{"_type":"image-file","sha256":"c5de290bc607a4d3a958a7bbf55c32825b481e2e8eecb255f8d00ebb9a0e0de2","size":7046,"path":"media/images/MediaLogs/s&p_0.8_0_c5de290bc607a4d3a958.png","format":"png","width":138,"height":70,"caption":"Noisy Images: s&p 0.8"},"Accuracy":12,"_timestamp":1.7515294321436527e+09}