{"_wandb":{"runtime":290},"_runtime":290,"_step":12,"_timestamp":1.7570899538551612e+09,"Timestep":10,"Accuracy":31.3,"chance_level":10,"Time Taken to Run the Code(Mins)":4.863056139151255}