{"_runtime":418,"_timestamp":1.7581889448101685e+09,"_step":12,"Timestep":10,"Accuracy":34.71,"chance_level":10,"Time Taken to Run the Code(Mins)":6.9989614923795065,"_wandb":{"runtime":418}}