{"chance_level":10,"Time Taken to Run the Code(Mins)":7.27825345993042,"_wandb":{"runtime":435},"_runtime":435,"_timestamp":1.7579326984544032e+09,"_step":12,"Timestep":10,"Accuracy":37.55}