{"Accuracy":38.19,"chance_level":10,"Time Taken to Run the Code(Mins)":7.314498794078827,"_wandb":{"runtime":437},"_runtime":437,"_timestamp":1.757955768176475e+09,"_step":12,"Timestep":10}