{"_step":12,"Timestep":10,"Accuracy":38.29,"chance_level":10,"Time Taken to Run the Code(Mins)":0.33801762262980145,"_wandb":{"runtime":19},"_runtime":19,"_timestamp":1.757437972744296e+09}