{"Timestep":10,"Time Taken to Run the Code(Mins)":0.33818149169286094,"_wandb":{"runtime":19},"_runtime":19,"_timestamp":1.7574420730485322e+09,"_step":12,"Accuracy":38.21,"chance_level":10}