{"Accuracy":38.02,"chance_level":10,"Timestep":10,"Time Taken to Run the Code(Mins)":6.451509360472361,"_wandb":{"runtime":384},"_runtime":384,"_step":12,"_timestamp":1.7579223284201188e+09}