{"Accuracy":36.35,"Time Taken to Run the Code(Mins)":0.33508107662200926,"_wandb":{"runtime":18},"_runtime":18,"_timestamp":1.7574311614602826e+09,"_step":12,"chance_level":10,"Timestep":10}