{"_wandb":{"runtime":19},"_runtime":19,"_step":12,"_timestamp":1.75742793522103e+09,"chance_level":10,"Timestep":10,"Accuracy":37.96,"Time Taken to Run the Code(Mins)":0.33654312292734784}