{"_runtime":461,"_timestamp":1.758189886431905e+09,"_step":12,"Timestep":10,"Accuracy":34.23,"chance_level":10,"Time Taken to Run the Code(Mins)":7.730134264628092,"_wandb":{"runtime":461}}