{"Timestep":10,"Accuracy":30.44,"chance_level":10,"Time Taken to Run the Code(Mins)":7.109607247511546,"_wandb":{"runtime":424},"_runtime":424,"_timestamp":1.7582168129197383e+09,"_step":12}