{"chance_level":10,"Timestep":10,"Accuracy":37.93,"Time Taken to Run the Code(Mins)":7.506917603810629,"_wandb":{"runtime":449},"_runtime":449,"_timestamp":1.7582186298049e+09,"_step":12}