{"Accuracy":38.12,"chance_level":10,"Time Taken to Run the Code(Mins)":11.861836206912994,"_wandb":{"runtime":710},"_runtime":710,"_step":12,"_timestamp":1.7579306642123837e+09,"Timestep":10}