{"Timestep":10,"Accuracy":31.32,"chance_level":10,"Time Taken to Run the Code(Mins)":8.270302442709605,"_wandb":{"runtime":494},"_runtime":494,"_step":12,"_timestamp":1.7581968291938894e+09}