{"Time Taken to Run the Code(Mins)":8.633446462949117,"_wandb":{"runtime":516},"_runtime":516,"_timestamp":1.7579546174165304e+09,"_step":12,"Timestep":10,"Accuracy":36.16,"chance_level":10}