{"_runtime":252,"_timestamp":1.757083329184805e+09,"_step":12,"Timestep":10,"Accuracy":32.83,"chance_level":10,"Time Taken to Run the Code(Mins)":4.217992766698202,"_wandb":{"runtime":252}}