{"Timestep":10,"Accuracy":30.51,"chance_level":10,"Time Taken to Run the Code(Mins)":7.0186732172966,"_wandb":{"runtime":419},"_runtime":419,"_timestamp":1.758216834357095e+09,"_step":12}