{"_wandb":{"runtime":433},"_runtime":433,"_timestamp":1.7582151824063408e+09,"_step":12,"Timestep":10,"Accuracy":33.47,"chance_level":10,"Time Taken to Run the Code(Mins)":7.2509273012479145}