{"_wandb":{"runtime":450},"_runtime":450,"_timestamp":1.7581935189591367e+09,"_step":12,"Timestep":10,"Accuracy":33.89,"chance_level":10,"Time Taken to Run the Code(Mins)":7.5377291162808735}