{"Timestep":10,"Accuracy":38.36,"chance_level":10,"Time Taken to Run the Code(Mins)":9.06603500843048,"_wandb":{"runtime":542},"_runtime":542,"_timestamp":1.7579285741960952e+09,"_step":12}