{"Timestep":10,"Accuracy":30.99,"chance_level":10,"Time Taken to Run the Code(Mins)":6.87419236501058,"_wandb":{"runtime":410},"_runtime":410,"_step":12,"_timestamp":1.7582153023056304e+09}