{"_wandb":{"runtime":519},"_runtime":519,"_timestamp":1.75792789543555e+09,"_step":12,"Accuracy":38.4,"chance_level":10,"Timestep":10,"Time Taken to Run the Code(Mins)":8.68162934780121}