{"Accuracy":25.18,"Time Taken to Run the Code(Mins)":0.2679938713709513,"_step":12,"_timestamp":1.7519644635066524e+09,"chance_level":10,"Timestep":10,"_wandb":{"runtime":15},"_runtime":15.778554806,"MediaLogs/s&p_0.06":{"caption":"Noisy Images: s&p 0.06","_type":"image-file","sha256":"6e6f2bae3e5fede333b73675a7c86dc6ec467d71d91b51c2e9fcf71564d74f10","size":20969,"path":"media/images/MediaLogs/s&p_0.06_0_6e6f2bae3e5fede333b7.png","format":"png","width":138,"height":70}}