{"_runtime":567,"_timestamp":1.7579273581415935e+09,"_step":12,"Accuracy":38.42,"chance_level":10,"Timestep":10,"Time Taken to Run the Code(Mins)":9.482016392548879,"_wandb":{"runtime":567}}