{"Time Taken to Run the Code(Mins)":6.805566692352295,"_wandb":{"runtime":406},"_runtime":406,"_step":12,"_timestamp":1.7582107973217478e+09,"chance_level":10,"Timestep":10,"Accuracy":29.61}