{"_wandb":{"runtime":16},"Timestep":10,"MediaLogs/gauss_0.0":{"height":70,"caption":"Noisy Images: gauss 0.0","_type":"image-file","sha256":"1351f578828d886452347dc6a8a5d01cff2cec649d66f35cdd7f696cc437603a","size":18482,"path":"media/images/MediaLogs/gauss_0.0_0_1351f578828d88645234.png","format":"png","width":138},"Time Taken to Run the Code(Mins)":0.27734052737553916,"_timestamp":1.7514679736027305e+09,"_step":12,"_runtime":16.329943874,"Accuracy":57.83,"chance_level":10}