{"_wandb":{"runtime":429},"_runtime":429,"_timestamp":1.7579579343396008e+09,"_step":12,"chance_level":10,"Timestep":10,"Accuracy":37.28,"Time Taken to Run the Code(Mins)":7.176895153522492}