{"chance_level":10,"Time Taken to Run the Code(Mins)":7.471192475159963,"_wandb":{"runtime":446},"_runtime":446,"_timestamp":1.7579578354417498e+09,"_step":12,"Timestep":10,"Accuracy":37.3}