{"_wandb":{"runtime":15},"_timestamp":1.7515285973399189e+09,"chance_level":10,"MediaLogs/s&p_0.4":{"height":70,"caption":"Noisy Images: s&p 0.4","_type":"image-file","sha256":"9c04c5b3bdb267bc4705db6d0e1134ee42345c887749caece81c4aff8a090c3d","size":21658,"path":"media/images/MediaLogs/s&p_0.4_0_9c04c5b3bdb267bc4705.png","format":"png","width":138},"_step":12,"Timestep":10,"Accuracy":12.72,"Time Taken to Run the Code(Mins)":0.2699729084968567,"_runtime":15.892173555}