{"_timestamp":1.757959938814282e+09,"Accuracy":36.35,"chance_level":10,"Timestep":10,"Time Taken to Run the Code(Mins)":7.289503868420919,"_wandb":{"runtime":435},"_runtime":435,"_step":12}