{"_wandb":{"runtime":427},"_runtime":427,"_timestamp":1.758220497196332e+09,"_step":12,"Timestep":10,"Accuracy":34.2,"chance_level":10,"Time Taken to Run the Code(Mins)":7.141889051596324}