{"Accuracy":29.87,"chance_level":10,"Time Taken to Run the Code(Mins)":6.514462212721507,"_wandb":{"runtime":389},"_runtime":389,"_timestamp":1.7582111437666605e+09,"_step":12,"Timestep":10}