{"Time Taken to Run the Code(Mins)":0.33745485146840415,"_wandb":{"runtime":18},"_runtime":18,"_timestamp":1.7574247116146414e+09,"_step":12,"Timestep":10,"Accuracy":37.49,"chance_level":10}