{"_step":12,"Timestep":10,"Accuracy":37.44,"chance_level":10,"Time Taken to Run the Code(Mins)":9.799422299861908,"_wandb":{"runtime":586},"_runtime":586,"_timestamp":1.7579381880005682e+09}