{"_runtime":125,"_timestamp":1.7570914906321948e+09,"_step":12,"Timestep":10,"Accuracy":31.14,"chance_level":10,"Time Taken to Run the Code(Mins)":2.1073534925778707,"_wandb":{"runtime":125}}