{"_step":12,"_timestamp":1.7579495065956013e+09,"Timestep":10,"Accuracy":38.24,"chance_level":10,"Time Taken to Run the Code(Mins)":8.906788873672486,"_wandb":{"runtime":532},"_runtime":532}