{"Time Taken to Run the Code(Mins)":10.355237134297688,"_wandb":{"runtime":619},"_runtime":619,"_timestamp":1.757930280103331e+09,"_step":12,"chance_level":10,"Timestep":10,"Accuracy":38.2}