{"_timestamp":1.7574380547123282e+09,"_step":12,"Timestep":10,"Accuracy":38.27,"chance_level":10,"Time Taken to Run the Code(Mins)":0.33732627630233764,"_wandb":{"runtime":19},"_runtime":19}