{"Time Taken to Run the Code(Mins)":0.2758261243502299,"_timestamp":1.752586421994109e+09,"chance_level":10,"Timestep":10,"_wandb":{"runtime":16},"Accuracy":66.39,"MediaLogs/s&p_0.0":{"width":138,"height":70,"caption":"Noisy Images: s&p 0.0","_type":"image-file","sha256":"1351f578828d886452347dc6a8a5d01cff2cec649d66f35cdd7f696cc437603a","size":18482,"path":"media/images/MediaLogs/s&p_0.0_0_1351f578828d88645234.png","format":"png"},"_runtime":16.246288022,"_step":12}