{"Time Taken to Run the Code(Mins)":8.201769709587097,"_wandb":{"runtime":490},"_runtime":490,"_step":12,"_timestamp":1.7579454748206027e+09,"chance_level":10,"Timestep":10,"Accuracy":37.68}