{"chance_level":10,"Time Taken to Run the Code(Mins)":7.297476816177368,"_wandb":{"runtime":436},"_runtime":436,"_step":12,"_timestamp":1.757938462151599e+09,"Timestep":10,"Accuracy":37.63}