{"_wandb":{"runtime":16},"MediaLogs/s&p_0.4":{"width":138,"height":70,"caption":"Noisy Images: s&p 0.4","_type":"image-file","sha256":"9c04c5b3bdb267bc4705db6d0e1134ee42345c887749caece81c4aff8a090c3d","size":21658,"path":"media/images/MediaLogs/s&p_0.4_0_9c04c5b3bdb267bc4705.png","format":"png"},"_timestamp":1.7514651694869723e+09,"Accuracy":22.24,"chance_level":10,"Time Taken to Run the Code(Mins)":0.2721069812774658,"_runtime":16.038646829,"_step":12,"Timestep":10}