{"chance_level":10,"Time Taken to Run the Code(Mins)":7.198877517382304,"_wandb":{"runtime":430},"_runtime":430,"_timestamp":1.757958377274841e+09,"_step":12,"Timestep":10,"Accuracy":37.54}