{"Timestep":10,"Accuracy":36.69,"chance_level":10,"Time Taken to Run the Code(Mins)":10.512700959046681,"_wandb":{"runtime":629},"_runtime":629,"_step":12,"_timestamp":1.7579404011497517e+09}