{"_step":12,"_timestamp":1.757086737797933e+09,"Timestep":10,"Accuracy":31.67,"chance_level":10,"Time Taken to Run the Code(Mins)":5.2608516653378805,"_wandb":{"runtime":314},"_runtime":314}