{"Timestep":10,"Accuracy":37.15,"chance_level":10,"Time Taken to Run the Code(Mins)":8.013992404937744,"_wandb":{"runtime":479},"_runtime":479,"_timestamp":1.757952301645462e+09,"_step":12}