{"Accuracy":37.46,"chance_level":10,"Time Taken to Run the Code(Mins)":9.721010680993398,"_wandb":{"runtime":581},"_runtime":581,"_step":12,"_timestamp":1.757938190513702e+09,"Timestep":10}