{"Accuracy":58.39,"Time Taken to Run the Code(Mins)":0.2625465671221415,"_wandb":{"runtime":15},"_timestamp":1.7513837921838062e+09,"_runtime":15.515638642,"_step":11,"Timestep":10}