{"chance_level":10,"Time Taken to Run the Code(Mins)":8.724689034620921,"_wandb":{"runtime":522},"_runtime":522,"_timestamp":1.7579501311609204e+09,"_step":12,"Timestep":10,"Accuracy":38.31}