{"_runtime":401,"_step":12,"_timestamp":1.7582224559078257e+09,"Timestep":10,"Accuracy":29.87,"chance_level":10,"Time Taken to Run the Code(Mins)":6.72303542693456,"_wandb":{"runtime":401}}