{"Accuracy":32.41,"chance_level":10,"Time Taken to Run the Code(Mins)":1.9285552342732748,"_wandb":{"runtime":114},"_runtime":114,"_timestamp":1.757090870878856e+09,"_step":12,"Timestep":10}