{"_wandb":{"runtime":766},"_runtime":766,"_step":12,"_timestamp":1.7582022674202197e+09,"chance_level":10,"Timestep":10,"Accuracy":30.46,"Time Taken to Run the Code(Mins)":12.803275179862975}