{"_wandb":{"runtime":550},"_runtime":550,"_timestamp":1.7582084684220114e+09,"_step":12,"Timestep":10,"Accuracy":34.31,"chance_level":10,"Time Taken to Run the Code(Mins)":9.20121652285258}