{"Accuracy":30.08,"chance_level":10,"Timestep":10,"Time Taken to Run the Code(Mins)":6.461680217583974,"_wandb":{"runtime":386},"_runtime":386,"_step":12,"_timestamp":1.7582163613267083e+09}