{"Time Taken to Run the Code(Mins)":7.661777559916178,"_wandb":{"runtime":458},"_runtime":458,"_timestamp":1.7579587514829834e+09,"_step":12,"Timestep":10,"Accuracy":36.9,"chance_level":10}