{"chance_level":10,"Timestep":10,"Time Taken to Run the Code(Mins)":7.140211160977682,"_wandb":{"runtime":426},"_runtime":426,"_timestamp":1.7581954419602025e+09,"_step":12,"Accuracy":31.71}