{"Time Taken to Run the Code(Mins)":4.914909132321676,"_wandb":{"runtime":293},"_runtime":293,"_step":12,"_timestamp":1.7570842420151186e+09,"Timestep":10,"Accuracy":32.53,"chance_level":10}