{"Accuracy":38.11,"chance_level":10,"Time Taken to Run the Code(Mins)":0.3333432952562968,"_wandb":{"runtime":18},"_runtime":18,"_step":12,"_timestamp":1.757422751413882e+09,"Timestep":10}