{"Accuracy":35.86,"chance_level":10,"Time Taken to Run the Code(Mins)":0.33016790946324664,"_wandb":{"runtime":18},"_runtime":18,"_step":12,"_timestamp":1.7574407244043763e+09,"Timestep":10}