{"Time Taken to Run the Code(Mins)":0.32399077812830607,"_wandb":{"runtime":18},"_runtime":18,"_step":12,"_timestamp":1.7574428322947576e+09,"Timestep":10,"Accuracy":38.49,"chance_level":10}