{"chance_level":10,"Timestep":10,"Accuracy":37.52,"Time Taken to Run the Code(Mins)":0.3299775719642639,"_wandb":{"runtime":18},"_runtime":18,"_timestamp":1.7574261923211548e+09,"_step":12}