{"_step":12,"Timestep":10,"Accuracy":29.99,"chance_level":10,"Time Taken to Run the Code(Mins)":7.1281957189242044,"_wandb":{"runtime":426},"_runtime":426,"_timestamp":1.7582115872453363e+09}