{"Timestep":10,"Accuracy":37.52,"chance_level":10,"Time Taken to Run the Code(Mins)":8.629269210497538,"_wandb":{"runtime":516},"_runtime":516,"_timestamp":1.7579332976193998e+09,"_step":12}