{"_wandb":{"runtime":402},"_runtime":402,"_timestamp":1.7581920203508613e+09,"_step":12,"Accuracy":33.83,"chance_level":10,"Timestep":10,"Time Taken to Run the Code(Mins)":6.7434484203656515}