{"Timestep":10,"Accuracy":59.19,"_timestamp":1.751383208786238e+09,"_runtime":15.416833386,"Time Taken to Run the Code(Mins)":0.26091848611831664,"_wandb":{"runtime":15},"_step":11}