{"Timestep":10,"Accuracy":29.92,"Time Taken to Run the Code(Mins)":12.002673637866973,"_wandb":{"runtime":718},"_runtime":718,"_timestamp":1.7582062053547454e+09,"_step":12,"chance_level":10}