{"chance_level":10,"Time Taken to Run the Code(Mins)":10.426206596692403,"_wandb":{"runtime":624},"_runtime":624,"_timestamp":1.7579404509894056e+09,"_step":12,"Timestep":10,"Accuracy":36.74}