{"Timestep":10,"Accuracy":36.81,"chance_level":10,"Time Taken to Run the Code(Mins)":10.584608109792073,"_wandb":{"runtime":633},"_runtime":633,"_timestamp":1.7579408086180441e+09,"_step":12}