{"_timestamp":1.7574252382418451e+09,"Timestep":10,"Accuracy":37.49,"chance_level":10,"Time Taken to Run the Code(Mins)":0.31878987153371174,"_wandb":{"runtime":18},"_runtime":18,"_step":12}