{"_step":12,"Accuracy":35.9,"chance_level":10,"Timestep":10,"Time Taken to Run the Code(Mins)":0.3368784507115682,"_wandb":{"runtime":19},"_runtime":19,"_timestamp":1.7574359407686453e+09}