{"_runtime":497,"_timestamp":1.7579433250133474e+09,"_step":12,"Timestep":10,"Accuracy":38.27,"chance_level":10,"Time Taken to Run the Code(Mins)":8.32049488623937,"_wandb":{"runtime":497}}