{"_timestamp":1.7570902841281703e+09,"_step":12,"Timestep":10,"Accuracy":33.04,"chance_level":10,"Time Taken to Run the Code(Mins)":4.378000871340434,"_wandb":{"runtime":261},"_runtime":261}