{"_runtime":18,"_timestamp":1.7574273079419162e+09,"_step":12,"Timestep":10,"Accuracy":38.4,"chance_level":10,"Time Taken to Run the Code(Mins)":0.3239577293395996,"_wandb":{"runtime":18}}