{"Accuracy":38.41,"chance_level":10,"Time Taken to Run the Code(Mins)":0.3298787037531535,"_wandb":{"runtime":18},"_runtime":18,"_timestamp":1.7574206021008222e+09,"_step":12,"Timestep":10}