{"chance_level":10,"Time Taken to Run the Code(Mins)":4.678492069244385,"_wandb":{"runtime":279},"_runtime":279,"_timestamp":1.7570902999260101e+09,"_step":12,"Timestep":10,"Accuracy":31.05}