{"chance_level":10,"Time Taken to Run the Code(Mins)":8.538441165288289,"_wandb":{"runtime":510},"_runtime":510,"_timestamp":1.7579524085595636e+09,"_step":12,"Timestep":10,"Accuracy":37.26}