{"chance_level":10,"Time Taken to Run the Code(Mins)":0.3264737764994303,"_wandb":{"runtime":18},"_runtime":18,"_timestamp":1.7574299114919033e+09,"_step":12,"Timestep":10,"Accuracy":37.04}