{"chance_level":10,"Time Taken to Run the Code(Mins)":9.644356540838878,"_wandb":{"runtime":576},"_runtime":576,"_timestamp":1.7579412001841142e+09,"_step":12,"Timestep":10,"Accuracy":37.08}