{"_step":12,"Accuracy":30.64,"chance_level":10,"Timestep":10,"Time Taken to Run the Code(Mins)":13.913058733940124,"_wandb":{"runtime":833},"_runtime":833,"_timestamp":1.758202677404273e+09}