{"_step":12,"Timestep":10,"Accuracy":38.35,"chance_level":10,"Time Taken to Run the Code(Mins)":8.676686811447144,"_wandb":{"runtime":519},"_runtime":519,"_timestamp":1.757925796962574e+09}