{"_runtime":602,"_timestamp":1.757932563000661e+09,"_step":12,"Timestep":10,"Accuracy":37.54,"chance_level":10,"Time Taken to Run the Code(Mins)":10.069602636496226,"_wandb":{"runtime":602}}