{"Accuracy":37.49,"chance_level":10,"Timestep":10,"Time Taken to Run the Code(Mins)":0.3342435638109843,"_wandb":{"runtime":19},"_runtime":19,"_step":12,"_timestamp":1.757438180542347e+09}