{"_runtime":576,"_timestamp":1.7579238188196588e+09,"_step":12,"Timestep":10,"Accuracy":38.38,"chance_level":10,"Time Taken to Run the Code(Mins)":9.61967290242513,"_wandb":{"runtime":576}}