{"Accuracy":32.42,"chance_level":10,"Time Taken to Run the Code(Mins)":2.051820087432861,"_wandb":{"runtime":121},"_runtime":121,"_timestamp":1.7570909284833317e+09,"_step":12,"Timestep":10}