{"Timestep":10,"Accuracy":37.98,"chance_level":10,"Time Taken to Run the Code(Mins)":6.880305302143097,"_wandb":{"runtime":411},"_runtime":411,"_timestamp":1.7579573278127136e+09,"_step":12}