{"Time Taken to Run the Code(Mins)":8.823060901959737,"_wandb":{"runtime":526},"_runtime":526,"_timestamp":1.7579427963250537e+09,"_step":12,"Timestep":10,"Accuracy":38.39,"chance_level":10}