{"Time Taken to Run the Code(Mins)":0.3281656901041667,"_wandb":{"runtime":18},"_runtime":18,"_timestamp":1.7574212017296498e+09,"_step":12,"Accuracy":38.37,"chance_level":10,"Timestep":10}