{"Timestep":10,"Accuracy":31.72,"chance_level":10,"Time Taken to Run the Code(Mins)":6.915128978093465,"_wandb":{"runtime":413},"_runtime":413,"_step":12,"_timestamp":1.7581955554231331e+09}