{"_wandb":{"runtime":441},"_runtime":441,"_step":12,"_timestamp":1.7582115900088463e+09,"Timestep":10,"Accuracy":30.02,"chance_level":10,"Time Taken to Run the Code(Mins)":7.3703605016072595}