{"Time Taken to Run the Code(Mins)":0.3354992032051086,"_wandb":{"runtime":18},"_runtime":18,"_timestamp":1.7574278268573036e+09,"_step":12,"Timestep":10,"Accuracy":37.94,"chance_level":10}