{"_runtime":522,"_timestamp":1.7579280149105515e+09,"_step":12,"Timestep":10,"Accuracy":38.38,"chance_level":10,"Time Taken to Run the Code(Mins)":8.726188786824544,"_wandb":{"runtime":522}}