{"_runtime":308,"_timestamp":1.757085230905625e+09,"_step":12,"Accuracy":31.98,"chance_level":10,"Timestep":10,"Time Taken to Run the Code(Mins)":5.1660869518915815,"_wandb":{"runtime":308}}