{"_wandb":{"runtime":514},"_runtime":514,"_step":12,"_timestamp":1.7579333782133405e+09,"Timestep":10,"Accuracy":37.59,"chance_level":10,"Time Taken to Run the Code(Mins)":8.59180618127187}