{"Time Taken to Run the Code(Mins)":10.762780368328094,"_wandb":{"runtime":644},"_runtime":644,"_timestamp":1.7579519062318802e+09,"_step":12,"Timestep":10,"Accuracy":37.83,"chance_level":10}