{"chance_level":10,"Time Taken to Run the Code(Mins)":7.166968520482381,"_wandb":{"runtime":428},"_runtime":428,"_timestamp":1.7579594578310518e+09,"_step":12,"Timestep":10,"Accuracy":36.08}