{"_runtime":16.192137671,"_step":12,"Timestep":10,"MediaLogs/gauss_0.6000000000000001":{"caption":"Noisy Images: gauss 0.6000000000000001","_type":"image-file","sha256":"71e7e49c617876a92187f5f8ac37579a945a9374c00d35e39fc54ca17076c745","size":21734,"path":"media/images/MediaLogs/gauss_0.6000000000000001_0_71e7e49c617876a92187.png","format":"png","width":138,"height":70},"chance_level":10,"Time Taken to Run the Code(Mins)":0.274970801671346,"_wandb":{"runtime":16},"Accuracy":51.12,"_timestamp":1.751647194447321e+09}