{"Time Taken to Run the Code(Mins)":7.480224061012268,"_wandb":{"runtime":447},"_runtime":447,"_timestamp":1.7579480445103872e+09,"_step":12,"Timestep":10,"Accuracy":36.01,"chance_level":10}