{"_step":12,"Accuracy":27.58,"Time Taken to Run the Code(Mins)":0.2718212525049845,"_runtime":16.00382092,"MediaLogs/gauss_0.6":{"caption":"Noisy Images: gauss 0.6","_type":"image-file","sha256":"71e7e49c617876a92187f5f8ac37579a945a9374c00d35e39fc54ca17076c745","size":21734,"path":"media/images/MediaLogs/gauss_0.6_0_71e7e49c617876a92187.png","format":"png","width":138,"height":70},"chance_level":10,"Timestep":10,"_wandb":{"runtime":16},"_timestamp":1.7519645592541256e+09}