{"_runtime":498,"_timestamp":1.7582126143117554e+09,"_step":12,"Accuracy":29.43,"chance_level":10,"Timestep":10,"Time Taken to Run the Code(Mins)":8.335960515340169,"_wandb":{"runtime":498}}