{"chance_level":10,"Time Taken to Run the Code(Mins)":10.750847645600636,"_wandb":{"runtime":643},"_runtime":643,"_timestamp":1.757941936353813e+09,"_step":12,"Timestep":10,"Accuracy":36.43}