{"_step":12,"_timestamp":1.7570781762590542e+09,"chance_level":10,"Timestep":10,"Accuracy":33.18,"Time Taken to Run the Code(Mins)":4.542846282323201,"_wandb":{"runtime":271},"_runtime":271}