{"chance_level":10,"Timestep":10,"Accuracy":31.35,"Time Taken to Run the Code(Mins)":7.446707348028819,"_wandb":{"runtime":445},"_runtime":445,"_step":12,"_timestamp":1.7581965431659334e+09}