{"Timestep":10,"Accuracy":31.93,"chance_level":10,"Time Taken to Run the Code(Mins)":4.1815996448198955,"_wandb":{"runtime":249},"_runtime":249,"_timestamp":1.7570880048427892e+09,"_step":12}