{"Accuracy":38.27,"chance_level":10,"Time Taken to Run the Code(Mins)":0.33765755891799926,"_wandb":{"runtime":19},"_runtime":19,"_step":12,"_timestamp":1.7574371595086632e+09,"Timestep":10}