{"chance_level":10,"Time Taken to Run the Code(Mins)":7.916242782274882,"_wandb":{"runtime":473},"_runtime":473,"_step":12,"_timestamp":1.7582088812632174e+09,"Timestep":10,"Accuracy":31.73}