{"_timestamp":1.7581897264055753e+09,"_step":12,"Timestep":10,"Accuracy":34.22,"chance_level":10,"Time Taken to Run the Code(Mins)":6.810113366444906,"_wandb":{"runtime":407},"_runtime":407}