{"chance_level":10,"Time Taken to Run the Code(Mins)":9.091003024578095,"_wandb":{"runtime":544},"_runtime":544,"_timestamp":1.7581974219390569e+09,"_step":12,"Timestep":10,"Accuracy":31.1}