{"chance_level":10,"Time Taken to Run the Code(Mins)":9.695654062430064,"_wandb":{"runtime":580},"_runtime":580,"_step":12,"_timestamp":1.7579489836986744e+09,"Timestep":10,"Accuracy":38.31}