{"Accuracy":37.97,"chance_level":10,"Time Taken to Run the Code(Mins)":0.33300979137420655,"_wandb":{"runtime":18},"_runtime":18,"_timestamp":1.7574282886038413e+09,"_step":12,"Timestep":10}