{"_timestamp":1.7581998732020316e+09,"_step":12,"Timestep":10,"Accuracy":33.88,"chance_level":10,"Time Taken to Run the Code(Mins)":7.7995311379432675,"_wandb":{"runtime":466},"_runtime":466}