{"_runtime":18,"_timestamp":1.7574228062649424e+09,"_step":12,"chance_level":10,"Timestep":10,"Accuracy":38.12,"Time Taken to Run the Code(Mins)":0.3340016086896261,"_wandb":{"runtime":18}}