{"_step":12,"_timestamp":1.7574332821320238e+09,"Timestep":10,"Accuracy":37.44,"chance_level":10,"Time Taken to Run the Code(Mins)":0.33668930530548097,"_wandb":{"runtime":18},"_runtime":18}