{"_step":12,"Timestep":10,"Accuracy":31.57,"chance_level":10,"Time Taken to Run the Code(Mins)":13.39825191895167,"_wandb":{"runtime":801},"_runtime":801,"_timestamp":1.7582009292260518e+09}