{"_timestamp":1.7582214928642206e+09,"_step":12,"Timestep":10,"Accuracy":32.53,"chance_level":10,"Time Taken to Run the Code(Mins)":7.1375812212626135,"_wandb":{"runtime":426},"_runtime":426}