{"chance_level":10,"Time Taken to Run the Code(Mins)":7.402209774653117,"_wandb":{"runtime":442},"_runtime":442,"_timestamp":1.7582191914555254e+09,"_step":12,"Timestep":10,"Accuracy":35.91}