{"_timestamp":1.7579236592936485e+09,"_step":12,"Timestep":10,"Accuracy":38.41,"chance_level":10,"Time Taken to Run the Code(Mins)":7.997686640421549,"_wandb":{"runtime":478},"_runtime":478}