{"Timestep":10,"Accuracy":35.15,"chance_level":10,"Time Taken to Run the Code(Mins)":6.033007526397705,"_wandb":{"runtime":360},"_runtime":360,"_step":12,"_timestamp":1.7582139593542888e+09}