{"_wandb":{"runtime":20},"_runtime":20,"_timestamp":1.7611480965936906e+09,"_step":11,"Timestep":10,"Accuracy":51.948507164008916,"chance_level":10}