{"_wandb":{"runtime":19},"_runtime":19,"_step":12,"_timestamp":1.7574365921276066e+09,"Accuracy":38.37,"chance_level":10,"Timestep":10,"Time Taken to Run the Code(Mins)":0.3377340277036031}