{"chance_level":10,"Time Taken to Run the Code(Mins)":8.052100944519044,"_wandb":{"runtime":481},"_runtime":481,"_step":12,"_timestamp":1.7581903348017e+09,"Timestep":10,"Accuracy":34.29}