{"Accuracy":35.95,"chance_level":10,"Time Taken to Run the Code(Mins)":0.3252849578857422,"_wandb":{"runtime":18},"_runtime":18,"_timestamp":1.7574410206624343e+09,"_step":12,"Timestep":10}