{"_wandb":{"runtime":296},"_runtime":296,"_timestamp":1.7570881021508825e+09,"_step":12,"Accuracy":32.01,"chance_level":10,"Timestep":10,"Time Taken to Run the Code(Mins)":4.9579474329948425}