{"Time Taken to Run the Code(Mins)":0.32856436173121134,"_wandb":{"runtime":18},"_runtime":18,"_timestamp":1.7574355882568738e+09,"_step":12,"Timestep":10,"Accuracy":36.42,"chance_level":10}