{"MediaLogs/gauss_0.06":{"caption":"Noisy Images: gauss 0.06","_type":"image-file","sha256":"fb4f18abaa786478c902089c03246b573543818264d6cd766815c05412f01760","size":18959,"path":"media/images/MediaLogs/gauss_0.06_0_fb4f18abaa786478c902.png","format":"png","width":138,"height":70},"Timestep":10,"_step":12,"_wandb":{"runtime":16},"_timestamp":1.7515338247088497e+09,"Time Taken to Run the Code(Mins)":0.27245705127716063,"Accuracy":68.23,"_runtime":16.03990386,"chance_level":10}