{"Time Taken to Run the Code(Mins)":10.0820183634758,"_wandb":{"runtime":603},"_runtime":603,"_timestamp":1.7579325564481363e+09,"_step":12,"Timestep":10,"Accuracy":37.53,"chance_level":10}