{"_runtime":15.823272895,"chance_level":10,"MediaLogs/s&p_0.2":{"width":138,"height":70,"caption":"Noisy Images: s&p 0.2","_type":"image-file","sha256":"258790cc567a266b10ae4c3402110f4a77c2a2ad20e989f48a1132a7e187dd37","size":22652,"path":"media/images/MediaLogs/s&p_0.2_0_258790cc567a266b10ae.png","format":"png"},"_timestamp":1.7515339915283685e+09,"Time Taken to Run the Code(Mins)":0.26880572239557904,"_wandb":{"runtime":15},"Timestep":10,"_step":12,"Accuracy":15.57}