{"_runtime":15.977520573,"Time Taken to Run the Code(Mins)":0.27139509518941246,"_step":12,"Accuracy":52.88,"_timestamp":1.7516475286293197e+09,"chance_level":10,"_wandb":{"runtime":15},"MediaLogs/s&p_0.02":{"height":70,"caption":"Noisy Images: s&p 0.02","_type":"image-file","sha256":"6d9678668fc378e1951bb630f4f538672833bbd927b8b3128ea48471d230098d","size":19693,"path":"media/images/MediaLogs/s&p_0.02_0_6d9678668fc378e1951b.png","format":"png","width":138},"Timestep":10}