{"Timestep":10,"Accuracy":37.5,"Time Taken to Run the Code(Mins)":0.3282980561256409,"_wandb":{"runtime":18},"_runtime":18,"_timestamp":1.7574252119580283e+09,"_step":12,"chance_level":10}