{"_timestamp":1.7513791867820902e+09,"_runtime":15.485807356,"_step":11,"Time Taken to Run the Code(Mins)":0.26200954914093016,"_wandb":{"runtime":15},"Timestep":10,"Accuracy":69.05}