{"_wandb":{"runtime":19},"_runtime":19,"_timestamp":1.7574212289739196e+09,"_step":12,"Timestep":10,"Accuracy":38.37,"chance_level":10,"Time Taken to Run the Code(Mins)":0.3369640588760376}