{"_timestamp":1.758214654501014e+09,"_step":12,"Accuracy":33.25,"chance_level":10,"Timestep":10,"Time Taken to Run the Code(Mins)":7.230720380942027,"_wandb":{"runtime":432},"_runtime":432}