{"Timestep":10,"Accuracy":38.31,"chance_level":10,"Time Taken to Run the Code(Mins)":0.3474032918612162,"_wandb":{"runtime":19},"_runtime":19,"_timestamp":1.7574373785164347e+09,"_step":12}