{"Accuracy":59.73,"Time Taken to Run the Code(Mins)":0.25782116254170734,"_wandb":{"runtime":15},"_timestamp":1.7513838616483536e+09,"_runtime":15.229315466,"_step":11,"Timestep":10}