{"Time Taken to Run the Code(Mins)":2.0734106024106342,"_wandb":{"runtime":122},"_runtime":122,"Timestep":10,"Accuracy":16.438,"chance_level":10,"_timestamp":1.7568253984341562e+09,"_step":11}