{"Time Taken to Run the Code(Mins)":0.26008816957473757,"_wandb":{"runtime":15},"_runtime":15.365298147,"_step":11,"Timestep":10,"Accuracy":57.23,"_timestamp":1.7513838152664037e+09}