{"Time Taken to Run the Code(Mins)":8.239204422632854,"_wandb":{"runtime":492},"_runtime":492,"_timestamp":1.7579570553830416e+09,"_step":12,"Timestep":10,"Accuracy":37.98,"chance_level":10}