{"_timestamp":1.7579565920252857e+09,"_step":12,"chance_level":10,"Timestep":10,"Accuracy":38.41,"Time Taken to Run the Code(Mins)":7.386949682235718,"_wandb":{"runtime":441},"_runtime":441}