{"Timestep":10,"Accuracy":30.15,"chance_level":10,"Time Taken to Run the Code(Mins)":6.315477883815765,"_wandb":{"runtime":377},"_runtime":377,"_timestamp":1.7582228555350084e+09,"_step":12}