{"Timestep":10,"Accuracy":38.37,"chance_level":10,"Time Taken to Run the Code(Mins)":7.707229061921438,"_wandb":{"runtime":460},"_runtime":460,"_step":12,"_timestamp":1.7579567368964987e+09}