{"chance_level":10,"Timestep":10,"Time Taken to Run the Code(Mins)":0.3419106165568034,"_wandb":{"runtime":19},"_runtime":19,"_timestamp":1.7574193998259351e+09,"_step":12,"Accuracy":38.33}