{"Timestep":10,"Accuracy":37.61,"chance_level":10,"Time Taken to Run the Code(Mins)":9.510240280628205,"_wandb":{"runtime":569},"_runtime":569,"_step":12,"_timestamp":1.7579336314686391e+09}