{"chance_level":10,"Timestep":10,"Accuracy":38.33,"Time Taken to Run the Code(Mins)":0.3359370986620585,"_wandb":{"runtime":18},"_runtime":18,"_step":12,"_timestamp":1.757419917615374e+09}