{"MediaLogs/gauss_0.4":{"size":21177,"path":"media/images/MediaLogs/gauss_0.4_0_9e1134f3eccd4afbd08f.png","format":"png","width":138,"height":70,"caption":"Noisy Images: gauss 0.4","_type":"image-file","sha256":"9e1134f3eccd4afbd08f42ea855354228da2f6401a3ca3d434708c91e5131886"},"_step":12,"_wandb":{"runtime":16},"_runtime":16.256949368,"_timestamp":1.7516445791795435e+09,"Timestep":10,"Accuracy":54.97,"chance_level":10,"Time Taken to Run the Code(Mins)":0.27596702973047893}