{"Time Taken to Run the Code(Mins)":8.771148828665416,"_wandb":{"runtime":524},"_runtime":524,"_timestamp":1.7579454807690394e+09,"_step":12,"Accuracy":37.66,"chance_level":10,"Timestep":10}