{"chance_level":10,"Timestep":10,"Accuracy":32.41,"Time Taken to Run the Code(Mins)":7.298515192667643,"_wandb":{"runtime":436},"_runtime":436,"_timestamp":1.758221194024936e+09,"_step":12}