{"Timestep":10,"Accuracy":29.93,"chance_level":10,"Time Taken to Run the Code(Mins)":14.544836139678955,"_wandb":{"runtime":869},"_runtime":869,"_step":12,"_timestamp":1.7582037175235617e+09}