{"MediaLogs/s&p_0.02":{"size":19693,"path":"media/images/MediaLogs/s&p_0.02_0_6d9678668fc378e1951b.png","format":"png","width":138,"height":70,"caption":"Noisy Images: s&p 0.02","_type":"image-file","sha256":"6d9678668fc378e1951bb630f4f538672833bbd927b8b3128ea48471d230098d"},"_runtime":16.070470076,"chance_level":10,"_step":12,"_timestamp":1.7516518126314406e+09,"Accuracy":55.68,"_wandb":{"runtime":16},"Time Taken to Run the Code(Mins)":0.2728460113207499,"Timestep":10}