{"Timestep":10,"Accuracy":38.01,"chance_level":10,"Time Taken to Run the Code(Mins)":10.481160545349121,"_wandb":{"runtime":626},"_runtime":626,"_timestamp":1.7579225697090244e+09,"_step":12}