{"_timestamp":1.759151108788824e+09,"_wandb":{"runtime":273},"_runtime":273,"_step":9,"Reconstruction_Training_with_Timesteps 1/train_loss":0.007099611495062709,"Reconstruction_Training_with_Timesteps 1/test_loss":0.006338430352509022}