{"Time Taken to Run the Code(Mins)":0.2696380098660787,"_timestamp":1.7515312190733325e+09,"MediaLogs/gauss_0.0":{"height":70,"caption":"Noisy Images: gauss 0.0","_type":"image-file","sha256":"1351f578828d886452347dc6a8a5d01cff2cec649d66f35cdd7f696cc437603a","size":18482,"path":"media/images/MediaLogs/gauss_0.0_0_1351f578828d88645234.png","format":"png","width":138},"_step":12,"chance_level":10,"_runtime":15.878841908,"Timestep":10,"_wandb":{"runtime":15},"Accuracy":65.27}