{"Time Taken to Run the Code(Mins)":0.3314397613207499,"_wandb":{"runtime":18},"_runtime":18,"_timestamp":1.7574443855008082e+09,"_step":12,"Timestep":10,"Accuracy":37.3,"chance_level":10}