{"_runtime":15.913850707,"Accuracy":60.37,"chance_level":10,"MediaLogs/s&p_0.0":{"caption":"Noisy Images: s&p 0.0","_type":"image-file","sha256":"1351f578828d886452347dc6a8a5d01cff2cec649d66f35cdd7f696cc437603a","size":18482,"path":"media/images/MediaLogs/s&p_0.0_0_1351f578828d88645234.png","format":"png","width":138,"height":70},"Time Taken to Run the Code(Mins)":0.270362655321757,"_step":12,"Timestep":10,"_wandb":{"runtime":15},"_timestamp":1.7514683120820596e+09}