{"Time Taken to Run the Code(Mins)":7.532281061013539,"_wandb":{"runtime":450},"_runtime":450,"_timestamp":1.7582116040336277e+09,"_step":12,"Timestep":10,"Accuracy":30,"chance_level":10}