{"_wandb":{"runtime":542},"_runtime":542,"_timestamp":1.7579495319587903e+09,"_step":12,"Timestep":10,"Accuracy":38.25,"chance_level":10,"Time Taken to Run the Code(Mins)":9.071376732985179}