{"Time Taken to Run the Code(Mins)":0.3310495615005493,"_wandb":{"runtime":18},"_runtime":18,"_timestamp":1.757433988045641e+09,"_step":12,"chance_level":10,"Timestep":10,"Accuracy":37.52}