{"_step":12,"_timestamp":1.7581951793950021e+09,"Accuracy":31.71,"chance_level":10,"Timestep":10,"Time Taken to Run the Code(Mins)":7.2158606131871545,"_wandb":{"runtime":431},"_runtime":431}