{"Timestep":10,"Accuracy":38.28,"chance_level":10,"Time Taken to Run the Code(Mins)":9.875724744796752,"_wandb":{"runtime":590},"_runtime":590,"_timestamp":1.7579366830954502e+09,"_step":12}