{"_step":12,"chance_level":10,"Timestep":10,"Accuracy":36.72,"Time Taken to Run the Code(Mins)":0.3410348812739054,"_wandb":{"runtime":19},"_runtime":19,"_timestamp":1.7574306440520875e+09}