{"_step":12,"Timestep":10,"Accuracy":37.25,"chance_level":10,"Time Taken to Run the Code(Mins)":7.009078784783681,"_wandb":{"runtime":418},"_runtime":418,"_timestamp":1.7581868045628862e+09}