{"Timestep":10,"Accuracy":32.01,"chance_level":10,"Time Taken to Run the Code(Mins)":9.164369865258534,"_wandb":{"runtime":548},"_runtime":548,"_timestamp":1.7582090594697084e+09,"_step":12}