{"Accuracy":29.64,"Time Taken to Run the Code(Mins)":7.367525021235148,"_wandb":{"runtime":440},"_runtime":440,"_timestamp":1.758222430170533e+09,"_step":12,"chance_level":10,"Timestep":10}