{"chance_level":10,"Time Taken to Run the Code(Mins)":8.365105148156484,"_wandb":{"runtime":500},"_runtime":500,"_timestamp":1.7579438516917558e+09,"_step":12,"Timestep":10,"Accuracy":38.12}