{"Accuracy":37.98,"chance_level":10,"Time Taken to Run the Code(Mins)":0.33558793862660724,"_wandb":{"runtime":19},"_runtime":19,"_timestamp":1.7574435082002735e+09,"_step":12,"Timestep":10}