{"Accuracy":37.17,"chance_level":10,"Time Taken to Run the Code(Mins)":8.23310128847758,"_wandb":{"runtime":492},"_runtime":492,"_timestamp":1.7579460339598289e+09,"_step":12,"Timestep":10}