{"chance_level":10,"Timestep":10,"Time Taken to Run the Code(Mins)":10.845872044563293,"_wandb":{"runtime":648},"_runtime":648,"_timestamp":1.7579416867546113e+09,"_step":12,"Accuracy":36.27}