{"Accuracy":37.42,"Time Taken to Run the Code(Mins)":9.279242793718973,"_wandb":{"runtime":555},"_runtime":555,"_step":12,"_timestamp":1.7579448701185791e+09,"chance_level":10,"Timestep":10}