{"Accuracy":37.33,"chance_level":10,"Time Taken to Run the Code(Mins)":0.33887704610824587,"_wandb":{"runtime":19},"_runtime":19,"_timestamp":1.757444137753896e+09,"_step":12,"Timestep":10}