{"Timestep":10,"Accuracy":30.44,"chance_level":10,"Time Taken to Run the Code(Mins)":6.789278129736583,"_wandb":{"runtime":405},"_runtime":405,"_timestamp":1.7582229237901046e+09,"_step":12}