{"_step":12,"Timestep":10,"Accuracy":36.99,"chance_level":10,"Time Taken to Run the Code(Mins)":9.005385716756185,"_wandb":{"runtime":539},"_runtime":539,"_timestamp":1.7582067559137514e+09}