{"_runtime":277,"_timestamp":1.7570852074158008e+09,"_step":12,"chance_level":10,"Timestep":10,"Accuracy":31.97,"Time Taken to Run the Code(Mins)":4.6537951270739235,"_wandb":{"runtime":277}}