{"Time Taken to Run the Code(Mins)":0.27083704074223836,"_wandb":{"runtime":15},"Timestep":10,"Accuracy":69.69,"_timestamp":1.7513791164635243e+09,"_runtime":15.967881522999999,"_step":11}