{"_step":12,"_timestamp":1.7574173608674626e+09,"Timestep":10,"Accuracy":38.01,"chance_level":10,"Time Taken to Run the Code(Mins)":0.339184041817983,"_wandb":{"runtime":19},"_runtime":19}