{"_runtime":254,"_timestamp":1.757089643847236e+09,"_step":12,"Timestep":10,"Accuracy":31.68,"chance_level":10,"Time Taken to Run the Code(Mins)":4.33839422861735,"_wandb":{"runtime":254}}