{"Time Taken to Run the Code(Mins)":2.0199527899424234,"_wandb":{"runtime":119},"_runtime":119,"_step":11,"Timestep":10,"Accuracy":61.308,"chance_level":10,"_timestamp":1.75621205704774e+09}