{"_timestamp":1.7582165392100866e+09,"Timestep":10,"Accuracy":30.3,"chance_level":10,"Time Taken to Run the Code(Mins)":7.526646411418914,"_wandb":{"runtime":450},"_runtime":450,"_step":12}