{"chance_level":10,"Time Taken to Run the Code(Mins)":8.847391339143117,"_wandb":{"runtime":529},"_runtime":529,"_step":12,"_timestamp":1.7579487189569418e+09,"Timestep":10,"Accuracy":36.14}