{"_runtime":491,"_timestamp":1.7582121256545384e+09,"_step":12,"Accuracy":29.36,"chance_level":10,"Timestep":10,"Time Taken to Run the Code(Mins)":8.220273959636689,"_wandb":{"runtime":491}}