{"chance_level":10,"Time Taken to Run the Code(Mins)":0.355743678410848,"_wandb":{"runtime":20},"_runtime":20,"_timestamp":1.757426548386126e+09,"_step":12,"Timestep":10,"Accuracy":37.54}