{"Accuracy":38.19,"chance_level":10,"Time Taken to Run the Code(Mins)":7.946485920747121,"_wandb":{"runtime":474},"_runtime":474,"_timestamp":1.7579444876507785e+09,"_step":12,"Timestep":10}