{"Timestep":10,"Accuracy":36.52,"chance_level":10,"Time Taken to Run the Code(Mins)":11.423514227072397,"_wandb":{"runtime":682},"_runtime":682,"_timestamp":1.7579428384674819e+09,"_step":12}