{"_runtime":19,"_timestamp":1.7574323050125043e+09,"_step":12,"chance_level":10,"Timestep":10,"Accuracy":38.22,"Time Taken to Run the Code(Mins)":0.3343574047088623,"_wandb":{"runtime":19}}