{"_step":12,"_timestamp":1.7574161911299958e+09,"Timestep":10,"Accuracy":38.06,"chance_level":10,"Time Taken to Run the Code(Mins)":8.289804585774739,"_wandb":{"runtime":496},"_runtime":496}