{"_timestamp":1.7579553131577213e+09,"_step":12,"Timestep":10,"Accuracy":38.21,"chance_level":10,"Time Taken to Run the Code(Mins)":7.503353802363078,"_wandb":{"runtime":448},"_runtime":448}