{"Accuracy":38.01,"chance_level":10,"Time Taken to Run the Code(Mins)":0.33070468505223594,"_wandb":{"runtime":18},"_runtime":18,"_step":12,"_timestamp":1.7574325763319829e+09,"Timestep":10}