{"_runtime":19,"_timestamp":1.757417279064045e+09,"_step":12,"Timestep":10,"Accuracy":38.01,"chance_level":10,"Time Taken to Run the Code(Mins)":0.35132394631703695,"_wandb":{"runtime":19}}