{"Timestep":10,"Time Taken to Run the Code(Mins)":6.977816081047058,"_wandb":{"runtime":417},"_runtime":417,"_timestamp":1.7582083118182802e+09,"_step":12,"Accuracy":34.36,"chance_level":10}