{"Time Taken to Run the Code(Mins)":4.413941971460978,"_wandb":{"runtime":263},"_runtime":263,"_step":12,"_timestamp":1.7570833200974956e+09,"Accuracy":33.08,"chance_level":10,"Timestep":10}