{"_timestamp":1.7582192795601933e+09,"_step":12,"Timestep":10,"Accuracy":35.95,"chance_level":10,"Time Taken to Run the Code(Mins)":6.393212445576986,"_wandb":{"runtime":382},"_runtime":382}