{"chance_level":10,"Timestep":10,"Accuracy":37.04,"Time Taken to Run the Code(Mins)":9.4084423383077,"_wandb":{"runtime":562},"_runtime":562,"_timestamp":1.7579460106174088e+09,"_step":12}