{"_step":12,"Timestep":10,"Accuracy":33.91,"chance_level":10,"Time Taken to Run the Code(Mins)":6.821052567164103,"_wandb":{"runtime":407},"_runtime":407,"_timestamp":1.7581937190256364e+09}