{"_runtime":493,"_timestamp":1.757923705580033e+09,"_step":12,"chance_level":10,"Timestep":10,"Accuracy":38.4,"Time Taken to Run the Code(Mins)":8.242951707045238,"_wandb":{"runtime":493}}