{"_timestamp":1.7574278536397128e+09,"_step":12,"Timestep":10,"Accuracy":37.92,"chance_level":10,"Time Taken to Run the Code(Mins)":0.3293869932492574,"_wandb":{"runtime":18},"_runtime":18}