{"_timestamp":1.7581884052821107e+09,"_step":12,"Timestep":10,"Accuracy":35.81,"chance_level":10,"Time Taken to Run the Code(Mins)":6.897574452559153,"_wandb":{"runtime":411},"_runtime":411}