{"_runtime":430,"_timestamp":1.7582202066506374e+09,"_step":12,"Timestep":10,"Accuracy":34.19,"chance_level":10,"Time Taken to Run the Code(Mins)":7.201198156674703,"_wandb":{"runtime":430}}