{"_wandb":{"runtime":570},"_runtime":570,"_step":12,"_timestamp":1.7579417868640802e+09,"Timestep":10,"Accuracy":36.36,"chance_level":10,"Time Taken to Run the Code(Mins)":9.53438397248586}