{"_runtime":403,"_timestamp":1.7582156304918833e+09,"_step":12,"Timestep":10,"Accuracy":31.26,"chance_level":10,"Time Taken to Run the Code(Mins)":6.739042961597443,"_wandb":{"runtime":403}}