{"_runtime":18,"_step":12,"_timestamp":1.7574348843786201e+09,"Timestep":10,"Accuracy":36.22,"chance_level":10,"Time Taken to Run the Code(Mins)":0.3283700188000997,"_wandb":{"runtime":18}}