{"_timestamp":1.7574338815659497e+09,"Timestep":10,"Accuracy":37.49,"chance_level":10,"Time Taken to Run the Code(Mins)":0.335430375734965,"_wandb":{"runtime":18},"_runtime":18,"_step":12}