{"_wandb":{"runtime":18},"_runtime":18,"_timestamp":1.757440294230369e+09,"_step":12,"Accuracy":36.48,"chance_level":10,"Timestep":10,"Time Taken to Run the Code(Mins)":0.32713106473286946}