{"chance_level":10,"Time Taken to Run the Code(Mins)":6.61757663488388,"_wandb":{"runtime":395},"_runtime":395,"_timestamp":1.7581907502058094e+09,"_step":12,"Timestep":10,"Accuracy":34.05}