{"chance_level":10,"_wandb":{"runtime":16},"Time Taken to Run the Code(Mins)":0.2721640070279439,"MediaLogs/gauss_0.02":{"height":70,"caption":"Noisy Images: gauss 0.02","_type":"image-file","sha256":"5e20f382c4cf0c521504d5dacaefd9b6ba260472feb927e28d65237353ec6f3f","size":18675,"path":"media/images/MediaLogs/gauss_0.02_0_5e20f382c4cf0c521504.png","format":"png","width":138},"Accuracy":54.24,"Timestep":10,"_runtime":16.032457755,"_step":12,"_timestamp":1.7515304578855445e+09}