{"Timestep":10,"Accuracy":38.38,"chance_level":10,"Time Taken to Run the Code(Mins)":8.641641648610433,"_wandb":{"runtime":516},"_runtime":516,"_timestamp":1.7579280321862288e+09,"_step":12}