{"_wandb":{"runtime":410},"_runtime":410,"_timestamp":1.7582150831406066e+09,"_step":12,"Timestep":10,"Accuracy":33.5,"chance_level":10,"Time Taken to Run the Code(Mins)":6.871783022085825}