{"_step":12,"chance_level":10,"MediaLogs/gauss_0.0":{"format":"png","width":138,"height":70,"caption":"Noisy Images: gauss 0.0","_type":"image-file","sha256":"1351f578828d886452347dc6a8a5d01cff2cec649d66f35cdd7f696cc437603a","size":18482,"path":"media/images/MediaLogs/gauss_0.0_0_1351f578828d88645234.png"},"Time Taken to Run the Code(Mins)":0.2736566185951233,"Accuracy":59.58,"_wandb":{"runtime":16},"_timestamp":1.7515465176991544e+09,"Timestep":10,"_runtime":16.11894358}