{"_runtime":310,"_timestamp":1.7570851669520173e+09,"_step":12,"Timestep":10,"Accuracy":31.95,"chance_level":10,"Time Taken to Run the Code(Mins)":5.204717175165812,"_wandb":{"runtime":310}}