{"_wandb":{"runtime":18},"_runtime":18,"_step":12,"_timestamp":1.7574310794741158e+09,"Timestep":10,"Accuracy":36.33,"chance_level":10,"Time Taken to Run the Code(Mins)":0.3301259438196818}