{"_runtime":689,"_step":12,"_timestamp":1.757942682850966e+09,"chance_level":10,"Timestep":10,"Accuracy":36.51,"Time Taken to Run the Code(Mins)":11.521359960238138,"_wandb":{"runtime":689}}