{"_timestamp":1.7579337589992247e+09,"_step":12,"Accuracy":37.64,"chance_level":10,"Timestep":10,"Time Taken to Run the Code(Mins)":9.777980522314708,"_wandb":{"runtime":585},"_runtime":585}