{"chance_level":10,"Time Taken to Run the Code(Mins)":8.12978780666987,"_wandb":{"runtime":486},"_runtime":486,"_timestamp":1.7582078670863073e+09,"_step":12,"Timestep":10,"Accuracy":34.27}