{"chance_level":10,"Time Taken to Run the Code(Mins)":0.3371491312980652,"_wandb":{"runtime":19},"_runtime":19,"_timestamp":1.7574337463471267e+09,"_step":12,"Timestep":10,"Accuracy":37.41}