{"_wandb":{"runtime":492},"_runtime":492,"_timestamp":1.758193066357242e+09,"_step":12,"Timestep":10,"Accuracy":36.55,"chance_level":10,"Time Taken to Run the Code(Mins)":8.241031916936238}