{"_timestamp":1.7574350992892563e+09,"_step":12,"Timestep":10,"Accuracy":36.32,"chance_level":10,"Time Taken to Run the Code(Mins)":0.32658983071645104,"_wandb":{"runtime":18},"_runtime":18}