{"_timestamp":1.7574402675899136e+09,"_step":12,"Timestep":10,"Accuracy":36.45,"chance_level":10,"Time Taken to Run the Code(Mins)":0.3290398120880127,"_wandb":{"runtime":18},"_runtime":18}