{"_wandb":{"runtime":15},"Timestep":10,"Accuracy":69.69,"_timestamp":1.7513751040926666e+09,"_runtime":15.39289428,"_step":11,"Time Taken to Run the Code(Mins)":0.2606086095174154}