{"_step":12,"Timestep":10,"Accuracy":31.35,"chance_level":10,"Time Taken to Run the Code(Mins)":7.661309333642324,"_wandb":{"runtime":458},"_runtime":458,"_timestamp":1.7581966655316434e+09}