{"Timestep":10,"Accuracy":38.37,"chance_level":10,"Time Taken to Run the Code(Mins)":9.033731003602346,"_wandb":{"runtime":540},"_runtime":540,"_timestamp":1.7579258312712848e+09,"_step":12}