{"Accuracy":38.21,"chance_level":10,"Time Taken to Run the Code(Mins)":7.050570929050446,"_wandb":{"runtime":421},"_runtime":421,"_timestamp":1.7579554688668988e+09,"_step":12,"Timestep":10}