{"Time Taken to Run the Code(Mins)":0.26074666579564415,"_wandb":{"runtime":15},"Timestep":10,"Accuracy":69.88,"_timestamp":1.7513770078490767e+09,"_runtime":15.399945115,"_step":11}