{"_runtime":488,"_timestamp":1.7579263607080104e+09,"_step":12,"Timestep":10,"Accuracy":38.43,"chance_level":10,"Time Taken to Run the Code(Mins)":8.185510607560476,"_wandb":{"runtime":488}}