{"Accuracy":32.41,"chance_level":10,"Time Taken to Run the Code(Mins)":7.26498992840449,"_wandb":{"runtime":434},"_runtime":434,"_timestamp":1.7582211764348693e+09,"_step":12,"Timestep":10}