{"Time Taken to Run the Code(Mins)":4.431946595509847,"_wandb":{"runtime":264},"_runtime":264,"_timestamp":1.7570854861727974e+09,"_step":12,"Timestep":10,"Accuracy":31.89,"chance_level":10}