{"_runtime":701,"_step":12,"_timestamp":1.7582010055534232e+09,"Timestep":10,"Accuracy":31.77,"chance_level":10,"Time Taken to Run the Code(Mins)":11.705280431111653,"_wandb":{"runtime":701}}