{"chance_level":10,"Timestep":10,"Time Taken to Run the Code(Mins)":7.2614189426104225,"_wandb":{"runtime":434},"_runtime":434,"_timestamp":1.7579556875215511e+09,"_step":12,"Accuracy":38.18}