{"Accuracy":37.51,"Time Taken to Run the Code(Mins)":0.27272960742314656,"_wandb":{"runtime":16},"_runtime":16.060682725,"_step":12,"chance_level":10,"MediaLogs/gauss_0.6000000000000001":{"width":138,"height":70,"caption":"Noisy Images: gauss 0.6000000000000001","_type":"image-file","sha256":"71e7e49c617876a92187f5f8ac37579a945a9374c00d35e39fc54ca17076c745","size":21734,"path":"media/images/MediaLogs/gauss_0.6000000000000001_0_71e7e49c617876a92187.png","format":"png"},"Timestep":10,"_timestamp":1.7516426182183619e+09}