{"_runtime":567,"_timestamp":1.7579524816110792e+09,"_step":12,"Timestep":10,"Accuracy":37.13,"chance_level":10,"Time Taken to Run the Code(Mins)":9.480842200915019,"_wandb":{"runtime":567}}