{"Timestep":10,"Accuracy":37.13,"chance_level":10,"Time Taken to Run the Code(Mins)":8.500467789173126,"_wandb":{"runtime":508},"_runtime":508,"_step":12,"_timestamp":1.7582073112410567e+09}