{"_timestamp":1.7570836299490628e+09,"_step":12,"Timestep":10,"Accuracy":32.71,"chance_level":10,"Time Taken to Run the Code(Mins)":4.993573745091756,"_wandb":{"runtime":298},"_runtime":298}