{"_timestamp":1.7574454497882624e+09,"_step":12,"Timestep":10,"Accuracy":36.95,"chance_level":10,"Time Taken to Run the Code(Mins)":0.3298675775527954,"_wandb":{"runtime":18},"_runtime":18}