{"Timestep":10,"Accuracy":38.33,"chance_level":10,"Time Taken to Run the Code(Mins)":0.3350875496864319,"_wandb":{"runtime":19},"_runtime":19,"_timestamp":1.7574193450999708e+09,"_step":12}