{"Time Taken to Run the Code(Mins)":1.173253341515859,"_wandb":{"runtime":68},"_runtime":68,"_timestamp":1.7574168394921472e+09,"_step":12,"Timestep":10,"Accuracy":38.07,"chance_level":10}