{"Time Taken to Run the Code(Mins)":4.306170284748077,"_wandb":{"runtime":257},"_runtime":257,"_step":12,"_timestamp":1.7570839260081122e+09,"Timestep":10,"Accuracy":33.15,"chance_level":10}