{"_runtime":521,"_step":12,"_timestamp":1.7579547230631118e+09,"chance_level":10,"Timestep":10,"Accuracy":36.18,"Time Taken to Run the Code(Mins)":8.720237978299458,"_wandb":{"runtime":521}}