{"_wandb":{"runtime":16},"_step":12,"chance_level":10,"Accuracy":43.07,"_timestamp":1.751638705147776e+09,"_runtime":16.636039608,"Timestep":10,"MediaLogs/s&p_0.04":{"width":138,"height":70,"caption":"Noisy Images: s&p 0.04","_type":"image-file","sha256":"baea8452707910ea8f11d21702ce13dee1e2cd0558f06ac1145b6522d5554591","size":20448,"path":"media/images/MediaLogs/s&p_0.04_0_baea8452707910ea8f11.png","format":"png"},"Time Taken to Run the Code(Mins)":0.2824039300282796}