{"Accuracy":36.09,"chance_level":10,"Time Taken to Run the Code(Mins)":0.3250389575958252,"_wandb":{"runtime":18},"_runtime":18,"_timestamp":1.7574457460331945e+09,"_step":12,"Timestep":10}