{"_runtime":411,"_timestamp":1.7582150710930157e+09,"_step":12,"Timestep":10,"Accuracy":33.47,"chance_level":10,"Time Taken to Run the Code(Mins)":6.883675376574199,"_wandb":{"runtime":411}}