{"_wandb":{"runtime":275},"_runtime":275,"_timestamp":1.7570884448034708e+09,"_step":12,"Timestep":10,"Accuracy":31.3,"chance_level":10,"Time Taken to Run the Code(Mins)":4.618502096335093}