{"Time Taken to Run the Code(Mins)":0.33011743625005086,"_wandb":{"runtime":18},"_runtime":18,"_timestamp":1.7574417497731392e+09,"_step":12,"Timestep":10,"Accuracy":38.25,"chance_level":10}