{"_wandb":{"runtime":441},"_runtime":441,"_timestamp":1.757958177581301e+09,"_step":12,"Timestep":10,"Accuracy":37.42,"chance_level":10,"Time Taken to Run the Code(Mins)":7.376435458660126}