{"_wandb":{"runtime":297},"_runtime":297,"_timestamp":1.7570878468310688e+09,"_step":12,"Timestep":10,"Accuracy":32.51,"chance_level":10,"Time Taken to Run the Code(Mins)":4.981062042713165}