{"_wandb":{"runtime":16},"_step":12,"chance_level":10,"Time Taken to Run the Code(Mins)":0.2752845009167989,"Accuracy":58.77,"MediaLogs/gauss_0.06":{"_type":"image-file","sha256":"fb4f18abaa786478c902089c03246b573543818264d6cd766815c05412f01760","size":18959,"path":"media/images/MediaLogs/gauss_0.06_0_fb4f18abaa786478c902.png","format":"png","width":138,"height":70,"caption":"Noisy Images: gauss 0.06"},"Timestep":10,"_timestamp":1.751470920742923e+09,"_runtime":16.2078811}