{"Time Taken to Run the Code(Mins)":6.170122071107229,"_wandb":{"runtime":368},"_runtime":368,"_timestamp":1.758220602787535e+09,"_step":12,"Timestep":10,"Accuracy":31.91,"chance_level":10}