{"_wandb":{"runtime":490},"_runtime":490,"_timestamp":1.7579571035938268e+09,"_step":12,"Timestep":10,"Accuracy":37.93,"chance_level":10,"Time Taken to Run the Code(Mins)":8.20179742972056}