{"_timestamp":1.757425971307154e+09,"_step":12,"Accuracy":37.51,"chance_level":10,"Timestep":10,"Time Taken to Run the Code(Mins)":0.3349505106608073,"_wandb":{"runtime":19},"_runtime":19}