{"_timestamp":1.7581925382787719e+09,"_step":12,"Accuracy":36.38,"chance_level":10,"Timestep":10,"Time Taken to Run the Code(Mins)":7.493389630317688,"_wandb":{"runtime":448},"_runtime":448}