{"_runtime":499,"_timestamp":1.75794341857985e+09,"_step":12,"Timestep":10,"Accuracy":38.25,"chance_level":10,"Time Taken to Run the Code(Mins)":8.353451764583587,"_wandb":{"runtime":499}}