{"chance_level":10,"Time Taken to Run the Code(Mins)":10.415876189867655,"_wandb":{"runtime":622},"_runtime":622,"_timestamp":1.7579225657915747e+09,"_step":12,"Timestep":10,"Accuracy":38.05}