{"_wandb":{"runtime":582},"_runtime":582,"_step":12,"_timestamp":1.757936147179013e+09,"Timestep":10,"Accuracy":38.31,"chance_level":10,"Time Taken to Run the Code(Mins)":9.728148380915323}