{"Time Taken to Run the Code(Mins)":7.604068926970164,"_wandb":{"runtime":455},"_runtime":455,"_timestamp":1.7581888658580644e+09,"_step":12,"Accuracy":34.7,"chance_level":10,"Timestep":10}