{"_runtime":15.2907524,"_step":11,"Timestep":10,"Accuracy":70.62,"Time Taken to Run the Code(Mins)":0.25893152952194215,"_wandb":{"runtime":15},"_timestamp":1.7513793501651855e+09}