{"Accuracy":36.58,"chance_level":10,"Time Taken to Run the Code(Mins)":8.971340886751811,"_wandb":{"runtime":536},"_runtime":536,"_step":12,"_timestamp":1.7579532625974543e+09,"Timestep":10}