{"_timestamp":1.751551936718392e+09,"_step":12,"Timestep":10,"chance_level":10,"Accuracy":40.55,"Time Taken to Run the Code(Mins)":0.273559300104777,"_runtime":16.107563453,"_wandb":{"runtime":16},"MediaLogs/gauss_0.04":{"sha256":"bc6a87b22c7ea2ae3c6b1a757398b7c4a6f48fe11c0f65de8a9386900ca6d63b","size":18834,"path":"media/images/MediaLogs/gauss_0.04_0_bc6a87b22c7ea2ae3c6b.png","format":"png","width":138,"height":70,"caption":"Noisy Images: gauss 0.04","_type":"image-file"}}