{"chance_level":10,"Timestep":10,"Time Taken to Run the Code(Mins)":12.883829589684805,"_wandb":{"runtime":771},"_runtime":771,"_timestamp":1.757929334942646e+09,"_step":12,"Accuracy":38.34}