{"_runtime":557,"_timestamp":1.757951233172685e+09,"_step":12,"Timestep":10,"Accuracy":37.72,"chance_level":10,"Time Taken to Run the Code(Mins)":9.318512260913849,"_wandb":{"runtime":557}}