{"_step":12,"_timestamp":1.758193310472005e+09,"Accuracy":33.77,"chance_level":10,"Timestep":10,"Time Taken to Run the Code(Mins)":7.0328300515810644,"_wandb":{"runtime":420},"_runtime":420}