{"_runtime":428,"_timestamp":1.7582146366241043e+09,"_step":12,"Accuracy":32.96,"chance_level":10,"Timestep":10,"Time Taken to Run the Code(Mins)":7.167452605565389,"_wandb":{"runtime":428}}