{"_wandb":{"runtime":458},"_runtime":458,"_timestamp":1.7582106566499376e+09,"_step":12,"Timestep":10,"Accuracy":30.8,"chance_level":10,"Time Taken to Run the Code(Mins)":7.663374507427216}