{"Timestep":10,"Accuracy":38.32,"chance_level":10,"Time Taken to Run the Code(Mins)":0.3314573645591736,"_wandb":{"runtime":18},"_runtime":18,"_timestamp":1.7574367810385962e+09,"_step":12}