{"chance_level":10,"Time Taken to Run the Code(Mins)":7.662384541829427,"_wandb":{"runtime":458},"_runtime":458,"_timestamp":1.7582194735466168e+09,"_step":12,"Timestep":10,"Accuracy":36.08}