{"_wandb":{"runtime":18},"_runtime":18,"_timestamp":1.7574276607896762e+09,"_step":12,"Timestep":10,"Accuracy":37.93,"chance_level":10,"Time Taken to Run the Code(Mins)":0.3309386452039083}