{"Accuracy":38.38,"chance_level":10,"Time Taken to Run the Code(Mins)":8.42374135653178,"_wandb":{"runtime":503},"_runtime":503,"_timestamp":1.7579248474213917e+09,"_step":12,"Timestep":10}