{"_step":12,"_timestamp":1.7574416695201142e+09,"Timestep":10,"Accuracy":38.26,"chance_level":10,"Time Taken to Run the Code(Mins)":0.3433197259902954,"_wandb":{"runtime":19},"_runtime":19}