{"_runtime":18,"_timestamp":1.7574213902798045e+09,"_step":12,"Timestep":10,"Accuracy":38.39,"chance_level":10,"Time Taken to Run the Code(Mins)":0.3277724623680115,"_wandb":{"runtime":18}}