{"Time Taken to Run the Code(Mins)":0.26556100845336916,"_wandb":{"runtime":15},"_timestamp":1.7513794436029842e+09,"_runtime":15.672292719,"_step":11,"Timestep":10,"Accuracy":69.88}