{"Time Taken to Run the Code(Mins)":7.136317308743795,"_wandb":{"runtime":426},"_runtime":426,"_timestamp":1.758193568534192e+09,"_step":12,"Timestep":10,"Accuracy":33.91,"chance_level":10}