{"Timestep":10,"Accuracy":32.72,"chance_level":10,"Time Taken to Run the Code(Mins)":4.839763613541921,"_wandb":{"runtime":289},"_runtime":289,"_timestamp":1.7570836206512249e+09,"_step":12}