{"chance_level":10,"Time Taken to Run the Code(Mins)":6.371414923667908,"_wandb":{"runtime":380},"_runtime":380,"_timestamp":1.7581960675467808e+09,"_step":12,"Timestep":10,"Accuracy":31.45}