{"Time Taken to Run the Code(Mins)":0.27068567673365274,"Timestep":10,"_step":12,"_timestamp":1.7519617797355266e+09,"MediaLogs/gauss_0.6000000000000001":{"height":70,"caption":"Noisy Images: gauss 0.6000000000000001","_type":"image-file","sha256":"71e7e49c617876a92187f5f8ac37579a945a9374c00d35e39fc54ca17076c745","size":21734,"path":"media/images/MediaLogs/gauss_0.6000000000000001_0_71e7e49c617876a92187.png","format":"png","width":138},"Accuracy":43.61,"chance_level":10,"_wandb":{"runtime":15},"_runtime":15.94020198}