{"_step":12,"Accuracy":36.41,"chance_level":10,"Timestep":10,"Time Taken to Run the Code(Mins)":10.682331216335296,"_wandb":{"runtime":639},"_runtime":639,"_timestamp":1.7579421381458375e+09}