{"_wandb":{"runtime":455},"_runtime":455,"_timestamp":1.7579490205966408e+09,"_step":12,"chance_level":10,"Timestep":10,"Accuracy":38.26,"Time Taken to Run the Code(Mins)":7.6138423681259155}