{"Accuracy":38.3,"chance_level":10,"Time Taken to Run the Code(Mins)":10.541721753279369,"_wandb":{"runtime":631},"_runtime":631,"_timestamp":1.7579298987450798e+09,"_step":12,"Timestep":10}