{"Timestep":10,"Accuracy":33.2,"chance_level":10,"Time Taken to Run the Code(Mins)":4.549955948193868,"_wandb":{"runtime":271},"_runtime":271,"_timestamp":1.7570858693613238e+09,"_step":12}