{"_wandb":{"runtime":19},"_runtime":19,"_timestamp":1.7574205194232397e+09,"_step":12,"Timestep":10,"Accuracy":38.41,"chance_level":10,"Time Taken to Run the Code(Mins)":0.3440881292025248}