{"chance_level":10,"Time Taken to Run the Code(Mins)":7.123269081115723,"_wandb":{"runtime":426},"_runtime":426,"_timestamp":1.7581901756949728e+09,"_step":12,"Timestep":10,"Accuracy":34.25}