{"chance_level":10,"Timestep":10,"Time Taken to Run the Code(Mins)":8.397482200463612,"_wandb":{"runtime":502},"_runtime":502,"_timestamp":1.7579433312501676e+09,"_step":12,"Accuracy":38.24}