{"_step":12,"_timestamp":1.7582184780630486e+09,"Timestep":10,"Accuracy":37.93,"chance_level":10,"Time Taken to Run the Code(Mins)":6.612334930896759,"_wandb":{"runtime":395},"_runtime":395}