{"_step":12,"_timestamp":1.7574162168039768e+09,"Timestep":10,"Accuracy":38.01,"chance_level":10,"Time Taken to Run the Code(Mins)":8.724592876434325,"_wandb":{"runtime":522},"_runtime":522}