{"Timestep":10,"Accuracy":33.07,"chance_level":10,"Time Taken to Run the Code(Mins)":3.568529462814331,"_wandb":{"runtime":213},"_runtime":213,"_timestamp":1.757083013925723e+09,"_step":12}