{"chance_level":10,"Timestep":10,"Time Taken to Run the Code(Mins)":4.680720527966817,"_wandb":{"runtime":247},"_runtime":247,"_step":12,"_timestamp":1.757091477053216e+09,"Accuracy":31.09}