{"_timestamp":1.758221569160217e+09,"_step":12,"Timestep":10,"Accuracy":30.57,"chance_level":10,"Time Taken to Run the Code(Mins)":7.357678572336833,"_wandb":{"runtime":439},"_runtime":439}