{"_runtime":551,"_timestamp":1.7579530587828991e+09,"_step":12,"Timestep":10,"Accuracy":36.36,"chance_level":10,"Time Taken to Run the Code(Mins)":9.227889847755431,"_wandb":{"runtime":551}}