{"_runtime":16.039580374,"_wandb":{"runtime":16},"Accuracy":42.87,"MediaLogs/gauss_0.6000000000000001":{"format":"png","width":138,"height":70,"caption":"Noisy Images: gauss 0.6000000000000001","_type":"image-file","sha256":"71e7e49c617876a92187f5f8ac37579a945a9374c00d35e39fc54ca17076c745","size":21734,"path":"media/images/MediaLogs/gauss_0.6000000000000001_0_71e7e49c617876a92187.png"},"chance_level":10,"Time Taken to Run the Code(Mins)":0.2723115007082621,"_timestamp":1.751641512157209e+09,"Timestep":10,"_step":12}