{"Time Taken to Run the Code(Mins)":0.27134942611058555,"_timestamp":1.7515337752962458e+09,"_runtime":15.972429332,"chance_level":10,"_step":12,"MediaLogs/gauss_0.04":{"size":18834,"path":"media/images/MediaLogs/gauss_0.04_0_bc6a87b22c7ea2ae3c6b.png","format":"png","width":138,"height":70,"caption":"Noisy Images: gauss 0.04","_type":"image-file","sha256":"bc6a87b22c7ea2ae3c6b1a757398b7c4a6f48fe11c0f65de8a9386900ca6d63b"},"Timestep":10,"_wandb":{"runtime":15},"Accuracy":58.85}