{"chance_level":10,"Time Taken to Run the Code(Mins)":2.890188543001811,"_wandb":{"runtime":172},"_runtime":172,"_step":12,"_timestamp":1.7570833565166945e+09,"Timestep":10,"Accuracy":32.84}