{"_step":12,"Timestep":10,"Accuracy":38.01,"chance_level":10,"Time Taken to Run the Code(Mins)":10.734813729921976,"_wandb":{"runtime":642},"_runtime":642,"_timestamp":1.7579232240247018e+09}