{"_wandb":{"runtime":536},"_runtime":536,"_timestamp":1.7579536343174202e+09,"_step":12,"Accuracy":36.87,"chance_level":10,"Timestep":10,"Time Taken to Run the Code(Mins)":8.97527213493983}