{"Accuracy":36.98,"chance_level":10,"Timestep":10,"Time Taken to Run the Code(Mins)":8.710397279262542,"_wandb":{"runtime":520},"_runtime":520,"_step":12,"_timestamp":1.7579540418181248e+09}