{"_runtime":15.785335589,"Time Taken to Run the Code(Mins)":0.26811646620432533,"_timestamp":1.7519676597805762e+09,"chance_level":10,"Timestep":10,"_step":12,"Accuracy":31.36,"MediaLogs/s&p_0.02":{"path":"media/images/MediaLogs/s&p_0.02_0_6d9678668fc378e1951b.png","format":"png","width":138,"height":70,"caption":"Noisy Images: s&p 0.02","_type":"image-file","sha256":"6d9678668fc378e1951bb630f4f538672833bbd927b8b3128ea48471d230098d","size":19693},"_wandb":{"runtime":15}}