{"_wandb":{"runtime":18},"_runtime":18,"_timestamp":1.7574338547224576e+09,"_step":12,"Timestep":10,"Accuracy":37.47,"chance_level":10,"Time Taken to Run the Code(Mins)":0.3254819552103678}