{"_runtime":19,"_timestamp":1.757419291012942e+09,"_step":12,"Timestep":10,"Accuracy":38.34,"chance_level":10,"Time Taken to Run the Code(Mins)":0.3485432267189026,"_wandb":{"runtime":19}}