{"Time Taken to Run the Code(Mins)":7.700467530886332,"_wandb":{"runtime":460},"_runtime":460,"_timestamp":1.757951385222195e+09,"_step":12,"Accuracy":37.73,"chance_level":10,"Timestep":10}