{"_wandb":{"runtime":20},"_runtime":20,"_timestamp":1.7611483448592138e+09,"_step":11,"Timestep":10,"Accuracy":55.00510579697322,"chance_level":10}