{"Time Taken to Run the Code(Mins)":8.726439273357391,"_wandb":{"runtime":522},"_runtime":522,"_timestamp":1.7579501339292312e+09,"_step":12,"Timestep":10,"Accuracy":38.31,"chance_level":10}