{"Time Taken to Run the Code(Mins)":11.519720149040221,"_wandb":{"runtime":689},"_runtime":689,"_timestamp":1.7582067543021011e+09,"_step":12,"chance_level":10,"Timestep":10,"Accuracy":36.9}