{"_wandb":{"runtime":458},"_runtime":458,"_step":12,"_timestamp":1.7579588170202742e+09,"Timestep":10,"Accuracy":36.93,"chance_level":10,"Time Taken to Run the Code(Mins)":7.660671194394429}