{"Accuracy":38.29,"chance_level":10,"Timestep":10,"Time Taken to Run the Code(Mins)":8.538488201300304,"_wandb":{"runtime":511},"_runtime":511,"_timestamp":1.757950415275682e+09,"_step":12}