{"Accuracy":30,"chance_level":10,"Time Taken to Run the Code(Mins)":6.639394958813985,"_wandb":{"runtime":397},"_runtime":397,"_timestamp":1.7582225299808588e+09,"_step":12,"Timestep":10}