{"Accuracy":31.07,"chance_level":10,"Time Taken to Run the Code(Mins)":7.984678649902344,"_wandb":{"runtime":477},"_runtime":477,"_timestamp":1.7581976136912303e+09,"_step":12,"Timestep":10}