{"_timestamp":1.7574382069049869e+09,"Timestep":10,"Accuracy":37.47,"chance_level":10,"Time Taken to Run the Code(Mins)":0.324620791276296,"_wandb":{"runtime":18},"_runtime":18,"_step":12}