{"_step":12,"_timestamp":1.757438369236377e+09,"Timestep":10,"Accuracy":37.51,"chance_level":10,"Time Taken to Run the Code(Mins)":0.32869651714960735,"_wandb":{"runtime":18},"_runtime":18}