{"chance_level":10,"Time Taken to Run the Code(Mins)":0.27612419525782267,"MediaLogs/gauss_0.2":{"path":"media/images/MediaLogs/gauss_0.2_0_45f4dc678aa706151beb.png","format":"png","width":138,"height":70,"caption":"Noisy Images: gauss 0.2","_type":"image-file","sha256":"45f4dc678aa706151bebfea1540f5a37a816d74589f6ccf6fdeedb9f2f08c515","size":20156},"_step":12,"Timestep":10,"_timestamp":1.751638020298097e+09,"Accuracy":66.3,"_runtime":16.257754923,"_wandb":{"runtime":16}}