{"Accuracy":36.96,"Time Taken to Run the Code(Mins)":0.3357757528622945,"_wandb":{"runtime":18},"_runtime":18,"_timestamp":1.7574340155557127e+09,"_step":12,"chance_level":10,"Timestep":10}