{"_wandb":{"runtime":18},"_runtime":18,"_timestamp":1.757423934893397e+09,"_step":12,"Timestep":10,"Accuracy":37.79,"chance_level":10,"Time Taken to Run the Code(Mins)":0.3266531546910604}