{"_timestamp":1.7579568889258401e+09,"_step":12,"Timestep":10,"Accuracy":37.95,"chance_level":10,"Time Taken to Run the Code(Mins)":6.9780847469965614,"_wandb":{"runtime":417},"_runtime":417}