{"_wandb":{"runtime":536},"_runtime":536,"_timestamp":1.7579439854713132e+09,"_step":12,"Timestep":10,"Accuracy":38.1,"chance_level":10,"Time Taken to Run the Code(Mins)":8.96063726345698}