{"_wandb":{"runtime":478},"_runtime":478,"_timestamp":1.758208916076716e+09,"_step":12,"chance_level":10,"Timestep":10,"Accuracy":31.78,"Time Taken to Run the Code(Mins)":7.991821678479512}