{"Timestep":10,"Accuracy":34.01,"chance_level":10,"Time Taken to Run the Code(Mins)":7.314187928040822,"_wandb":{"runtime":437},"_runtime":437,"_timestamp":1.7581907290655112e+09,"_step":12}