{"_wandb":{"runtime":18},"_runtime":18,"_step":12,"_timestamp":1.7574339076819854e+09,"Timestep":10,"Accuracy":37.51,"chance_level":10,"Time Taken to Run the Code(Mins)":0.3181453307469686}