{"Time Taken to Run the Code(Mins)":0.3272396961847941,"_wandb":{"runtime":18},"_runtime":18,"_timestamp":1.757441938613001e+09,"_step":12,"Timestep":10,"Accuracy":38.22,"chance_level":10}