{"chance_level":10,"Time Taken to Run the Code(Mins)":0.33419297138849896,"_wandb":{"runtime":18},"_runtime":18,"_timestamp":1.7574321168725731e+09,"_step":12,"Timestep":10,"Accuracy":38.28}