{"Accuracy":32.75,"chance_level":10,"Time Taken to Run the Code(Mins)":3.8798128008842467,"_wandb":{"runtime":231},"_runtime":231,"_step":12,"_timestamp":1.7570892534286578e+09,"Timestep":10}