{"Accuracy":31.52,"chance_level":10,"Time Taken to Run the Code(Mins)":4.787302505970001,"_wandb":{"runtime":285},"_runtime":285,"_timestamp":1.7570866384234812e+09,"_step":12,"Timestep":10}