{"_runtime":18,"_timestamp":1.7574335272025518e+09,"_step":12,"Timestep":10,"Accuracy":37.39,"chance_level":10,"Time Taken to Run the Code(Mins)":0.32994892994562786,"_wandb":{"runtime":18}}