{"_runtime":525,"_step":12,"_timestamp":1.757950057734174e+09,"Timestep":10,"Accuracy":38.27,"chance_level":10,"Time Taken to Run the Code(Mins)":8.784672963619233,"_wandb":{"runtime":525}}