{"_runtime":535,"_timestamp":1.7579266759358978e+09,"_step":12,"Timestep":10,"Accuracy":38.41,"chance_level":10,"Time Taken to Run the Code(Mins)":8.962995747725168,"_wandb":{"runtime":535}}