{"_runtime":527,"_timestamp":1.7582073066266868e+09,"_step":12,"Timestep":10,"Accuracy":37.1,"chance_level":10,"Time Taken to Run the Code(Mins)":8.811968886852265,"_wandb":{"runtime":527}}