{"Time Taken to Run the Code(Mins)":0.2713856061299642,"_wandb":{"runtime":15},"MediaLogs/s&p_0.2":{"format":"png","width":138,"height":70,"caption":"Noisy Images: s&p 0.2","_type":"image-file","sha256":"258790cc567a266b10ae4c3402110f4a77c2a2ad20e989f48a1132a7e187dd37","size":22652,"path":"media/images/MediaLogs/s&p_0.2_0_258790cc567a266b10ae.png"},"_step":12,"_timestamp":1.7514702925042617e+09,"Accuracy":29.84,"chance_level":10,"Timestep":10,"_runtime":15.98114565}