{"_step":12,"Accuracy":31.32,"chance_level":10,"Timestep":10,"Time Taken to Run the Code(Mins)":8.02475556532542,"_wandb":{"runtime":479},"_runtime":479,"_timestamp":1.7581967389513748e+09}