{"_wandb":{"runtime":19},"_runtime":19,"_timestamp":1.7574338279037209e+09,"_step":12,"Accuracy":37.49,"chance_level":10,"Timestep":10,"Time Taken to Run the Code(Mins)":0.3510145902633667}