{"Accuracy":36.47,"Time Taken to Run the Code(Mins)":6.863498342037201,"_wandb":{"runtime":410},"_runtime":410,"_timestamp":1.7581929637225378e+09,"_step":12,"chance_level":10,"Timestep":10}