{"Accuracy":31.86,"chance_level":10,"Time Taken to Run the Code(Mins)":12.759534708658855,"_wandb":{"runtime":761},"_runtime":761,"_timestamp":1.7582014250720038e+09,"_step":12,"Timestep":10}