{"Timestep":10,"Accuracy":59.73,"_timestamp":1.7513839083223946e+09,"_runtime":15.484934369,"_step":11,"Time Taken to Run the Code(Mins)":0.262143075466156,"_wandb":{"runtime":15}}