{"_wandb":{"runtime":19},"_runtime":19,"_timestamp":1.7574434261842353e+09,"_step":12,"Timestep":10,"Accuracy":37.94,"chance_level":10,"Time Taken to Run the Code(Mins)":0.34510273138682046}