{"Time Taken to Run the Code(Mins)":0.2779940565427144,"_wandb":{"runtime":16},"Accuracy":56.23,"_step":12,"_timestamp":1.751469104153714e+09,"Timestep":10,"chance_level":10,"_runtime":16.365507973,"MediaLogs/gauss_0.06":{"height":70,"caption":"Noisy Images: gauss 0.06","_type":"image-file","sha256":"fb4f18abaa786478c902089c03246b573543818264d6cd766815c05412f01760","size":18959,"path":"media/images/MediaLogs/gauss_0.06_0_fb4f18abaa786478c902.png","format":"png","width":138}}