{"Timestep":10,"Accuracy":38.39,"chance_level":10,"Time Taken to Run the Code(Mins)":0.32827085653940835,"_wandb":{"runtime":18},"_runtime":18,"_timestamp":1.7574213368067262e+09,"_step":12}