{"Timestep":10,"Time Taken to Run the Code(Mins)":9.568343762556712,"_wandb":{"runtime":572},"_runtime":572,"_timestamp":1.758205277351331e+09,"_step":12,"Accuracy":29.66,"chance_level":10}