{"chance_level":10,"Timestep":10,"Time Taken to Run the Code(Mins)":0.32700910170873004,"_wandb":{"runtime":18},"_runtime":18,"_timestamp":1.7574294496044009e+09,"_step":12,"Accuracy":37.04}