{"Timestep":10,"Accuracy":37.57,"chance_level":10,"Time Taken to Run the Code(Mins)":8.613260106245678,"_wandb":{"runtime":515},"_runtime":515,"_timestamp":1.757933917380062e+09,"_step":12}