{"_step":12,"Timestep":10,"Accuracy":29.83,"chance_level":10,"Time Taken to Run the Code(Mins)":12.590669131278991,"_wandb":{"runtime":753},"_runtime":753,"_timestamp":1.7582060745261593e+09}