{"_runtime":18,"_timestamp":1.7574295308555386e+09,"_step":12,"Timestep":10,"Accuracy":37.04,"chance_level":10,"Time Taken to Run the Code(Mins)":0.3268948316574097,"_wandb":{"runtime":18}}