{"_step":12,"Timestep":10,"Accuracy":37.41,"chance_level":10,"Time Taken to Run the Code(Mins)":0.34445746342341105,"_wandb":{"runtime":19},"_runtime":19,"_timestamp":1.7574334459286926e+09}