{"chance_level":10,"Timestep":10,"Accuracy":37.94,"Time Taken to Run the Code(Mins)":6.642059020201365,"_wandb":{"runtime":397},"_runtime":397,"_timestamp":1.7582184905143387e+09,"_step":12}