{"_step":12,"chance_level":10,"Timestep":10,"Accuracy":33.54,"Time Taken to Run the Code(Mins)":6.9254740357398985,"_wandb":{"runtime":414},"_runtime":414,"_timestamp":1.7582150755482903e+09}