{"MediaLogs/s&p_0.2":{"height":70,"caption":"Noisy Images: s&p 0.2","_type":"image-file","sha256":"258790cc567a266b10ae4c3402110f4a77c2a2ad20e989f48a1132a7e187dd37","size":22652,"path":"media/images/MediaLogs/s&p_0.2_0_258790cc567a266b10ae.png","format":"png","width":138},"_timestamp":1.7515348487354496e+09,"_runtime":16.074858407,"Time Taken to Run the Code(Mins)":0.27294281323750813,"Accuracy":15.5,"chance_level":10,"Timestep":10,"_step":12,"_wandb":{"runtime":16}}