{"_runtime":464,"_timestamp":1.7579559633162036e+09,"_step":12,"Timestep":10,"Accuracy":38.19,"chance_level":10,"Time Taken to Run the Code(Mins)":7.776449700196584,"_wandb":{"runtime":464}}