{"_timestamp":1.757949239914143e+09,"_step":12,"Timestep":10,"Accuracy":38.26,"chance_level":10,"Time Taken to Run the Code(Mins)":8.150216213862102,"_wandb":{"runtime":487},"_runtime":487}