{"Timestep":10,"Accuracy":58.87,"chance_level":10,"_timestamp":1.756211872759576e+09,"Time Taken to Run the Code(Mins)":0.5337498148282369,"_wandb":{"runtime":30},"_runtime":30,"_step":11}