{"_timestamp":1.75820849176815e+09,"_step":12,"chance_level":10,"Timestep":10,"Accuracy":34.33,"Time Taken to Run the Code(Mins)":9.464842303593953,"_wandb":{"runtime":566},"_runtime":566}