{"chance_level":10,"Time Taken to Run the Code(Mins)":8.589721763134003,"_wandb":{"runtime":514},"_runtime":514,"_timestamp":1.7579535321717446e+09,"_step":12,"Timestep":10,"Accuracy":36.8}