{"Timestep":10,"Accuracy":38.33,"chance_level":10,"Time Taken to Run the Code(Mins)":8.815173467000326,"_wandb":{"runtime":527},"_runtime":527,"_timestamp":1.7579286543139071e+09,"_step":12}