{"Timestep":10,"Accuracy":31.74,"chance_level":10,"Time Taken to Run the Code(Mins)":7.006023697058359,"_wandb":{"runtime":418},"_runtime":418,"_timestamp":1.7581954635841286e+09,"_step":12}