{"_timestamp":1.7574425115143926e+09,"_step":12,"Timestep":10,"Accuracy":38.49,"chance_level":10,"Time Taken to Run the Code(Mins)":0.34277980724970497,"_wandb":{"runtime":19},"_runtime":19}