{"_wandb":{"runtime":239},"_runtime":239,"_step":12,"_timestamp":1.7570830451320982e+09,"Timestep":10,"Accuracy":33.09,"chance_level":10,"Time Taken to Run the Code(Mins)":4.011008906364441}