{"Accuracy":37.59,"chance_level":10,"Time Taken to Run the Code(Mins)":7.6000016530354815,"_wandb":{"runtime":454},"_runtime":454,"_timestamp":1.7579585312485368e+09,"_step":12,"Timestep":10}