{"Time Taken to Run the Code(Mins)":10.29643812974294,"_wandb":{"runtime":615},"_runtime":615,"_step":12,"_timestamp":1.7579422152751362e+09,"Timestep":10,"Accuracy":36.38,"chance_level":10}