{"Accuracy":31.97,"chance_level":10,"Time Taken to Run the Code(Mins)":5.124221229553223,"_wandb":{"runtime":305},"_runtime":305,"_step":12,"_timestamp":1.7570880634187407e+09,"Timestep":10}