{"_timestamp":1.7582161813181636e+09,"_step":12,"Timestep":10,"Accuracy":29.84,"chance_level":10,"Time Taken to Run the Code(Mins)":7.0358852783838906,"_wandb":{"runtime":420},"_runtime":420}