{"_timestamp":1.7579594800071294e+09,"Timestep":10,"Accuracy":36.14,"chance_level":10,"Time Taken to Run the Code(Mins)":7.343421292304993,"_wandb":{"runtime":439},"_runtime":439,"_step":12}