{"Time Taken to Run the Code(Mins)":8.21383734146754,"_wandb":{"runtime":491},"_runtime":491,"_timestamp":1.7582072324016075e+09,"_step":12,"Accuracy":37.08,"chance_level":10,"Timestep":10}