{"_step":199,"Fine_Tuning_With_Classification/Test_Accuracy":36.150000000000006,"_timestamp":1.7597891822899234e+09,"Fine_Tuning_With_Classification/Recon_Testing_loss":0.0029363098805770278,"Fine_Tuning_With_Classification/train_loss":1.7154243782043457,"_wandb":{"runtime":26429},"Fine_Tuning_With_Classification/Training_accuracy":36.237818181818184,"_runtime":26429,"Fine_Tuning_With_Classification/test_loss":1.712493408203125,"Fine_Tuning_With_Classification/Recon_Training_loss":0.01173533838838339}