{"_timestamp":1.7574161371446943e+09,"_step":12,"Timestep":10,"Accuracy":38,"chance_level":10,"Time Taken to Run the Code(Mins)":7.399424839019775,"_wandb":{"runtime":442},"_runtime":442}