{"_runtime":19,"_step":12,"_timestamp":1.7574170049134943e+09,"Timestep":10,"Accuracy":38.06,"chance_level":10,"Time Taken to Run the Code(Mins)":0.3424587567647298,"_wandb":{"runtime":19}}