{"Time Taken to Run the Code(Mins)":7.747397760550181,"_wandb":{"runtime":463},"_runtime":463,"_timestamp":1.7582091792007663e+09,"_step":12,"Timestep":10,"Accuracy":32.04,"chance_level":10}