{"_timestamp":1.7513791630749779e+09,"_runtime":15.844577113,"_step":11,"Time Taken to Run the Code(Mins)":0.2687816421190898,"_wandb":{"runtime":15},"Timestep":10,"Accuracy":67.98}