{"_runtime":522,"_timestamp":1.7579280017835352e+09,"_step":12,"chance_level":10,"Timestep":10,"Accuracy":38.4,"Time Taken to Run the Code(Mins)":8.733575034141541,"_wandb":{"runtime":522}}