{"Time Taken to Run the Code(Mins)":7.957939287026723,"_wandb":{"runtime":476},"_runtime":476,"_step":12,"_timestamp":1.7579575624772484e+09,"Timestep":10,"Accuracy":38.1,"chance_level":10}