{"chance_level":10,"Time Taken to Run the Code(Mins)":6.798560210069021,"_wandb":{"runtime":406},"_runtime":406,"_step":12,"_timestamp":1.758192100835214e+09,"Timestep":10,"Accuracy":33.9}