{"_wandb":{"runtime":430},"_runtime":430,"_timestamp":1.7582086881734183e+09,"_step":12,"chance_level":10,"Timestep":10,"Accuracy":34.37,"Time Taken to Run the Code(Mins)":7.194941425323487}