{"Time Taken to Run the Code(Mins)":7.21349569161733,"_wandb":{"runtime":431},"_runtime":431,"_step":12,"_timestamp":1.758198938118414e+09,"Timestep":10,"Accuracy":36.65,"chance_level":10}