{"_step":12,"_timestamp":1.758218863433342e+09,"Accuracy":35.71,"chance_level":10,"Timestep":10,"Time Taken to Run the Code(Mins)":6.858329216639201,"_wandb":{"runtime":410},"_runtime":410}