{"Accuracy":35.87,"chance_level":10,"Time Taken to Run the Code(Mins)":0.3305288036664327,"_wandb":{"runtime":18},"_runtime":18,"_timestamp":1.757440697450891e+09,"_step":12,"Timestep":10}