{"_wandb":{"runtime":546},"_runtime":546,"_timestamp":1.7579275250310462e+09,"_step":12,"Accuracy":38.39,"chance_level":10,"Timestep":10,"Time Taken to Run the Code(Mins)":9.143779079119364}