{"Time Taken to Run the Code(Mins)":8.95899559656779,"_wandb":{"runtime":536},"_runtime":536,"_timestamp":1.7579545293127024e+09,"_step":12,"Timestep":10,"Accuracy":36,"chance_level":10}