{"_runtime":425,"_timestamp":1.757938641424158e+09,"_step":12,"Timestep":10,"Accuracy":37.6,"chance_level":10,"Time Taken to Run the Code(Mins)":7.1148238976796465,"_wandb":{"runtime":425}}