{"Timestep":10,"Time Taken to Run the Code(Mins)":9.57206288576126,"_wandb":{"runtime":572},"_runtime":572,"_timestamp":1.7579483550422204e+09,"_step":12,"Accuracy":36.11,"chance_level":10}