{"_timestamp":1.7570833691066363e+09,"_step":12,"Timestep":10,"Accuracy":32.84,"chance_level":10,"Time Taken to Run the Code(Mins)":2.8489232699076337,"_wandb":{"runtime":169},"_runtime":169}