{"Accuracy":31.37,"chance_level":10,"Time Taken to Run the Code(Mins)":7.0949791471163435,"_wandb":{"runtime":424},"_runtime":424,"_timestamp":1.7582159597011745e+09,"_step":12,"Timestep":10}