{"_timestamp":1.757428963345043e+09,"Timestep":10,"Accuracy":37.43,"chance_level":10,"Time Taken to Run the Code(Mins)":0.3230971614519755,"_wandb":{"runtime":18},"_runtime":18,"_step":12}