{"Time Taken to Run the Code(Mins)":0.32430368264516196,"_wandb":{"runtime":18},"_runtime":18,"_timestamp":1.75743901445488e+09,"_step":12,"chance_level":10,"Timestep":10,"Accuracy":37.07}