{"Accuracy":37.92,"chance_level":10,"Time Taken to Run the Code(Mins)":6.93106384674708,"_wandb":{"runtime":414},"_runtime":414,"_step":12,"_timestamp":1.75821807561569e+09,"Timestep":10}