{"Timestep":10,"Accuracy":29.88,"chance_level":10,"Time Taken to Run the Code(Mins)":7.874960780143738,"_wandb":{"runtime":469},"_runtime":469,"_timestamp":1.758211142601599e+09,"_step":12}