{"chance_level":10,"Time Taken to Run the Code(Mins)":7.736283834775289,"_wandb":{"runtime":462},"_runtime":462,"_timestamp":1.7581879349100277e+09,"_step":12,"Timestep":10,"Accuracy":35.71}