{"Time Taken to Run the Code(Mins)":0.34346022208531696,"_wandb":{"runtime":19},"_runtime":19,"_timestamp":1.757443370905563e+09,"_step":12,"Timestep":10,"Accuracy":37.95,"chance_level":10}