{"Time Taken to Run the Code(Mins)":0.2667083938916524,"_wandb":{"runtime":15},"_step":11,"Timestep":10,"Accuracy":69.54,"_timestamp":1.7513796536958733e+09,"_runtime":15.724630429}