{"_timestamp":1.7582018074778283e+09,"_step":12,"Timestep":10,"Accuracy":31.86,"chance_level":10,"Time Taken to Run the Code(Mins)":12.679011289278666,"_wandb":{"runtime":754},"_runtime":754}