{"_step":12,"Timestep":10,"Accuracy":37.62,"chance_level":10,"Time Taken to Run the Code(Mins)":11.37725838025411,"_wandb":{"runtime":681},"_runtime":681,"_timestamp":1.757934440462058e+09}