{"Timestep":10,"Accuracy":33.83,"chance_level":10,"Time Taken to Run the Code(Mins)":6.747290070851644,"_wandb":{"runtime":403},"_runtime":403,"_step":12,"_timestamp":1.758191625936321e+09}