{"chance_level":10,"Time Taken to Run the Code(Mins)":12.398076021671296,"_wandb":{"runtime":741},"_runtime":741,"_timestamp":1.758201790940508e+09,"_step":12,"Timestep":10,"Accuracy":30.27}