{"Timestep":10,"Accuracy":38.43,"chance_level":10,"Time Taken to Run the Code(Mins)":0.3286473751068115,"_wandb":{"runtime":18},"_runtime":18,"_timestamp":1.7574272538928666e+09,"_step":12}