{"Timestep":10,"Time Taken to Run the Code(Mins)":8.027503164609273,"_wandb":{"runtime":480},"_runtime":480,"_timestamp":1.7582121010534937e+09,"_step":12,"Accuracy":29.32,"chance_level":10}