{"_step":11,"Timestep":10,"Accuracy":61.04,"Time Taken to Run the Code(Mins)":0.2628581682840983,"_wandb":{"runtime":15},"_timestamp":1.7513836762347648e+09,"_runtime":15.53355876}