{"Accuracy":36.34,"Time Taken to Run the Code(Mins)":7.6649787823359175,"_wandb":{"runtime":458},"_runtime":458,"_timestamp":1.7579599491389737e+09,"_step":12,"chance_level":10,"Timestep":10}