{"Timestep":10,"_timestamp":1.7514675672552226e+09,"Accuracy":30.48,"chance_level":10,"Time Taken to Run the Code(Mins)":0.27406997680664064,"_wandb":{"runtime":16},"_runtime":16.134850319,"_step":12,"MediaLogs/s&p_0.2":{"_type":"image-file","sha256":"258790cc567a266b10ae4c3402110f4a77c2a2ad20e989f48a1132a7e187dd37","size":22652,"path":"media/images/MediaLogs/s&p_0.2_0_258790cc567a266b10ae.png","format":"png","width":138,"height":70,"caption":"Noisy Images: s&p 0.2"}}