{"Accuracy":38.34,"chance_level":10,"Time Taken to Run the Code(Mins)":8.296053890387217,"_wandb":{"runtime":496},"_runtime":496,"_timestamp":1.7579274354694557e+09,"_step":12,"Timestep":10}