{"_wandb":{"runtime":19},"_runtime":19,"_timestamp":1.757421933503887e+09,"_step":12,"chance_level":10,"Timestep":10,"Accuracy":38.35,"Time Taken to Run the Code(Mins)":0.34141016801198326}