{"Timestep":10,"Accuracy":37.98,"chance_level":10,"Time Taken to Run the Code(Mins)":8.351549959182739,"_wandb":{"runtime":499},"_runtime":499,"_step":12,"_timestamp":1.757957268433266e+09}