{"Time Taken to Run the Code(Mins)":10.429954715569814,"_wandb":{"runtime":624},"_runtime":624,"_timestamp":1.7579391515100446e+09,"_step":12,"chance_level":10,"Timestep":10,"Accuracy":37.04}