{"chance_level":10,"Time Taken to Run the Code(Mins)":6.796906105677286,"_wandb":{"runtime":406},"_runtime":406,"_timestamp":1.7582203291765556e+09,"_step":12,"Timestep":10,"Accuracy":34.2}