{"_step":12,"_timestamp":1.7582216159160962e+09,"Timestep":10,"Accuracy":30.62,"chance_level":10,"Time Taken to Run the Code(Mins)":7.230236971378327,"_wandb":{"runtime":432},"_runtime":432}