{"Timestep":10,"Accuracy":33.16,"chance_level":10,"Time Taken to Run the Code(Mins)":4.907473643620809,"_wandb":{"runtime":292},"_runtime":292,"_timestamp":1.7570827974948723e+09,"_step":12}