{"Timestep":10,"Accuracy":29.68,"chance_level":10,"Time Taken to Run the Code(Mins)":12.648648913701376,"_wandb":{"runtime":757},"_runtime":757,"_timestamp":1.7582054588223138e+09,"_step":12}