{"Time Taken to Run the Code(Mins)":0.26897758642832437,"_wandb":{"runtime":15},"_step":12,"Accuracy":67.81,"chance_level":10,"MediaLogs/gauss_0.02":{"_type":"image-file","sha256":"5e20f382c4cf0c521504d5dacaefd9b6ba260472feb927e28d65237353ec6f3f","size":18675,"path":"media/images/MediaLogs/gauss_0.02_0_5e20f382c4cf0c521504.png","format":"png","width":138,"height":70,"caption":"Noisy Images: gauss 0.02"},"_runtime":15.838551984,"Timestep":10,"_timestamp":1.7515313622607532e+09}