{"chance_level":10,"Time Taken to Run the Code(Mins)":0.33499345779418943,"_wandb":{"runtime":19},"_runtime":19,"_timestamp":1.7574367005573056e+09,"_step":12,"Timestep":10,"Accuracy":38.37}