{"_step":12,"Timestep":10,"Accuracy":38.17,"chance_level":10,"Time Taken to Run the Code(Mins)":8.704360179106395,"_wandb":{"runtime":520},"_runtime":520,"_timestamp":1.7579498699237611e+09}