{"_runtime":18,"_timestamp":1.7574192630901632e+09,"_step":12,"Timestep":10,"Accuracy":38.38,"chance_level":10,"Time Taken to Run the Code(Mins)":0.3340900739034017,"_wandb":{"runtime":18}}