{"Timestep":10,"_timestamp":1.7516479343936644e+09,"chance_level":10,"_runtime":16.230101847,"Time Taken to Run the Code(Mins)":0.2756519436836243,"_wandb":{"runtime":16},"MediaLogs/gauss_0.0":{"sha256":"1351f578828d886452347dc6a8a5d01cff2cec649d66f35cdd7f696cc437603a","size":18482,"path":"media/images/MediaLogs/gauss_0.0_0_1351f578828d88645234.png","format":"png","width":138,"height":70,"caption":"Noisy Images: gauss 0.0","_type":"image-file"},"_step":12,"Accuracy":57.91}