{"chance_level":10,"Time Taken to Run the Code(Mins)":7.632826169331868,"_wandb":{"runtime":455},"_runtime":455,"_timestamp":1.7581943934514024e+09,"_step":12,"Timestep":10,"Accuracy":32.56}