{"Accuracy":63.96,"_timestamp":1.751374775626173e+09,"_runtime":15.49484578,"_step":11,"Time Taken to Run the Code(Mins)":0.26227490107218426,"_wandb":{"runtime":15},"Timestep":10}