{"Time Taken to Run the Code(Mins)":7.401135210196177,"_wandb":{"runtime":442},"_runtime":442,"_timestamp":1.7579590246567526e+09,"_step":12,"Timestep":10,"Accuracy":36.99,"chance_level":10}