{"_wandb":{"runtime":584},"_runtime":584,"_timestamp":1.7579317117377331e+09,"_step":12,"Accuracy":37.86,"chance_level":10,"Timestep":10,"Time Taken to Run the Code(Mins)":9.768822526931762}