{"_step":12,"Timestep":10,"Accuracy":37.94,"chance_level":10,"Time Taken to Run the Code(Mins)":0.3243910272916158,"_wandb":{"runtime":18},"_runtime":18,"_timestamp":1.757443289517011e+09}