{"Timestep":10,"Time Taken to Run the Code(Mins)":8.5465021332105,"_wandb":{"runtime":511},"_runtime":511,"_step":12,"_timestamp":1.7581993274136343e+09,"Accuracy":33.67,"chance_level":10}