{"_runtime":417,"_timestamp":1.7581963201146777e+09,"_step":12,"Timestep":10,"Accuracy":31.45,"chance_level":10,"Time Taken to Run the Code(Mins)":6.981127866109213,"_wandb":{"runtime":417}}