{"_runtime":494,"_timestamp":1.7579241898169138e+09,"_step":12,"chance_level":10,"Timestep":10,"Accuracy":38.38,"Time Taken to Run the Code(Mins)":8.26481370528539,"_wandb":{"runtime":494}}