{"_step":12,"Timestep":10,"Accuracy":37.06,"chance_level":10,"Time Taken to Run the Code(Mins)":10.228363533814749,"_wandb":{"runtime":612},"_runtime":612,"_timestamp":1.757939265887081e+09}