{"chance_level":10,"Time Taken to Run the Code(Mins)":0.3385690172513326,"_wandb":{"runtime":19},"_runtime":19,"_timestamp":1.757438027487486e+09,"_step":12,"Timestep":10,"Accuracy":38.3}