{"Timestep":10,"Accuracy":37.19,"chance_level":10,"Time Taken to Run the Code(Mins)":8.33779717683792,"_wandb":{"runtime":499},"_runtime":499,"_timestamp":1.7579528781121976e+09,"_step":12}