{"_timestamp":1.757959223362005e+09,"_step":12,"Accuracy":36.94,"chance_level":10,"Timestep":10,"Time Taken to Run the Code(Mins)":7.35782900651296,"_wandb":{"runtime":439},"_runtime":439}