{"Accuracy":31.06,"Time Taken to Run the Code(Mins)":7.170627319812775,"_wandb":{"runtime":428},"_runtime":428,"_step":12,"_timestamp":1.7582219610238612e+09,"chance_level":10,"Timestep":10}