{"Time Taken to Run the Code(Mins)":10.855347633361816,"_wandb":{"runtime":649},"_runtime":649,"_step":12,"_timestamp":1.757931345215888e+09,"chance_level":10,"Timestep":10,"Accuracy":37.86}