{"_runtime":18,"_step":12,"_timestamp":1.757445799558569e+09,"Timestep":10,"Accuracy":36.14,"chance_level":10,"Time Taken to Run the Code(Mins)":0.3291850487391154,"_wandb":{"runtime":18}}