{"Time Taken to Run the Code(Mins)":9.275784699122111,"_wandb":{"runtime":554},"_runtime":554,"_timestamp":1.7582084759529765e+09,"_step":12,"Timestep":10,"Accuracy":34.32,"chance_level":10}