{"_runtime":15.386537029,"_step":11,"Time Taken to Run the Code(Mins)":0.2604084332784017,"_wandb":{"runtime":15},"Timestep":10,"Accuracy":69.69,"_timestamp":1.7513790233690104e+09}