{"_timestamp":1.7582183232558239e+09,"Timestep":10,"Accuracy":37.89,"chance_level":10,"Time Taken to Run the Code(Mins)":7.186963367462158,"_wandb":{"runtime":429},"_runtime":429,"_step":12}