{"chance_level":10,"Time Taken to Run the Code(Mins)":9.866449415683746,"_wandb":{"runtime":590},"_runtime":590,"_timestamp":1.7579354359305534e+09,"_step":12,"Timestep":10,"Accuracy":37.5}