{"_timestamp":1.7582069500088964e+09,"_step":12,"Timestep":10,"Accuracy":37.1,"chance_level":10,"Time Taken to Run the Code(Mins)":8.817375135421752,"_wandb":{"runtime":527},"_runtime":527}