{"MediaLogs/s&p_0.02":{"caption":"Noisy Images: s&p 0.02","_type":"image-file","sha256":"6d9678668fc378e1951bb630f4f538672833bbd927b8b3128ea48471d230098d","size":19693,"path":"media/images/MediaLogs/s&p_0.02_0_6d9678668fc378e1951b.png","format":"png","width":138,"height":70},"_runtime":16.016530975,"Accuracy":53.92,"Time Taken to Run the Code(Mins)":0.2720903952916463,"_timestamp":1.7516454192851217e+09,"Timestep":10,"_wandb":{"runtime":16},"chance_level":10,"_step":12}