{"_runtime":16.107140145,"Accuracy":51.73,"Time Taken to Run the Code(Mins)":0.27357983589172363,"MediaLogs/s&p_0.02":{"width":138,"height":70,"caption":"Noisy Images: s&p 0.02","_type":"image-file","sha256":"6d9678668fc378e1951bb630f4f538672833bbd927b8b3128ea48471d230098d","size":19693,"path":"media/images/MediaLogs/s&p_0.02_0_6d9678668fc378e1951b.png","format":"png"},"Timestep":10,"_timestamp":1.7516486544830205e+09,"_step":12,"chance_level":10,"_wandb":{"runtime":16}}