{"chance_level":10,"Time Taken to Run the Code(Mins)":10.018322145938873,"_wandb":{"runtime":599},"_runtime":599,"_timestamp":1.7579410035790567e+09,"_step":12,"Timestep":10,"Accuracy":36.91}