{"Timestep":10,"Accuracy":31.86,"chance_level":10,"Time Taken to Run the Code(Mins)":7.878673223654429,"_wandb":{"runtime":471},"_runtime":471,"_timestamp":1.7582089236188931e+09,"_step":12}