{"Timestep":10,"Accuracy":38.39,"chance_level":10,"Time Taken to Run the Code(Mins)":7.649588274955749,"_wandb":{"runtime":457},"_runtime":457,"_timestamp":1.7579231644717684e+09,"_step":12}