{"Timestep":10,"Accuracy":30.72,"chance_level":10,"Time Taken to Run the Code(Mins)":6.895642002423604,"_wandb":{"runtime":411},"_runtime":411,"_step":12,"_timestamp":1.758221613483144e+09}