{"_timestamp":1.758207254548005e+09,"_step":12,"Timestep":10,"Accuracy":37.07,"chance_level":10,"Time Taken to Run the Code(Mins)":8.544652982552845,"_wandb":{"runtime":511},"_runtime":511}