{"chance_level":10,"Time Taken to Run the Code(Mins)":9.163188787301381,"_wandb":{"runtime":547},"_runtime":547,"_timestamp":1.75794244291606e+09,"_step":12,"Timestep":10,"Accuracy":36.52}