{"Accuracy":68.49,"Timestep":10,"_runtime":15.987221837,"Time Taken to Run the Code(Mins)":0.271541440486908,"_step":12,"MediaLogs/gauss_0.0":{"_type":"image-file","sha256":"1351f578828d886452347dc6a8a5d01cff2cec649d66f35cdd7f696cc437603a","size":18482,"path":"media/images/MediaLogs/gauss_0.0_0_1351f578828d88645234.png","format":"png","width":138,"height":70,"caption":"Noisy Images: gauss 0.0"},"chance_level":10,"_wandb":{"runtime":15},"_timestamp":1.7516432855647879e+09}