{"_runtime":17.454394194,"Time Taken to Run the Code(Mins)":0.2960141936937968,"_wandb":{"runtime":17},"_timestamp":1.751553155881307e+09,"Accuracy":70.05,"Timestep":10,"_step":12,"MediaLogs/gauss_0.02":{"sha256":"5e20f382c4cf0c521504d5dacaefd9b6ba260472feb927e28d65237353ec6f3f","size":18675,"path":"media/images/MediaLogs/gauss_0.02_0_5e20f382c4cf0c521504.png","format":"png","width":138,"height":70,"caption":"Noisy Images: gauss 0.02","_type":"image-file"},"chance_level":10}