{"_wandb":{"runtime":295},"_runtime":295,"_timestamp":1.7570908185568254e+09,"_step":12,"chance_level":10,"Timestep":10,"Accuracy":33.06,"Time Taken to Run the Code(Mins)":4.9508163372675575}