{"_step":12,"Timestep":10,"Accuracy":37.87,"chance_level":10,"Time Taken to Run the Code(Mins)":9.5973739306132,"_wandb":{"runtime":574},"_runtime":574,"_timestamp":1.7579315909417024e+09}