{"Timestep":10,"Accuracy":37.02,"Time Taken to Run the Code(Mins)":0.3267568429311117,"_wandb":{"runtime":18},"_runtime":18,"_timestamp":1.7574292334707198e+09,"_step":12,"chance_level":10}