{"_timestamp":1.7513766125184834e+09,"Time Taken to Run the Code(Mins)":0.27399686177571614,"_wandb":{"runtime":16},"_runtime":16.15596492,"_step":11,"Timestep":10,"Accuracy":69.69}