{"_timestamp":1.759150740314746e+09,"_step":9,"Reconstruction_Training_with_Timesteps 1/train_loss":0.006956852290779352,"Reconstruction_Training_with_Timesteps 1/test_loss":0.006186549102887511,"_wandb":{"runtime":281},"_runtime":281}