{"Timestep":10,"Accuracy":34.28,"chance_level":10,"Time Taken to Run the Code(Mins)":8.403821984926859,"_wandb":{"runtime":502},"_runtime":502,"_step":12,"_timestamp":1.7582079025296867e+09}