{"_step":12,"Accuracy":38.5,"chance_level":10,"Timestep":10,"Time Taken to Run the Code(Mins)":0.3346774697303772,"_wandb":{"runtime":18},"_runtime":18,"_timestamp":1.7574430190568128e+09}