{"Timestep":10,"Accuracy":31.13,"chance_level":10,"Time Taken to Run the Code(Mins)":4.024916597207388,"_wandb":{"runtime":240},"_runtime":240,"_timestamp":1.7570871843997056e+09,"_step":12}