{"_runtime":18,"_timestamp":1.757441450055875e+09,"_step":12,"Timestep":10,"Accuracy":38.28,"chance_level":10,"Time Taken to Run the Code(Mins)":0.3316681424776713,"_wandb":{"runtime":18}}