{"chance_level":10,"Timestep":10,"Time Taken to Run the Code(Mins)":0.34672228892644247,"_wandb":{"runtime":19},"_runtime":19,"_step":12,"_timestamp":1.757444935184963e+09,"Accuracy":36.84}