{"chance_level":10,"Time Taken to Run the Code(Mins)":13.777036094665528,"_wandb":{"runtime":823},"_runtime":823,"_timestamp":1.7582026529653995e+09,"_step":12,"Timestep":10,"Accuracy":30.5}