{"chance_level":10,"Time Taken to Run the Code(Mins)":9.463471003373463,"_wandb":{"runtime":566},"_runtime":566,"_timestamp":1.7579379929662251e+09,"_step":12,"Timestep":10,"Accuracy":37.35}