{"_step":12,"Timestep":10,"Accuracy":38.37,"chance_level":10,"Time Taken to Run the Code(Mins)":9.8463462750117,"_wandb":{"runtime":589},"_runtime":589,"_timestamp":1.7579238352988613e+09}