{"Accuracy":37.79,"chance_level":10,"Time Taken to Run the Code(Mins)":10.444521005948385,"_wandb":{"runtime":624},"_runtime":624,"_timestamp":1.7579518678258722e+09,"_step":12,"Timestep":10}