{"_step":12,"Timestep":10,"Accuracy":31.72,"chance_level":10,"Time Taken to Run the Code(Mins)":6.477552231152853,"_wandb":{"runtime":386},"_runtime":386,"_timestamp":1.7581952685558567e+09}