{"Accuracy":37.75,"chance_level":10,"Time Taken to Run the Code(Mins)":8.353775676091512,"_wandb":{"runtime":499},"_runtime":499,"_timestamp":1.7579512622083468e+09,"_step":12,"Timestep":10}