{"_timestamp":1.757954294841145e+09,"Accuracy":36.05,"chance_level":10,"Timestep":10,"Time Taken to Run the Code(Mins)":8.723726518948872,"_wandb":{"runtime":521},"_runtime":521,"_step":12}