{"_step":12,"Timestep":10,"Accuracy":29.86,"chance_level":10,"Time Taken to Run the Code(Mins)":15.486865286032359,"_wandb":{"runtime":927},"_runtime":927,"_timestamp":1.7582036885082743e+09}