{"_runtime":317,"_step":12,"_timestamp":1.7570785232723508e+09,"Timestep":10,"Accuracy":33.05,"chance_level":10,"Time Taken to Run the Code(Mins)":5.306074953079223,"_wandb":{"runtime":317}}