{"chance_level":10,"Time Taken to Run the Code(Mins)":7.2582280993461605,"_wandb":{"runtime":434},"_runtime":434,"_timestamp":1.7582206428442454e+09,"_step":12,"Timestep":10,"Accuracy":31.88}