{"_runtime":569,"_timestamp":1.7579250394007897e+09,"_step":12,"Timestep":10,"Accuracy":38.37,"chance_level":10,"Time Taken to Run the Code(Mins)":9.516550306479136,"_wandb":{"runtime":569}}