{"_wandb":{"runtime":624},"_runtime":624,"_timestamp":1.7579225679976268e+09,"_step":12,"Timestep":10,"Accuracy":38.03,"chance_level":10,"Time Taken to Run the Code(Mins)":10.4436581492424}