{"Time Taken to Run the Code(Mins)":0.27182822624842323,"_wandb":{"runtime":16},"MediaLogs/gauss_0.4":{"sha256":"9e1134f3eccd4afbd08f42ea855354228da2f6401a3ca3d434708c91e5131886","size":21177,"path":"media/images/MediaLogs/gauss_0.4_0_9e1134f3eccd4afbd08f.png","format":"png","width":138,"height":70,"caption":"Noisy Images: gauss 0.4","_type":"image-file"},"chance_level":10,"Timestep":10,"_timestamp":1.7516481267463608e+09,"Accuracy":54.59,"_step":12,"_runtime":16.005250093}