{"Accuracy":32.54,"chance_level":10,"Time Taken to Run the Code(Mins)":4.8895030816396075,"_wandb":{"runtime":292},"_runtime":292,"_timestamp":1.7570861579359841e+09,"_step":12,"Timestep":10}