{"_step":12,"Time Taken to Run the Code(Mins)":0.27361539204915364,"_timestamp":1.7516423777257204e+09,"Accuracy":58.93,"chance_level":10,"MediaLogs/gauss_0.2":{"width":138,"height":70,"caption":"Noisy Images: gauss 0.2","_type":"image-file","sha256":"45f4dc678aa706151bebfea1540f5a37a816d74589f6ccf6fdeedb9f2f08c515","size":20156,"path":"media/images/MediaLogs/gauss_0.2_0_45f4dc678aa706151beb.png","format":"png"},"Timestep":10,"_wandb":{"runtime":16},"_runtime":16.114052969}