{"_runtime":554,"_timestamp":1.7579442806793494e+09,"_step":12,"chance_level":10,"Timestep":10,"Accuracy":38.23,"Time Taken to Run the Code(Mins)":9.272058590253193,"_wandb":{"runtime":554}}