{"Timestep":10,"Accuracy":38.37,"chance_level":10,"Time Taken to Run the Code(Mins)":8.988686645030976,"_wandb":{"runtime":537},"_runtime":537,"_step":12,"_timestamp":1.7579281039943116e+09}