{"_timestamp":1.7574383150923057e+09,"Timestep":10,"Accuracy":37.55,"chance_level":10,"Time Taken to Run the Code(Mins)":0.32598248720169065,"_wandb":{"runtime":18},"_runtime":18,"_step":12}