{"_wandb":{"runtime":581},"_runtime":581,"_timestamp":1.757935597864502e+09,"_step":12,"Timestep":10,"Accuracy":38.41,"chance_level":10,"Time Taken to Run the Code(Mins)":9.723389681180318}