{"_step":12,"chance_level":10,"Timestep":10,"Accuracy":34.36,"Time Taken to Run the Code(Mins)":7.544825915495554,"_wandb":{"runtime":450},"_runtime":450,"_timestamp":1.7582083823533726e+09}