{"_step":12,"Timestep":10,"Accuracy":37.96,"chance_level":10,"Time Taken to Run the Code(Mins)":10.263453964392344,"_wandb":{"runtime":614},"_runtime":614,"_timestamp":1.7579369076382692e+09}