{"Accuracy":49.11,"_wandb":{"runtime":16},"_timestamp":1.7516526493639905e+09,"Timestep":10,"chance_level":10,"_runtime":16.079521632,"Time Taken to Run the Code(Mins)":0.2730635603268941,"MediaLogs/gauss_0.8":{"format":"png","width":138,"height":70,"caption":"Noisy Images: gauss 0.8","_type":"image-file","sha256":"3e6aae1b7f1783e24a2fdf2fafdfc8cb8009c8ddbf7b5ed78fc7284d6a1d7e55","size":22076,"path":"media/images/MediaLogs/gauss_0.8_0_3e6aae1b7f1783e24a2f.png"},"_step":12}