{"_wandb":{"runtime":701},"_runtime":701,"_timestamp":1.7582067092076373e+09,"_step":12,"Timestep":10,"Accuracy":29.93,"chance_level":10,"Time Taken to Run the Code(Mins)":11.713144497076671}