{"_timestamp":1.757418827181861e+09,"_step":3,"Timestep":1,"Accuracy":37.27,"chance_level":10,"Time Taken to Run the Code(Mins)":0.1986585021018982,"_wandb":{"runtime":10},"_runtime":10}