{"_wandb":{"runtime":18},"_runtime":18,"_timestamp":1.7574265193495228e+09,"_step":12,"Timestep":10,"Accuracy":37.55,"chance_level":10,"Time Taken to Run the Code(Mins)":0.32869317531585696}