{"Timestep":10,"Accuracy":37.06,"chance_level":10,"Time Taken to Run the Code(Mins)":0.32704465786616005,"_wandb":{"runtime":18},"_runtime":18,"_step":12,"_timestamp":1.757438960992631e+09}