{"Timestep":10,"Accuracy":38.28,"Time Taken to Run the Code(Mins)":0.33019911448160805,"_wandb":{"runtime":18},"_runtime":18,"_timestamp":1.7574373237491446e+09,"_step":12,"chance_level":10}