{"Accuracy":38.28,"chance_level":10,"Time Taken to Run the Code(Mins)":7.226118123531341,"_wandb":{"runtime":432},"_runtime":432,"_step":12,"_timestamp":1.7579550703545008e+09,"Timestep":10}