{"_step":12,"Timestep":10,"Accuracy":37.51,"chance_level":10,"Time Taken to Run the Code(Mins)":0.34488564332326255,"_wandb":{"runtime":19},"_runtime":19,"_timestamp":1.7574245723520794e+09}