{"_timestamp":1.7579319393613076e+09,"Accuracy":37.85,"chance_level":10,"Timestep":10,"Time Taken to Run the Code(Mins)":10.075219762325286,"_wandb":{"runtime":603},"_runtime":603,"_step":12}