{"chance_level":10,"Time Taken to Run the Code(Mins)":9.159091397126515,"_wandb":{"runtime":548},"_runtime":548,"_timestamp":1.7579507373246877e+09,"_step":12,"Timestep":10,"Accuracy":38.29}