{"Time Taken to Run the Code(Mins)":5.341771141688029,"_wandb":{"runtime":319},"_runtime":319,"_step":12,"_timestamp":1.7570875790881152e+09,"Timestep":10,"Accuracy":33.15,"chance_level":10}