{"_runtime":114,"_timestamp":1.757091242110615e+09,"_step":12,"Timestep":10,"Accuracy":31.52,"chance_level":10,"Time Taken to Run the Code(Mins)":1.9291088183720906,"_wandb":{"runtime":114}}