{"_timestamp":1.7597649792620678e+09,"_step":199,"_wandb":{"runtime":2226},"Fine_Tuning_With_Classification/train_loss":0.2640856064950364,"Fine_Tuning_With_Classification/test_loss":0.27183225531788435,"Fine_Tuning_With_Classification/Test_Accuracy":91.69117647058823,"Fine_Tuning_With_Classification/Recon_Training_loss":0.00047157862617139105,"Fine_Tuning_With_Classification/Training_accuracy":92.00949367088609,"Fine_Tuning_With_Classification/Recon_Testing_loss":0.00012066745415829835,"_runtime":2226}