{"Timestep":10,"Accuracy":31.84,"chance_level":10,"Time Taken to Run the Code(Mins)":12.227959322929383,"_wandb":{"runtime":732},"_runtime":732,"_timestamp":1.7582017827494395e+09,"_step":12}