{"_runtime":509,"_step":12,"_timestamp":1.7582131617659333e+09,"Timestep":10,"Accuracy":37.58,"chance_level":10,"Time Taken to Run the Code(Mins)":8.514497125148774,"_wandb":{"runtime":509}}