{"_runtime":538,"_step":12,"_timestamp":1.758207307370162e+09,"Timestep":10,"Accuracy":37.09,"chance_level":10,"Time Taken to Run the Code(Mins)":9.011352666219075,"_wandb":{"runtime":538}}