{"_wandb":{"runtime":444},"_runtime":444,"_timestamp":1.7579578872145512e+09,"_step":12,"Timestep":10,"Accuracy":37.3,"chance_level":10,"Time Taken to Run the Code(Mins)":7.4322520136833194}