{"_step":12,"Timestep":10,"Accuracy":36.2,"chance_level":10,"Time Taken to Run the Code(Mins)":0.32347330649693806,"_wandb":{"runtime":18},"_runtime":18,"_timestamp":1.7574462622689123e+09}