{"Timestep":10,"Accuracy":36.77,"chance_level":10,"Time Taken to Run the Code(Mins)":10.0422536333402,"_wandb":{"runtime":600},"_runtime":600,"_timestamp":1.7579407475566301e+09,"_step":12}