{"Timestep":10,"Accuracy":38.28,"chance_level":10,"Time Taken to Run the Code(Mins)":10.998832972844442,"_wandb":{"runtime":658},"_runtime":658,"_step":12,"_timestamp":1.75793656241666e+09}