{"_wandb":{"runtime":281},"_runtime":281,"_timestamp":1.757083922781947e+09,"_step":12,"Timestep":10,"Accuracy":32.64,"chance_level":10,"Time Taken to Run the Code(Mins)":4.708146250247955}