{"Time Taken to Run the Code(Mins)":11.462191426753998,"_wandb":{"runtime":685},"_runtime":685,"_timestamp":1.7579349034250267e+09,"_step":12,"Timestep":10,"Accuracy":37.56,"chance_level":10}