{"_step":12,"chance_level":10,"Timestep":10,"Accuracy":29.4,"Time Taken to Run the Code(Mins)":8.162950464089711,"_wandb":{"runtime":488},"_runtime":488,"_timestamp":1.7582121129480038e+09}