{"chance_level":10,"Time Taken to Run the Code(Mins)":9.20804480711619,"_wandb":{"runtime":551},"_runtime":551,"_timestamp":1.7579501047241797e+09,"_step":12,"Timestep":10,"Accuracy":38.24}