{"_wandb":{"runtime":19},"_runtime":19,"_timestamp":1.7574368621637585e+09,"_step":12,"Timestep":10,"Accuracy":38.31,"chance_level":10,"Time Taken to Run the Code(Mins)":0.3355526407559713}