{"_step":12,"Timestep":10,"Accuracy":37.11,"chance_level":10,"Time Taken to Run the Code(Mins)":8.135601580142975,"_wandb":{"runtime":486},"_runtime":486,"_timestamp":1.7579462983948467e+09}