{"Time Taken to Run the Code(Mins)":5.2819740772247314,"_wandb":{"runtime":315},"_runtime":315,"_step":12,"_timestamp":1.7570864173068566e+09,"Timestep":10,"Accuracy":32,"chance_level":10}