{"_runtime":18,"_timestamp":1.7574198903592854e+09,"_step":12,"Timestep":10,"Accuracy":38.33,"chance_level":10,"Time Taken to Run the Code(Mins)":0.33680493434270226,"_wandb":{"runtime":18}}