{"_step":12,"Accuracy":36.4,"chance_level":10,"Timestep":10,"Time Taken to Run the Code(Mins)":7.136942060788472,"_wandb":{"runtime":426},"_runtime":426,"_timestamp":1.758197914417952e+09}