{"Timestep":10,"Accuracy":35.79,"chance_level":10,"Time Taken to Run the Code(Mins)":0.33549471696217853,"_wandb":{"runtime":19},"_runtime":19,"_timestamp":1.7574356695911088e+09,"_step":12}