{"_step":12,"MediaLogs/gauss_0.06":{"width":138,"height":70,"caption":"Noisy Images: gauss 0.06","_type":"image-file","sha256":"fb4f18abaa786478c902089c03246b573543818264d6cd766815c05412f01760","size":18959,"path":"media/images/MediaLogs/gauss_0.06_0_fb4f18abaa786478c902.png","format":"png"},"Timestep":10,"chance_level":10,"_wandb":{"runtime":16},"_timestamp":1.7515468059155087e+09,"Accuracy":57.15,"Time Taken to Run the Code(Mins)":0.27301369508107504,"_runtime":16.079877215}