{"_runtime":546,"_timestamp":1.7579500899567432e+09,"_step":12,"Timestep":10,"Accuracy":38.31,"chance_level":10,"Time Taken to Run the Code(Mins)":9.13238839705785,"_wandb":{"runtime":546}}