{"Timestep":10,"Accuracy":38.29,"Time Taken to Run the Code(Mins)":9.116217736403147,"_wandb":{"runtime":545},"_runtime":545,"_timestamp":1.7579433719675987e+09,"_step":12,"chance_level":10}