{"_timestamp":1.757431871990392e+09,"_step":12,"Timestep":10,"Accuracy":38.39,"chance_level":10,"Time Taken to Run the Code(Mins)":0.3282487392425537,"_wandb":{"runtime":18},"_runtime":18}