{"chance_level":10,"Time Taken to Run the Code(Mins)":9.122869892915089,"_wandb":{"runtime":546},"_runtime":546,"_timestamp":1.758210175690434e+09,"_step":12,"Timestep":10,"Accuracy":30.44}