{"chance_level":10,"Time Taken to Run the Code(Mins)":8.219143672784169,"_wandb":{"runtime":492},"_runtime":492,"_timestamp":1.757943885725004e+09,"_step":12,"Timestep":10,"Accuracy":38.13}