{"_runtime":402,"_timestamp":1.7581912074557893e+09,"_step":12,"Timestep":10,"Accuracy":34.07,"chance_level":10,"Time Taken to Run the Code(Mins)":6.744029331207275,"_wandb":{"runtime":402}}