{"_runtime":160,"_timestamp":1.7570897024222624e+09,"_step":12,"Timestep":10,"Accuracy":31.75,"chance_level":10,"Time Taken to Run the Code(Mins)":2.708648920059204,"_wandb":{"runtime":160}}