{"_runtime":485,"_step":12,"_timestamp":1.7579469301382644e+09,"Timestep":10,"Accuracy":36.23,"chance_level":10,"Time Taken to Run the Code(Mins)":8.116010189056396,"_wandb":{"runtime":485}}