{"_wandb":{"runtime":455},"_runtime":455,"_timestamp":1.7579594133785388e+09,"_step":12,"Timestep":10,"Accuracy":37.05,"chance_level":10,"Time Taken to Run the Code(Mins)":7.621711258093516}