{"_runtime":589,"_timestamp":1.7579359200544014e+09,"_step":12,"Accuracy":38.35,"chance_level":10,"Timestep":10,"Time Taken to Run the Code(Mins)":9.849043575922648,"_wandb":{"runtime":589}}