{"_runtime":260,"_step":12,"_timestamp":1.757083896144722e+09,"Timestep":10,"Accuracy":32.65,"chance_level":10,"Time Taken to Run the Code(Mins)":4.3603821794192,"_wandb":{"runtime":260}}