{"Timestep":10,"Accuracy":37.42,"chance_level":10,"Time Taken to Run the Code(Mins)":0.33658660650253297,"_wandb":{"runtime":19},"_runtime":19,"_timestamp":1.7574335816079578e+09,"_step":12}