{"_wandb":{"runtime":16},"_step":12,"chance_level":10,"_runtime":16.114355159,"MediaLogs/s&p_0.2":{"height":70,"caption":"Noisy Images: s&p 0.2","_type":"image-file","sha256":"258790cc567a266b10ae4c3402110f4a77c2a2ad20e989f48a1132a7e187dd37","size":22652,"path":"media/images/MediaLogs/s&p_0.2_0_258790cc567a266b10ae.png","format":"png","width":138},"Timestep":10,"Accuracy":31.01,"Time Taken to Run the Code(Mins)":0.2738198479016622,"_timestamp":1.7514683838013587e+09}