{"_wandb":{"runtime":18},"_runtime":18,"_step":12,"_timestamp":1.7574392019897132e+09,"Timestep":10,"Accuracy":37.14,"chance_level":10,"Time Taken to Run the Code(Mins)":0.32637394666671754}