{"_runtime":19,"_timestamp":1.7574393097353585e+09,"_step":12,"Timestep":10,"Accuracy":37.09,"chance_level":10,"Time Taken to Run the Code(Mins)":0.341923725605011,"_wandb":{"runtime":19}}