{"_step":11,"Time Taken to Run the Code(Mins)":0.27560285329818723,"_wandb":{"runtime":16},"Timestep":10,"Accuracy":69.69,"_timestamp":1.7513748239421337e+09,"_runtime":16.258493261}