{"Timestep":10,"Accuracy":38.41,"chance_level":10,"Time Taken to Run the Code(Mins)":0.33294882376988727,"_wandb":{"runtime":18},"_runtime":18,"_timestamp":1.7574183089796917e+09,"_step":12}