{"_step":12,"_timestamp":1.7579311949025254e+09,"Timestep":10,"Accuracy":37.76,"chance_level":10,"Time Taken to Run the Code(Mins)":10.52609068552653,"_wandb":{"runtime":629},"_runtime":629}