{"Accuracy":31.33,"chance_level":10,"Time Taken to Run the Code(Mins)":0.8120867292086283,"_wandb":{"runtime":47},"_runtime":47,"_step":12,"_timestamp":1.7570749097367532e+09,"Timestep":10}