{"_wandb":{"runtime":589},"_runtime":589,"_timestamp":1.7582003500732205e+09,"_step":12,"Timestep":10,"Accuracy":31.49,"chance_level":10,"Time Taken to Run the Code(Mins)":9.85155203739802}