{"Timestep":10,"Accuracy":35.91,"chance_level":10,"Time Taken to Run the Code(Mins)":0.3313206394513448,"_wandb":{"runtime":18},"_runtime":18,"_timestamp":1.7574408046693606e+09,"_step":12}