{"Timestep":10,"Accuracy":31.93,"chance_level":10,"Time Taken to Run the Code(Mins)":7.28864920536677,"_wandb":{"runtime":435},"_runtime":435,"_timestamp":1.7582206521359327e+09,"_step":12}