{"_wandb":{"runtime":528},"_runtime":528,"_timestamp":1.7582073093822863e+09,"_step":12,"chance_level":10,"Timestep":10,"Accuracy":37.13,"Time Taken to Run the Code(Mins)":8.82833350499471}