{"Accuracy":38.37,"chance_level":10,"Time Taken to Run the Code(Mins)":0.32741674582163494,"_wandb":{"runtime":18},"_runtime":18,"_timestamp":1.7574190475290384e+09,"_step":12,"Timestep":10}