{"_timestamp":1.7519686830279064e+09,"_step":12,"chance_level":10,"Timestep":10,"_wandb":{"runtime":15},"_runtime":15.982162316,"MediaLogs/gauss_0.0":{"format":"png","width":138,"height":70,"caption":"Noisy Images: gauss 0.0","_type":"image-file","sha256":"1351f578828d886452347dc6a8a5d01cff2cec649d66f35cdd7f696cc437603a","size":18482,"path":"media/images/MediaLogs/gauss_0.0_0_1351f578828d88645234.png"},"Accuracy":70.05,"Time Taken to Run the Code(Mins)":0.2714143792788188}