{"_wandb":{"runtime":781},"_runtime":781,"_timestamp":1.7582014846745715e+09,"_step":12,"Timestep":10,"Accuracy":31.83,"chance_level":10,"Time Taken to Run the Code(Mins)":13.06379158894221}