{"Time Taken to Run the Code(Mins)":7.367840218544006,"_wandb":{"runtime":440},"_runtime":440,"_timestamp":1.7579556180545204e+09,"_step":12,"Timestep":10,"Accuracy":38.18,"chance_level":10}