{"Timestep":10,"Accuracy":36.19,"chance_level":10,"Time Taken to Run the Code(Mins)":0.32835322618484497,"_wandb":{"runtime":18},"_runtime":18,"_timestamp":1.7574458796211836e+09,"_step":12}