{"_timestamp":1.7582207485636594e+09,"_step":12,"Timestep":10,"Accuracy":32.08,"chance_level":10,"Time Taken to Run the Code(Mins)":5.9752293427785235,"_wandb":{"runtime":357},"_runtime":357}