{"Time Taken to Run the Code(Mins)":8.865631222724915,"_wandb":{"runtime":530},"_runtime":530,"_timestamp":1.7581975442641585e+09,"_step":12,"Timestep":10,"Accuracy":31.05,"chance_level":10}