{"chance_level":10,"Timestep":10,"Accuracy":37.05,"Time Taken to Run the Code(Mins)":9.632426301638285,"_wandb":{"runtime":576},"_runtime":576,"_timestamp":1.7579392377595792e+09,"_step":12}