{"_timestamp":1.757954620895007e+09,"_step":12,"Timestep":10,"Accuracy":36.16,"chance_level":10,"Time Taken to Run the Code(Mins)":8.511945565541586,"_wandb":{"runtime":509},"_runtime":509}