{"Time Taken to Run the Code(Mins)":0.27589377562205,"_runtime":16.242554538,"_step":12,"_timestamp":1.7519652787920191e+09,"_wandb":{"runtime":16},"chance_level":10,"Accuracy":58.92,"MediaLogs/gauss_0.2":{"format":"png","width":138,"height":70,"caption":"Noisy Images: gauss 0.2","_type":"image-file","sha256":"45f4dc678aa706151bebfea1540f5a37a816d74589f6ccf6fdeedb9f2f08c515","size":20156,"path":"media/images/MediaLogs/gauss_0.2_0_45f4dc678aa706151beb.png"},"Timestep":10}