{"_runtime":650,"_timestamp":1.75792322991554e+09,"_step":12,"Timestep":10,"Accuracy":38.01,"chance_level":10,"Time Taken to Run the Code(Mins)":10.856458683808645,"_wandb":{"runtime":650}}