{"_step":12,"Timestep":10,"Accuracy":37.98,"chance_level":10,"Time Taken to Run the Code(Mins)":10.637158079942067,"_wandb":{"runtime":636},"_runtime":636,"_timestamp":1.7579370220102723e+09}