{"_step":12,"chance_level":10,"Timestep":10,"Accuracy":30.72,"Time Taken to Run the Code(Mins)":12.893578084309896,"_wandb":{"runtime":771},"_runtime":771,"_timestamp":1.7582027285487013e+09}