{"Timestep":10,"Accuracy":37.56,"chance_level":10,"Time Taken to Run the Code(Mins)":7.873453370730082,"_wandb":{"runtime":470},"_runtime":470,"_timestamp":1.7579346867157278e+09,"_step":12}