{"Time Taken to Run the Code(Mins)":8.066552007198334,"_wandb":{"runtime":482},"_runtime":482,"_timestamp":1.7579464576409194e+09,"_step":12,"Timestep":10,"Accuracy":37.21,"chance_level":10}