{"Timestep":10,"Accuracy":29.37,"chance_level":10,"Time Taken to Run the Code(Mins)":5.96742981672287,"_wandb":{"runtime":356},"_runtime":356,"_timestamp":1.7582122442565668e+09,"_step":12}