{"_runtime":16.022984524,"Timestep":10,"Accuracy":41.02,"MediaLogs/s&p_0.04":{"format":"png","width":138,"height":70,"caption":"Noisy Images: s&p 0.04","_type":"image-file","sha256":"baea8452707910ea8f11d21702ce13dee1e2cd0558f06ac1145b6522d5554591","size":20448,"path":"media/images/MediaLogs/s&p_0.04_0_baea8452707910ea8f11.png"},"_timestamp":1.7516408645590467e+09,"Time Taken to Run the Code(Mins)":0.27213673988978065,"_wandb":{"runtime":16},"_step":12,"chance_level":10}