{"Accuracy":37.05,"chance_level":10,"Time Taken to Run the Code(Mins)":6.905312387148539,"_wandb":{"runtime":412},"_runtime":412,"_timestamp":1.7579593463808258e+09,"_step":12,"Timestep":10}