{"_timestamp":1.7581907203648283e+09,"Timestep":10,"Accuracy":34.01,"chance_level":10,"Time Taken to Run the Code(Mins)":7.20764745871226,"_wandb":{"runtime":431},"_runtime":431,"_step":12}