{"Accuracy":35.81,"Time Taken to Run the Code(Mins)":6.9759549776713055,"_wandb":{"runtime":416},"_runtime":416,"_timestamp":1.7581883934510455e+09,"_step":12,"chance_level":10,"Timestep":10}