{"Time Taken to Run the Code(Mins)":0.3220876614252726,"_wandb":{"runtime":18},"_runtime":18,"_timestamp":1.757439445694466e+09,"_step":12,"Accuracy":37.14,"chance_level":10,"Timestep":10}