{"_timestamp":1.7574242357114625e+09,"_step":12,"Timestep":10,"Accuracy":37.5,"chance_level":10,"Time Taken to Run the Code(Mins)":0.34330403010050453,"_wandb":{"runtime":19},"_runtime":19}