{"_timestamp":1.7574288010568113e+09,"Timestep":10,"Accuracy":37.35,"chance_level":10,"Time Taken to Run the Code(Mins)":0.33786096175511676,"_wandb":{"runtime":19},"_runtime":19,"_step":12}