{"_step":11,"Timestep":10,"Time Taken to Run the Code(Mins)":0.26258240938186644,"_wandb":{"runtime":15},"Accuracy":69.69,"_timestamp":1.7513769143935034e+09,"_runtime":15.521769471}