{"_timestamp":1.7527561140010073e+09,"Accuracy":51.12,"_runtime":16.586010428,"Timestep":10,"_step":12,"chance_level":10,"Time Taken to Run the Code(Mins)":0.28153600692749026,"_wandb":{"runtime":16},"MediaLogs/gauss_0.6":{"format":"png","width":138,"height":70,"caption":"Noisy Images: gauss 0.6","_type":"image-file","sha256":"71e7e49c617876a92187f5f8ac37579a945a9374c00d35e39fc54ca17076c745","size":21734,"path":"media/images/MediaLogs/gauss_0.6_0_71e7e49c617876a92187.png"}}