{"_step":12,"Timestep":10,"Accuracy":31.11,"chance_level":10,"Time Taken to Run the Code(Mins)":4.589458580811819,"_wandb":{"runtime":274},"_runtime":274,"_timestamp":1.7570914707809093e+09}