{"Time Taken to Run the Code(Mins)":4.0072292248408,"_wandb":{"runtime":239},"_runtime":239,"_timestamp":1.7570830472926588e+09,"_step":12,"Timestep":10,"Accuracy":33.06,"chance_level":10}