{"_runtime":16.729968441,"MediaLogs/s&p_0.02":{"path":"media/images/MediaLogs/s&p_0.02_0_6d9678668fc378e1951b.png","format":"png","width":138,"height":70,"caption":"Noisy Images: s&p 0.02","_type":"image-file","sha256":"6d9678668fc378e1951bb630f4f538672833bbd927b8b3128ea48471d230098d","size":19693},"Timestep":10,"Time Taken to Run the Code(Mins)":0.28390111128489176,"_timestamp":1.7516386075130727e+09,"_wandb":{"runtime":16},"_step":12,"Accuracy":51.87,"chance_level":10}