{"_runtime":18,"_timestamp":1.7574236076473093e+09,"_step":12,"Timestep":10,"Accuracy":37.73,"chance_level":10,"Time Taken to Run the Code(Mins)":0.33185008764266966,"_wandb":{"runtime":18}}