{"_step":12,"Timestep":10,"Accuracy":32.73,"chance_level":10,"Time Taken to Run the Code(Mins)":5.007082581520081,"_wandb":{"runtime":299},"_runtime":299,"_timestamp":1.7570836324931085e+09}