{"_step":12,"Timestep":10,"Accuracy":38.36,"chance_level":10,"Time Taken to Run the Code(Mins)":10.17445327838262,"_wandb":{"runtime":608},"_runtime":608,"_timestamp":1.7579244587022028e+09}