{"MediaLogs/gauss_0.2":{"sha256":"45f4dc678aa706151bebfea1540f5a37a816d74589f6ccf6fdeedb9f2f08c515","size":20156,"path":"media/images/MediaLogs/gauss_0.2_0_45f4dc678aa706151beb.png","format":"png","width":138,"height":70,"caption":"Noisy Images: gauss 0.2","_type":"image-file"},"chance_level":10,"Accuracy":62.02,"_wandb":{"runtime":17},"_runtime":17.535382151,"_step":12,"Timestep":10,"_timestamp":1.7516490644729323e+09,"Time Taken to Run the Code(Mins)":0.2973241766293844}