{"Time Taken to Run the Code(Mins)":0.6239149332046509,"_runtime":37.128635979,"MediaLogs/gauss_0.06":{"path":"media/images/MediaLogs/gauss_0.06_0_fb4f18abaa786478c902.png","format":"png","width":138,"height":70,"caption":"Noisy Images: gauss 0.06","_type":"image-file","sha256":"fb4f18abaa786478c902089c03246b573543818264d6cd766815c05412f01760","size":18959},"Accuracy":60.18,"chance_level":10,"_timestamp":1.7514726793986466e+09,"_wandb":{"runtime":37},"Timestep":10,"_step":12}