{"_runtime":568,"_timestamp":1.75820526696724e+09,"_step":12,"Timestep":10,"Accuracy":29.64,"chance_level":10,"Time Taken to Run the Code(Mins)":9.500511646270752,"_wandb":{"runtime":568}}