{"_step":12,"_timestamp":1.7579539658778703e+09,"Timestep":10,"Accuracy":36.94,"chance_level":10,"Time Taken to Run the Code(Mins)":8.413244998455047,"_wandb":{"runtime":503},"_runtime":503}