{"_timestamp":1.7582176647701857e+09,"_step":12,"Timestep":10,"Accuracy":29.73,"chance_level":10,"Time Taken to Run the Code(Mins)":6.3388284802436825,"_wandb":{"runtime":378},"_runtime":378}