{"_wandb":{"runtime":586},"_runtime":586,"_step":12,"_timestamp":1.7579289327528672e+09,"Timestep":10,"Accuracy":38.31,"chance_level":10,"Time Taken to Run the Code(Mins)":9.794660115242005}