{"Timestep":10,"Time Taken to Run the Code(Mins)":0.2747361779212952,"_wandb":{"runtime":16},"MediaLogs/gauss_0.06":{"format":"png","width":138,"height":70,"caption":"Noisy Images: gauss 0.06","_type":"image-file","sha256":"fb4f18abaa786478c902089c03246b573543818264d6cd766815c05412f01760","size":18959,"path":"media/images/MediaLogs/gauss_0.06_0_fb4f18abaa786478c902.png"},"_timestamp":1.7515315059910922e+09,"Accuracy":65.06,"_step":12,"_runtime":16.184769524,"chance_level":10}