{"Time Taken to Run the Code(Mins)":0.3334684769312541,"_wandb":{"runtime":18},"_runtime":18,"_timestamp":1.757417660023555e+09,"_step":12,"Timestep":10,"Accuracy":38.38,"chance_level":10}