{"_runtime":481,"_step":12,"_timestamp":1.758214178481078e+09,"Timestep":10,"Accuracy":35.19,"chance_level":10,"Time Taken to Run the Code(Mins)":8.037169988950094,"_wandb":{"runtime":481}}