{"chance_level":10,"Time Taken to Run the Code(Mins)":12.637035890420277,"_wandb":{"runtime":756},"_runtime":756,"_timestamp":1.7582018628921583e+09,"_step":12,"Timestep":10,"Accuracy":30.36}