{"Time Taken to Run the Code(Mins)":8.155656989415487,"_wandb":{"runtime":487},"_runtime":487,"_timestamp":1.758194036225668e+09,"_step":12,"chance_level":10,"Timestep":10,"Accuracy":33.93}