{"chance_level":10,"Timestep":10,"Accuracy":38.42,"Time Taken to Run the Code(Mins)":8.979710936546326,"_wandb":{"runtime":536},"_runtime":536,"_timestamp":1.7579269207925918e+09,"_step":12}