{"chance_level":10,"Timestep":10,"Accuracy":37.18,"Time Taken to Run the Code(Mins)":0.3375005563100179,"_wandb":{"runtime":19},"_runtime":19,"_timestamp":1.7574395537783248e+09,"_step":12}