{"_wandb":{"runtime":585},"_runtime":585,"_timestamp":1.7579337689159675e+09,"_step":12,"Timestep":10,"Accuracy":37.64,"chance_level":10,"Time Taken to Run the Code(Mins)":9.790229213237762}