{"_step":12,"Timestep":10,"Accuracy":38.36,"chance_level":10,"Time Taken to Run the Code(Mins)":8.687926538785298,"_wandb":{"runtime":520},"_runtime":520,"_timestamp":1.7579247599106195e+09}