{"Timestep":10,"Time Taken to Run the Code(Mins)":0.26298791567484536,"_wandb":{"runtime":15},"Accuracy":69.69,"_timestamp":1.7513765657801778e+09,"_runtime":15.54238298,"_step":11}