{"Timestep":10,"Accuracy":36.53,"chance_level":10,"Time Taken to Run the Code(Mins)":7.928244284788767,"_wandb":{"runtime":474},"_runtime":474,"_timestamp":1.7579474976953928e+09,"_step":12}