{"_wandb":{"runtime":500},"_runtime":500,"_timestamp":1.7579449244113004e+09,"_step":12,"Timestep":10,"Accuracy":37.45,"chance_level":10,"Time Taken to Run the Code(Mins)":8.363409248987834}