{"chance_level":10,"Time Taken to Run the Code(Mins)":8.25775788227717,"_wandb":{"runtime":494},"_runtime":494,"_timestamp":1.7582136769234147e+09,"_step":12,"Timestep":10,"Accuracy":35.16}