{"Accuracy":34.7,"chance_level":10,"Timestep":10,"Time Taken to Run the Code(Mins)":7.373772939046224,"_wandb":{"runtime":440},"_runtime":440,"_timestamp":1.7581893759232588e+09,"_step":12}