{"Timestep":10,"Accuracy":29.12,"chance_level":10,"Time Taken to Run the Code(Mins)":6.5562242070833845,"_wandb":{"runtime":391},"_runtime":391,"_timestamp":1.7582116214326603e+09,"_step":12}