{"chance_level":10,"Time Taken to Run the Code(Mins)":7.747900001207987,"_wandb":{"runtime":463},"_runtime":463,"_timestamp":1.7581898812626743e+09,"_step":12,"Timestep":10,"Accuracy":34.24}