{"_wandb":{"runtime":19},"_runtime":19,"_timestamp":1.7574183362717006e+09,"_step":12,"Timestep":10,"Accuracy":38.4,"chance_level":10,"Time Taken to Run the Code(Mins)":0.33506641785303753}