{"Accuracy":51.948507164008916,"chance_level":10,"_wandb":{"runtime":20},"_runtime":20,"_timestamp":1.7611479916986113e+09,"_step":11,"Timestep":10}