{"Accuracy":37.28,"chance_level":10,"Time Taken to Run the Code(Mins)":0.3404592235883077,"_wandb":{"runtime":19},"_runtime":19,"_timestamp":1.7574446592224486e+09,"_step":12,"Timestep":10}