{"_step":12,"Accuracy":38.22,"chance_level":10,"Timestep":10,"Time Taken to Run the Code(Mins)":8.85734320084254,"_wandb":{"runtime":529},"_runtime":529,"_timestamp":1.7579442526823387e+09}