{"chance_level":10,"Timestep":10,"Accuracy":33.88,"Time Taken to Run the Code(Mins)":9.61000675757726,"_wandb":{"runtime":575},"_runtime":575,"_timestamp":1.7582002044539778e+09,"_step":12}