{"Timestep":10,"Accuracy":36.29,"Time Taken to Run the Code(Mins)":0.3336341420809428,"_wandb":{"runtime":18},"_runtime":18,"_timestamp":1.7574351805179508e+09,"_step":12,"chance_level":10}