{"_wandb":{"runtime":18},"_runtime":18,"_timestamp":1.7574364543005104e+09,"_step":12,"Timestep":10,"Accuracy":38.41,"chance_level":10,"Time Taken to Run the Code(Mins)":0.33147263526916504}