{"Accuracy":33.75,"chance_level":10,"Time Taken to Run the Code(Mins)":6.958993375301361,"_wandb":{"runtime":415},"_runtime":415,"_timestamp":1.7581932790951912e+09,"_step":12,"Timestep":10}