{"_timestamp":1.7581929817872477e+09,"_step":12,"Timestep":10,"Accuracy":36.5,"chance_level":10,"Time Taken to Run the Code(Mins)":6.953973642985026,"_wandb":{"runtime":415},"_runtime":415}