{"chance_level":10,"Timestep":10,"Time Taken to Run the Code(Mins)":6.860021603107453,"_wandb":{"runtime":410},"_runtime":410,"_timestamp":1.7581933474949698e+09,"_step":12,"Accuracy":33.79}