{"_runtime":556,"_timestamp":1.7579379708013384e+09,"_step":12,"Timestep":10,"Accuracy":37.33,"chance_level":10,"Time Taken to Run the Code(Mins)":9.288569084803264,"_wandb":{"runtime":556}}