{"Accuracy":33.86,"chance_level":10,"Time Taken to Run the Code(Mins)":7.59164734284083,"_wandb":{"runtime":453},"_runtime":453,"_timestamp":1.75819352981775e+09,"_step":12,"Timestep":10}