{"_step":12,"Timestep":10,"Accuracy":37.23,"chance_level":10,"Time Taken to Run the Code(Mins)":8.688448190689087,"_wandb":{"runtime":518},"_runtime":518,"_timestamp":1.7581869053296492e+09}