{"_timestamp":1.7582224765893922e+09,"_step":12,"Timestep":10,"Accuracy":29.85,"chance_level":10,"Time Taken to Run the Code(Mins)":7.278262869517008,"_wandb":{"runtime":435},"_runtime":435}