{"_timestamp":1.7513834420653868e+09,"_runtime":15.558241233,"_step":11,"Time Taken to Run the Code(Mins)":0.263397487004598,"_wandb":{"runtime":15},"Timestep":10,"Accuracy":59.52}