{"Timestep":10,"Accuracy":37.51,"chance_level":10,"Time Taken to Run the Code(Mins)":0.3294113953908285,"_wandb":{"runtime":18},"_runtime":18,"_step":12,"_timestamp":1.7574253184101665e+09}