{"_step":12,"Timestep":10,"Accuracy":36.11,"chance_level":10,"Time Taken to Run the Code(Mins)":9.393622422218323,"_wandb":{"runtime":562},"_runtime":562,"_timestamp":1.7579483879890158e+09}