{"Accuracy":36.06,"chance_level":10,"Time Taken to Run the Code(Mins)":0.33582115173339844,"_wandb":{"runtime":19},"_runtime":19,"_timestamp":1.7574411811793478e+09,"_step":12,"Timestep":10}