{"_step":12,"Accuracy":37.91,"chance_level":10,"Timestep":10,"Time Taken to Run the Code(Mins)":7.400534335772196,"_wandb":{"runtime":442},"_runtime":442,"_timestamp":1.7582178776820347e+09}