{"_runtime":400,"_step":12,"_timestamp":1.7581897676721923e+09,"Timestep":10,"Accuracy":34.23,"chance_level":10,"Time Taken to Run the Code(Mins)":6.697525811195374,"_wandb":{"runtime":400}}