{"_wandb":{"runtime":237},"_runtime":237,"_timestamp":1.757089036149175e+09,"_step":12,"Accuracy":33.04,"chance_level":10,"Timestep":10,"Time Taken to Run the Code(Mins)":3.9755977392196655}