{"_step":12,"_timestamp":1.7582169380797272e+09,"Timestep":10,"Accuracy":30.51,"chance_level":10,"Time Taken to Run the Code(Mins)":6.7746862729390465,"_wandb":{"runtime":405},"_runtime":405}