{"MediaLogs/s&p_0.04":{"format":"png","width":138,"height":70,"caption":"Noisy Images: s&p 0.04","_type":"image-file","sha256":"baea8452707910ea8f11d21702ce13dee1e2cd0558f06ac1145b6522d5554591","size":20448,"path":"media/images/MediaLogs/s&p_0.04_0_baea8452707910ea8f11.png"},"Timestep":10,"_step":12,"Accuracy":41.5,"_runtime":15.999345173,"Time Taken to Run the Code(Mins)":0.27166882356007893,"_wandb":{"runtime":16},"_timestamp":1.751640912061799e+09,"chance_level":10}