{"chance_level":10,"Time Taken to Run the Code(Mins)":7.773701842625936,"_wandb":{"runtime":465},"_runtime":465,"_timestamp":1.7574161595543487e+09,"_step":12,"Timestep":10,"Accuracy":38.05}