{"MediaLogs/gauss_0.06":{"width":138,"height":70,"caption":"Noisy Images: gauss 0.06","_type":"image-file","sha256":"fb4f18abaa786478c902089c03246b573543818264d6cd766815c05412f01760","size":18959,"path":"media/images/MediaLogs/gauss_0.06_0_fb4f18abaa786478c902.png","format":"png"},"_runtime":15.99889177,"Timestep":10,"Accuracy":58.42,"Time Taken to Run the Code(Mins)":0.27170421679814655,"_step":12,"_wandb":{"runtime":16},"_timestamp":1.751552179691233e+09,"chance_level":10}