{"Time Taken to Run the Code(Mins)":7.554940060774485,"_wandb":{"runtime":452},"_runtime":452,"_timestamp":1.7579588320531812e+09,"_step":12,"Timestep":10,"Accuracy":36.91,"chance_level":10}