{"Timestep":10,"Accuracy":38.33,"chance_level":10,"Time Taken to Run the Code(Mins)":10.178854358196258,"_wandb":{"runtime":609},"_runtime":609,"_timestamp":1.7579244535933566e+09,"_step":12}