{"_runtime":403,"_timestamp":1.7582185751831677e+09,"_step":12,"Timestep":10,"Accuracy":37.94,"chance_level":10,"Time Taken to Run the Code(Mins)":6.744374438126882,"_wandb":{"runtime":403}}