{"Accuracy":37.67,"chance_level":10,"Time Taken to Run the Code(Mins)":0.3361360232035319,"_wandb":{"runtime":18},"_runtime":18,"_timestamp":1.7574385304085534e+09,"_step":12,"Timestep":10}