{"_timestamp":1.7579526676498373e+09,"_step":12,"Timestep":10,"Accuracy":37.18,"chance_level":10,"Time Taken to Run the Code(Mins)":9.520293080806733,"_wandb":{"runtime":569},"_runtime":569}