{"_step":12,"Timestep":10,"Accuracy":36.5,"chance_level":10,"Time Taken to Run the Code(Mins)":7.5926962415377295,"_wandb":{"runtime":453},"_runtime":453,"_timestamp":1.7581983479166906e+09}