{"Time Taken to Run the Code(Mins)":0.36594996054967244,"_wandb":{"runtime":20},"_runtime":20,"_timestamp":1.7574230276199777e+09,"_step":12,"Timestep":10,"Accuracy":38.12,"chance_level":10}