{"Time Taken to Run the Code(Mins)":0.32951744000116984,"_wandb":{"runtime":18},"_runtime":18,"_timestamp":1.757436646055059e+09,"_step":12,"Timestep":10,"Accuracy":38.37,"chance_level":10}