{"Time Taken to Run the Code(Mins)":10.38005569378535,"_wandb":{"runtime":620},"_runtime":620,"_step":12,"_timestamp":1.7579225640339437e+09,"chance_level":10,"Timestep":10,"Accuracy":38.02}