{"chance_level":10,"Time Taken to Run the Code(Mins)":0.29303427537282306,"_timestamp":1.7515322375114899e+09,"_step":12,"_wandb":{"runtime":17},"Timestep":10,"Accuracy":69.28,"_runtime":17.272388647,"MediaLogs/s&p_0.0":{"path":"media/images/MediaLogs/s&p_0.0_0_1351f578828d88645234.png","format":"png","width":138,"height":70,"caption":"Noisy Images: s&p 0.0","_type":"image-file","sha256":"1351f578828d886452347dc6a8a5d01cff2cec649d66f35cdd7f696cc437603a","size":18482}}