{"Time Taken to Run the Code(Mins)":0.3298635760943095,"_wandb":{"runtime":18},"_runtime":18,"_timestamp":1.7574277447755213e+09,"_step":12,"Timestep":10,"Accuracy":37.96,"chance_level":10}