{"_wandb":{"runtime":415},"_runtime":415,"_timestamp":1.7582229255714376e+09,"_step":12,"Timestep":10,"Accuracy":30.27,"chance_level":10,"Time Taken to Run the Code(Mins)":6.947563187281291}