{"Accuracy":32.94,"chance_level":10,"Time Taken to Run the Code(Mins)":4.666011059284211,"_wandb":{"runtime":278},"_runtime":278,"_timestamp":1.7570905859450674e+09,"_step":12,"Timestep":10}