{"Time Taken to Run the Code(Mins)":4.337399860223134,"_wandb":{"runtime":259},"_runtime":259,"_timestamp":1.757087240896531e+09,"_step":12,"Timestep":10,"Accuracy":31.15,"chance_level":10}