{"Timestep":10,"_step":12,"MediaLogs/s&p_0.02":{"height":70,"caption":"Noisy Images: s&p 0.02","_type":"image-file","sha256":"6d9678668fc378e1951bb630f4f538672833bbd927b8b3128ea48471d230098d","size":19693,"path":"media/images/MediaLogs/s&p_0.02_0_6d9678668fc378e1951b.png","format":"png","width":138},"_timestamp":1.7516385829481905e+09,"Accuracy":54.44,"chance_level":10,"Time Taken to Run the Code(Mins)":0.2871911565462748,"_runtime":16.933710454,"_wandb":{"runtime":16}}