{"Timestep":10,"Accuracy":30.14,"chance_level":10,"Time Taken to Run the Code(Mins)":6.492090177536011,"_wandb":{"runtime":387},"_runtime":387,"_step":12,"_timestamp":1.7582163693295896e+09}