{"_step":12,"Timestep":10,"Accuracy":37.51,"chance_level":10,"Time Taken to Run the Code(Mins)":11.61029132604599,"_wandb":{"runtime":695},"_runtime":695,"_timestamp":1.7579344837152472e+09}