{"MediaLogs/gauss_0.0":{"size":18482,"path":"media/images/MediaLogs/gauss_0.0_0_1351f578828d88645234.png","format":"png","width":138,"height":70,"caption":"Noisy Images: gauss 0.0","_type":"image-file","sha256":"1351f578828d886452347dc6a8a5d01cff2cec649d66f35cdd7f696cc437603a"},"Timestep":10,"Time Taken to Run the Code(Mins)":0.27167937755584715,"chance_level":10,"Accuracy":59.26,"_wandb":{"runtime":15},"_runtime":15.995859134,"_timestamp":1.7514723591263382e+09,"_step":12}