{"Accuracy":33.88,"chance_level":10,"Time Taken to Run the Code(Mins)":7.616216015815735,"_wandb":{"runtime":455},"_runtime":455,"_timestamp":1.7581935434243062e+09,"_step":12,"Timestep":10}