{"_wandb":{"runtime":445},"_runtime":445,"_timestamp":1.7581916380665674e+09,"_step":12,"Timestep":10,"Accuracy":33.83,"chance_level":10,"Time Taken to Run the Code(Mins)":7.438816293080648}