{"_step":12,"Timestep":10,"Accuracy":31.68,"chance_level":10,"Time Taken to Run the Code(Mins)":4.053589638074239,"_wandb":{"runtime":242},"_runtime":242,"_timestamp":1.757089646459421e+09}