{"Time Taken to Run the Code(Mins)":15.656067891915638,"_wandb":{"runtime":937},"_runtime":937,"_timestamp":1.7582036545742607e+09,"_step":12,"Timestep":10,"Accuracy":29.86,"chance_level":10}