{"Timestep":10,"Accuracy":38.42,"Time Taken to Run the Code(Mins)":0.34008658727010094,"_wandb":{"runtime":19},"_runtime":19,"_step":12,"_timestamp":1.7574271176635616e+09,"chance_level":10}