{"Timestep":10,"Accuracy":37.8,"chance_level":10,"Time Taken to Run the Code(Mins)":0.3404239058494568,"_wandb":{"runtime":19},"_runtime":19,"_timestamp":1.7574239081357446e+09,"_step":12}