{"_step":12,"Timestep":10,"Accuracy":38.02,"chance_level":10,"Time Taken to Run the Code(Mins)":7.134043614069621,"_wandb":{"runtime":426},"_runtime":426,"_timestamp":1.757923005521454e+09}