{"Time Taken to Run the Code(Mins)":0.2700051307678223,"_wandb":{"runtime":15},"_runtime":15.898288495,"Timestep":10,"MediaLogs/gauss_0.04":{"width":138,"height":70,"caption":"Noisy Images: gauss 0.04","_type":"image-file","sha256":"bc6a87b22c7ea2ae3c6b1a757398b7c4a6f48fe11c0f65de8a9386900ca6d63b","size":18834,"path":"media/images/MediaLogs/gauss_0.04_0_bc6a87b22c7ea2ae3c6b.png","format":"png"},"Accuracy":66.76,"chance_level":10,"_timestamp":1.7515328642387328e+09,"_step":12}