{"Timestep":10,"Accuracy":29.75,"chance_level":10,"Time Taken to Run the Code(Mins)":7.738176957766215,"_wandb":{"runtime":463},"_runtime":463,"_step":12,"_timestamp":1.758211128577544e+09}