{"_step":12,"_timestamp":1.7579397932493107e+09,"Timestep":10,"Accuracy":37.14,"chance_level":10,"Time Taken to Run the Code(Mins)":10.278478252887727,"_wandb":{"runtime":615},"_runtime":615}