{"Timestep":10,"Accuracy":34.19,"Time Taken to Run the Code(Mins)":9.62184042930603,"_wandb":{"runtime":575},"_runtime":575,"_timestamp":1.7582079058230243e+09,"_step":12,"chance_level":10}