{"_wandb":{"runtime":261},"_runtime":261,"_timestamp":1.7570869674058056e+09,"_step":12,"Accuracy":31.37,"chance_level":10,"Timestep":10,"Time Taken to Run the Code(Mins)":4.381899579366048}