{"Time Taken to Run the Code(Mins)":0.29169469674428306,"_timestamp":1.7515543244098263e+09,"Accuracy":36.76,"_runtime":17.198494561,"_wandb":{"runtime":17},"MediaLogs/gauss_0.06":{"sha256":"fb4f18abaa786478c902089c03246b573543818264d6cd766815c05412f01760","size":18959,"path":"media/images/MediaLogs/gauss_0.06_0_fb4f18abaa786478c902.png","format":"png","width":138,"height":70,"caption":"Noisy Images: gauss 0.06","_type":"image-file"},"_step":12,"chance_level":10,"Timestep":10}