{"Timestep":10,"Accuracy":31.92,"chance_level":10,"Time Taken to Run the Code(Mins)":3.2117380420366923,"_wandb":{"runtime":191},"_runtime":191,"_step":12,"_timestamp":1.757091145290833e+09}