{"Time Taken to Run the Code(Mins)":7.807407371203104,"_wandb":{"runtime":466},"_runtime":466,"_step":12,"_timestamp":1.7579526997548182e+09,"Timestep":10,"Accuracy":37.19,"chance_level":10}