{"chance_level":10,"Timestep":10,"Accuracy":32.48,"Time Taken to Run the Code(Mins)":4.610448575019836,"_wandb":{"runtime":275},"_runtime":275,"_timestamp":1.7570877845795455e+09,"_step":12}