{"Time Taken to Run the Code(Mins)":0.3310041308403015,"_wandb":{"runtime":18},"_runtime":18,"_timestamp":1.7574173059908884e+09,"_step":12,"Timestep":10,"Accuracy":38,"chance_level":10}