{"chance_level":10,"Time Taken to Run the Code(Mins)":0.3387196739514669,"_wandb":{"runtime":19},"_runtime":19,"_timestamp":1.757426492366693e+09,"_step":12,"Timestep":10,"Accuracy":37.56}