{"_runtime":16.565987553,"_step":12,"_wandb":{"runtime":16},"MediaLogs/gauss_0.0":{"width":138,"height":70,"caption":"Noisy Images: gauss 0.0","_type":"image-file","sha256":"1351f578828d886452347dc6a8a5d01cff2cec649d66f35cdd7f696cc437603a","size":18482,"path":"media/images/MediaLogs/gauss_0.0_0_1351f578828d88645234.png","format":"png"},"Timestep":10,"chance_level":10,"Time Taken to Run the Code(Mins)":0.28115773598353067,"_timestamp":1.7516479590297065e+09,"Accuracy":57.83}