{"_runtime":420,"_timestamp":1.7582168043612137e+09,"_step":12,"Timestep":10,"Accuracy":30.41,"chance_level":10,"Time Taken to Run the Code(Mins)":7.036325665314992,"_wandb":{"runtime":420}}