{"_timestamp":1.7574413421495538e+09,"_step":12,"Timestep":10,"Accuracy":36.11,"chance_level":10,"Time Taken to Run the Code(Mins)":0.339566961924235,"_wandb":{"runtime":19},"_runtime":19}