{"Accuracy":56.16,"chance_level":10,"_step":12,"Timestep":10,"Time Taken to Run the Code(Mins)":0.27176047960917155,"_wandb":{"runtime":16},"_runtime":16.001988735,"_timestamp":1.751545303035169e+09,"MediaLogs/gauss_0.06":{"path":"media/images/MediaLogs/gauss_0.06_0_fb4f18abaa786478c902.png","format":"png","width":138,"height":70,"caption":"Noisy Images: gauss 0.06","_type":"image-file","sha256":"fb4f18abaa786478c902089c03246b573543818264d6cd766815c05412f01760","size":18959}}