{"Timestep":10,"Accuracy":37.5,"chance_level":10,"Time Taken to Run the Code(Mins)":0.33058068752288816,"_wandb":{"runtime":18},"_runtime":18,"_step":12,"_timestamp":1.757425048051334e+09}