{"_step":12,"Timestep":10,"Accuracy":38.32,"chance_level":10,"Time Taken to Run the Code(Mins)":9.812326101462046,"_wandb":{"runtime":586},"_runtime":586,"_timestamp":1.7579361174806454e+09}