{"_wandb":{"runtime":16},"Accuracy":43.13,"MediaLogs/gauss_0.6000000000000001":{"size":21734,"path":"media/images/MediaLogs/gauss_0.6000000000000001_0_71e7e49c617876a92187.png","format":"png","width":138,"height":70,"caption":"Noisy Images: gauss 0.6000000000000001","_type":"image-file","sha256":"71e7e49c617876a92187f5f8ac37579a945a9374c00d35e39fc54ca17076c745"},"_timestamp":1.7516404555158367e+09,"_runtime":16.105998269,"Timestep":10,"_step":12,"chance_level":10,"Time Taken to Run the Code(Mins)":0.2735309799512227}