{"_wandb":{"runtime":19},"_runtime":19,"_timestamp":1.7574327949132147e+09,"_step":12,"Timestep":10,"Accuracy":38.14,"chance_level":10,"Time Taken to Run the Code(Mins)":0.3425940910975138}