{"Timestep":10,"Accuracy":31.33,"chance_level":10,"Time Taken to Run the Code(Mins)":6.985426302750906,"_wandb":{"runtime":417},"_runtime":417,"_timestamp":1.758215948427705e+09,"_step":12}