{"_runtime":575,"_timestamp":1.7579256364574487e+09,"_step":12,"chance_level":10,"Timestep":10,"Accuracy":38.33,"Time Taken to Run the Code(Mins)":9.623616433143615,"_wandb":{"runtime":575}}