{"_wandb":{"runtime":18},"_runtime":18,"_step":12,"_timestamp":1.7574431529503818e+09,"Timestep":10,"Accuracy":37.93,"chance_level":10,"Time Taken to Run the Code(Mins)":0.3297558863957723}