{"Time Taken to Run the Code(Mins)":7.098357431093851,"_wandb":{"runtime":424},"_runtime":424,"_timestamp":1.758222682345219e+09,"_step":12,"chance_level":10,"Timestep":10,"Accuracy":29.99}