{"Time Taken to Run the Code(Mins)":9.140738968054453,"_wandb":{"runtime":546},"_runtime":546,"_step":12,"_timestamp":1.7579267605396683e+09,"Timestep":10,"Accuracy":38.4,"chance_level":10}