{"Timestep":10,"Accuracy":37.08,"chance_level":10,"Time Taken to Run the Code(Mins)":0.3306156754493713,"_wandb":{"runtime":18},"_runtime":18,"_timestamp":1.7574345543733447e+09,"_step":12}