{"_timestamp":1.7574450180041292e+09,"_step":12,"Timestep":10,"Accuracy":36.89,"chance_level":10,"Time Taken to Run the Code(Mins)":0.34870042006174723,"_wandb":{"runtime":19},"_runtime":19}