{"Accuracy":37.52,"chance_level":10,"Time Taken to Run the Code(Mins)":11.284951213995615,"_wandb":{"runtime":675},"_runtime":675,"_timestamp":1.7579346225286744e+09,"_step":12,"Timestep":10}