{"_runtime":15.894797245,"Timestep":10,"chance_level":10,"_timestamp":1.751640792102495e+09,"Time Taken to Run the Code(Mins)":0.26991708676020304,"MediaLogs/s&p_0.02":{"size":19693,"path":"media/images/MediaLogs/s&p_0.02_0_6d9678668fc378e1951b.png","format":"png","width":138,"height":70,"caption":"Noisy Images: s&p 0.02","_type":"image-file","sha256":"6d9678668fc378e1951bb630f4f538672833bbd927b8b3128ea48471d230098d"},"_step":12,"_wandb":{"runtime":15},"Accuracy":51.4}