{"chance_level":10,"Time Taken to Run the Code(Mins)":0.3343537449836731,"_wandb":{"runtime":18},"_runtime":18,"_step":12,"_timestamp":1.7574415582567854e+09,"Timestep":10,"Accuracy":38.29}