{"_runtime":279,"_timestamp":1.7570781844311547e+09,"_step":12,"Timestep":10,"Accuracy":33.17,"chance_level":10,"Time Taken to Run the Code(Mins)":4.678156630198161,"_wandb":{"runtime":279}}