{"Accuracy":38.33,"chance_level":10,"Time Taken to Run the Code(Mins)":9.682416876157125,"_wandb":{"runtime":579},"_runtime":579,"_step":12,"_timestamp":1.7579256386199043e+09,"Timestep":10}