{"_wandb":{"runtime":19},"_runtime":19,"_timestamp":1.7574404289081929e+09,"_step":12,"Timestep":10,"Accuracy":36.56,"chance_level":10,"Time Taken to Run the Code(Mins)":0.3366089185078939}