{"Timestep":10,"Accuracy":37.97,"chance_level":10,"Time Taken to Run the Code(Mins)":8.228822282950084,"_wandb":{"runtime":492},"_runtime":492,"_timestamp":1.757957272599405e+09,"_step":12}