{"Accuracy":31.68,"chance_level":10,"Time Taken to Run the Code(Mins)":7.959773369630178,"_wandb":{"runtime":476},"_runtime":476,"_step":12,"_timestamp":1.7582088781379647e+09,"Timestep":10}