{"chance_level":10,"Timestep":10,"Time Taken to Run the Code(Mins)":0.32611838181813557,"_wandb":{"runtime":18},"_runtime":18,"_timestamp":1.757429070221615e+09,"_step":12,"Accuracy":37.44}