{"Accuracy":37.99,"chance_level":10,"Time Taken to Run the Code(Mins)":0.32760806878407794,"_wandb":{"runtime":18},"_runtime":18,"_timestamp":1.7574281263658478e+09,"_step":12,"Timestep":10}