{"Time Taken to Run the Code(Mins)":10.55754357179006,"_wandb":{"runtime":631},"_runtime":631,"_step":12,"_timestamp":1.7579313012591462e+09,"chance_level":10,"Timestep":10,"Accuracy":37.81}