{"_wandb":{"runtime":18},"_runtime":18,"_timestamp":1.757417223952862e+09,"_step":12,"Timestep":10,"Accuracy":38.01,"chance_level":10,"Time Taken to Run the Code(Mins)":0.3221641103426615}