{"Time Taken to Run the Code(Mins)":8.248406064510345,"_wandb":{"runtime":493},"_runtime":493,"_timestamp":1.758213675006406e+09,"_step":12,"Timestep":10,"Accuracy":35.14,"chance_level":10}