{"_runtime":452,"_timestamp":1.7581889490393195e+09,"_step":12,"Accuracy":34.69,"chance_level":10,"Timestep":10,"Time Taken to Run the Code(Mins)":7.569954693317413,"_wandb":{"runtime":452}}