{"_step":12,"_timestamp":1.7581964459356053e+09,"Timestep":10,"Accuracy":31.37,"chance_level":10,"Time Taken to Run the Code(Mins)":7.78074273665746,"_wandb":{"runtime":465},"_runtime":465}