{"chance_level":10,"Time Taken to Run the Code(Mins)":0.3386805812517802,"_wandb":{"runtime":19},"_runtime":19,"_step":12,"_timestamp":1.7574278810575423e+09,"Timestep":10,"Accuracy":37.95}