{"_wandb":{"runtime":485},"_runtime":485,"_timestamp":1.757949252927219e+09,"_step":12,"Timestep":10,"Accuracy":38.27,"chance_level":10,"Time Taken to Run the Code(Mins)":8.111672008037567}