{"_runtime":19,"_timestamp":1.7574350453701851e+09,"_step":12,"Timestep":10,"Accuracy":36.3,"chance_level":10,"Time Taken to Run the Code(Mins)":0.339071524143219,"_wandb":{"runtime":19}}