{"Time Taken to Run the Code(Mins)":9.629951322078705,"_wandb":{"runtime":575},"_runtime":575,"_step":12,"_timestamp":1.7582077952653673e+09,"Timestep":10,"Accuracy":37.19,"chance_level":10}