{"_wandb":{"runtime":18},"_runtime":18,"_timestamp":1.7574335543783703e+09,"_step":12,"Timestep":10,"Accuracy":37.42,"chance_level":10,"Time Taken to Run the Code(Mins)":0.3334371487299601}