{"Accuracy":31.04,"chance_level":10,"Time Taken to Run the Code(Mins)":7.119063043594361,"_wandb":{"runtime":425},"_runtime":425,"_timestamp":1.7582219526964188e+09,"_step":12,"Timestep":10}