{"_wandb":{"runtime":507},"_runtime":507,"_timestamp":1.7579274715703216e+09,"_step":12,"Timestep":10,"Accuracy":38.37,"chance_level":10,"Time Taken to Run the Code(Mins)":8.47115394671758}