{"Timestep":10,"Accuracy":36.39,"chance_level":10,"Time Taken to Run the Code(Mins)":7.1894750714302065,"_wandb":{"runtime":429},"_runtime":429,"_timestamp":1.7581925445787263e+09,"_step":12}