{"_timestamp":1.7519635488554254e+09,"Timestep":10,"chance_level":10,"Time Taken to Run the Code(Mins)":0.27473153670628864,"Accuracy":61.98,"_step":12,"_runtime":16.169498072,"_wandb":{"runtime":16},"MediaLogs/gauss_0.0":{"sha256":"1351f578828d886452347dc6a8a5d01cff2cec649d66f35cdd7f696cc437603a","size":18482,"path":"media/images/MediaLogs/gauss_0.0_0_1351f578828d88645234.png","format":"png","width":138,"height":70,"caption":"Noisy Images: gauss 0.0","_type":"image-file"}}