{"Time Taken to Run the Code(Mins)":7.371031208833059,"_wandb":{"runtime":440},"_runtime":440,"_timestamp":1.7582197533881354e+09,"_step":12,"chance_level":10,"Timestep":10,"Accuracy":33.97}