{"chance_level":10,"Time Taken to Run the Code(Mins)":6.802091034253438,"_wandb":{"runtime":406},"_runtime":406,"_timestamp":1.758211617180717e+09,"_step":12,"Timestep":10,"Accuracy":28.94}