{"_timestamp":1.757427227166325e+09,"_step":12,"Accuracy":38.42,"chance_level":10,"Timestep":10,"Time Taken to Run the Code(Mins)":0.33708329995473224,"_wandb":{"runtime":19},"_runtime":19}