{"_timestamp":1.751648845812451e+09,"Timestep":10,"MediaLogs/s&p_0.06":{"format":"png","width":138,"height":70,"caption":"Noisy Images: s&p 0.06","_type":"image-file","sha256":"6e6f2bae3e5fede333b73675a7c86dc6ec467d71d91b51c2e9fcf71564d74f10","size":20969,"path":"media/images/MediaLogs/s&p_0.06_0_6e6f2bae3e5fede333b7.png"},"_runtime":16.664270262,"Time Taken to Run the Code(Mins)":0.28275240659713746,"Accuracy":45.68,"_step":12,"chance_level":10,"_wandb":{"runtime":16}}