{"_runtime":718,"_timestamp":1.758204860198967e+09,"_step":12,"Timestep":10,"Accuracy":30.16,"chance_level":10,"Time Taken to Run the Code(Mins)":12.001661463578541,"_wandb":{"runtime":718}}