{"Time Taken to Run the Code(Mins)":0.27323419650395714,"MediaLogs/s&p_0.04":{"sha256":"baea8452707910ea8f11d21702ce13dee1e2cd0558f06ac1145b6522d5554591","size":20448,"path":"media/images/MediaLogs/s&p_0.04_0_baea8452707910ea8f11.png","format":"png","width":138,"height":70,"caption":"Noisy Images: s&p 0.04","_type":"image-file"},"_wandb":{"runtime":16},"Timestep":10,"_runtime":16.085946999,"Accuracy":46.29,"_timestamp":1.7516487976377308e+09,"_step":12,"chance_level":10}