{"_step":12,"Timestep":10,"Accuracy":32.15,"chance_level":10,"Time Taken to Run the Code(Mins)":4.228962198893229,"_wandb":{"runtime":252},"_runtime":252,"_timestamp":1.7570895569183679e+09}