{"_wandb":{"runtime":19},"_runtime":19,"_step":12,"_timestamp":1.7574169224404798e+09,"chance_level":10,"Timestep":10,"Accuracy":38.08,"Time Taken to Run the Code(Mins)":0.3448812007904053}