{"gradients/fc2.bias":{"bins":[-0.05895348638296127,-0.05670242756605148,-0.05445137247443199,-0.0522003136575222,-0.04994925856590271,-0.04769819974899292,-0.04544714465737343,-0.04319608584046364,-0.04094503074884415,-0.03869397193193436,-0.03644291311502457,-0.034191858023405075,-0.031940799206495285,-0.029689742252230644,-0.027438685297966003,-0.025187628343701363,-0.022936571389436722,-0.02068551443517208,-0.01843445748090744,-0.0161834005266428,-0.013932342641055584,-0.011681285686790943,-0.009430227801203728,-0.007179170846939087,-0.004928113892674446,-0.0026770567055791616,-0.0004259995184838772,0.0018250576686114073,0.004076114855706692,0.0063271718099713326,0.008578229695558548,0.010829286649823189,0.01308034360408783,0.01533140055835247,0.01758245751261711,0.019833514466881752,0.022084571421146393,0.024335630238056183,0.026586687192320824,0.028837744146585464,0.031088801100850105,0.033339858055114746,0.035590916872024536,0.03784197196364403,0.04009303078055382,0.04234408587217331,0.0445951446890831,0.04684619978070259,0.04909725859761238,0.05134831741452217,0.05359937250614166,0.05585043132305145,0.058101486414670944,0.060352545231580734,0.06260360032320023,0.06485465914011002,0.0671057179570198,0.0693567767739296,0.07160782814025879,0.07385888695716858,0.07610994577407837,0.07836100459098816,0.08061205595731735,0.08286311477422714,0.08511417359113693],"_type":"histogram","values":[1,1,0,0,0,0,0,0,0,0,0,0,0,0,0,0,0,1,0,0,0,1,0,0,0,1,0,0,1,0,0,0,2,0,0,0,0,1,0,0,0,0,0,0,0,0,0,0,0,0,0,0,0,0,0,0,0,0,0,0,0,0,0,1]},"gradients/conv2.weight":{"_type":"histogram","values":[2,3,1,2,1,1,4,3,4,8,5,7,6,6,7,4,12,6,6,9,9,6,9,14,19,33,48,38,47,50,72,123,165,182,137,89,54,87,95,118,113,93,61,81,76,60,46,47,45,55,48,38,20,22,13,20,23,11,14,6,7,6,2,1],"bins":[-0.27282822132110596,-0.26516300439834595,-0.2574978172779083,-0.24983260035514832,-0.2421673983335495,-0.23450219631195068,-0.22683699429035187,-0.21917177736759186,-0.21150657534599304,-0.20384137332439423,-0.1961761713027954,-0.1885109692811966,-0.18084575235843658,-0.17318055033683777,-0.16551534831523895,-0.15785014629364014,-0.15018492937088013,-0.1425197273492813,-0.1348545253276825,-0.12718932330608368,-0.11952411383390427,-0.11185891181230545,-0.10419370234012604,-0.09652850031852722,-0.0888632982969284,-0.08119808882474899,-0.07353288680315018,-0.06586767733097076,-0.05820247530937195,-0.050537269562482834,-0.04287206381559372,-0.035206858068704605,-0.02754165232181549,-0.019876446574926376,-0.012211241759359837,-0.0045460364781320095,0.0031191688030958176,0.010784374549984932,0.018449578434228897,0.02611478418111801,0.033779989928007126,0.04144519567489624,0.049110401421785355,0.05677560716867447,0.06444080919027328,0.0721060186624527,0.07977122068405151,0.08743643015623093,0.09510163217782974,0.10276683419942856,0.11043204367160797,0.11809724569320679,0.1257624477148056,0.1334276646375656,0.14109286665916443,0.14875806868076324,0.15642327070236206,0.16408847272396088,0.1717536896467209,0.1794188916683197,0.18708409368991852,0.19474929571151733,0.20241451263427734,0.21007971465587616,0.21774491667747498]},"_step":0,"_wandb":{"runtime":409},"gradients/conv1.bias":{"_type":"histogram","values":[1,0,0,0,0,0,0,0,0,0,0,0,0,0,0,0,0,0,0,0,0,0,0,0,0,0,0,0,0,0,0,0,0,0,0,0,0,0,0,0,0,0,0,0,0,0,0,0,0,0,0,1,1,0,1,0,0,0,1,0,0,0,0,1],"bins":[-0.4533563256263733,-0.4433603584766388,-0.4333643913269043,-0.4233684539794922,-0.4133724868297577,-0.4033765196800232,-0.3933805823326111,-0.3833846151828766,-0.3733886480331421,-0.3633926808834076,-0.3533967137336731,-0.343400776386261,-0.3334048092365265,-0.323408842086792,-0.3134129047393799,-0.3034169375896454,-0.2934209704399109,-0.2834250032901764,-0.2734290361404419,-0.2634330987930298,-0.2534371316432953,-0.2434411644935608,-0.2334452122449875,-0.22344925999641418,-0.2134532928466797,-0.2034573256969452,-0.1934613734483719,-0.18346542119979858,-0.1734694540500641,-0.1634734869003296,-0.1534775346517563,-0.14348158240318298,-0.13348563015460968,-0.12348967045545578,-0.11349371075630188,-0.10349775105714798,-0.09350179135799408,-0.08350583165884018,-0.07350987195968628,-0.06351391226053238,-0.05351795256137848,-0.04352199286222458,-0.03352603316307068,-0.02353007346391678,-0.013534113764762878,-0.0035381540656089783,0.006457805633544922,0.016453765332698822,0.026449725031852722,0.03644568473100662,0.04644164443016052,0.05643760412931442,0.06643356382846832,0.07642952352762222,0.08642548322677612,0.09642144292593002,0.10641740262508392,0.11641336232423782,0.12640932202339172,0.13640528917312622,0.14640124142169952,0.15639719367027283,0.16639316082000732,0.17638912796974182,0.18638508021831512]},"gradients/conv2.bias":{"bins":[-0.14656096696853638,-0.14187224209308624,-0.1371835321187973,-0.13249480724334717,-0.12780609726905823,-0.1231173723936081,-0.11842865496873856,-0.11373993754386902,-0.10905122011899948,-0.10436250269412994,-0.0996737852692604,-0.09498506784439087,-0.09029634296894073,-0.0856076255440712,-0.08091890811920166,-0.07623019069433212,-0.07154147326946259,-0.06685275584459305,-0.06216403841972351,-0.057475317269563675,-0.05278659984469414,-0.0480978824198246,-0.043409161269664764,-0.03872044384479523,-0.03403172641992569,-0.029343008995056152,-0.024654289707541466,-0.01996557042002678,-0.015276852995157242,-0.01058813463896513,-0.005899416282773018,-0.001210697926580906,0.003478020429611206,0.008166738785803318,0.01285545714199543,0.017544176429510117,0.022232893854379654,0.02692161127924919,0.03161033242940903,0.036299049854278564,0.0409877672791481,0.04567648470401764,0.050365202128887177,0.05505392327904701,0.05974264070391655,0.06443136185407639,0.06912007927894592,0.07380879670381546,0.078497514128685,0.08318623155355453,0.08787494897842407,0.09256366640329361,0.09725238382816315,0.10194110870361328,0.10662982612848282,0.11131854355335236,0.1160072609782219,0.12069597840309143,0.12538470327854156,0.1300734132528305,0.13476213812828064,0.13945084810256958,0.14413957297801971,0.14882828295230865,0.1535170078277588],"_type":"histogram","values":[1,0,0,0,0,0,0,0,0,0,0,0,0,0,0,0,1,0,0,0,1,0,0,0,1,1,1,1,1,0,0,0,0,0,1,0,0,0,1,1,0,0,0,0,0,1,0,0,0,0,1,0,0,0,0,1,1,0,0,0,0,0,0,1]},"_runtime":409.890685449,"gradients/fc1.bias":{"bins":[-0.03256010264158249,-0.031462278217077255,-0.03036445565521717,-0.029266633093357086,-0.028168808668851852,-0.02707098424434662,-0.025973161682486534,-0.02487533912062645,-0.023777514696121216,-0.022679690271615982,-0.021581867709755898,-0.020484045147895813,-0.01938622072339058,-0.018288396298885345,-0.01719057373702526,-0.016092751175165176,-0.014994926750659943,-0.013897103257477283,-0.012799279764294624,-0.011701456271111965,-0.010603632777929306,-0.009505809284746647,-0.008407985791563988,-0.007310162298381329,-0.006212338805198669,-0.00511451531201601,-0.004016691818833351,-0.002918868325650692,-0.0018210448324680328,-0.0007232213392853737,0.00037460215389728546,0.0014724256470799446,0.0025702491402626038,0.003668072633445263,0.004765896126627922,0.005863719619810581,0.00696154311299324,0.0080593666061759,0.009157190099358559,0.010255013592541218,0.011352837085723877,0.012450660578906536,0.013548484072089195,0.014646307565271854,0.015744131058454514,0.016841955482959747,0.017939778044819832,0.019037600606679916,0.02013542503118515,0.021233249455690384,0.02233107201755047,0.023428894579410553,0.024526719003915787,0.02562454342842102,0.026722365990281105,0.02782018855214119,0.028918012976646423,0.030015837401151657,0.03111365996301174,0.032211482524871826,0.03330930694937706,0.034407131373882294,0.03550495207309723,0.03660277649760246,0.0377006009221077],"_type":"histogram","values":[2,0,0,0,0,0,0,0,1,0,1,0,1,1,0,0,5,3,1,2,1,2,0,1,5,2,5,1,2,10,0,5,4,2,1,1,2,2,3,1,0,3,0,2,1,1,2,1,2,1,0,0,1,1,1,0,0,0,0,0,0,0,0,1]},"gradients/conv1.weight":{"_type":"histogram",