{"Time Taken to Run the Code(Mins)":0.26606383721033733,"_wandb":{"runtime":15},"Timestep":10,"Accuracy":69.69,"_timestamp":1.7513767976337676e+09,"_runtime":15.692853266,"_step":11}