{"Timestep":10,"Accuracy":32.58,"chance_level":10,"Time Taken to Run the Code(Mins)":7.881805618604024,"_wandb":{"runtime":471},"_runtime":471,"_timestamp":1.7581946515017366e+09,"_step":12}