{"_timestamp":1.7570875781179175e+09,"Accuracy":32.42,"chance_level":10,"Timestep":10,"Time Taken to Run the Code(Mins)":4.018784554799398,"_wandb":{"runtime":240},"_runtime":240,"_step":12}