{"Time Taken to Run the Code(Mins)":0.3305651624997457,"_wandb":{"runtime":18},"_runtime":18,"_timestamp":1.757445235501114e+09,"_step":12,"chance_level":10,"Timestep":10,"Accuracy":36.85}