{"Accuracy":30.18,"chance_level":10,"Time Taken to Run the Code(Mins)":10.955398015181224,"_wandb":{"runtime":655},"_runtime":655,"_timestamp":1.7582052882672455e+09,"_step":12,"Timestep":10}