{"Accuracy":37.54,"chance_level":10,"Time Taken to Run the Code(Mins)":7.90849187374115,"_wandb":{"runtime":472},"_runtime":472,"_timestamp":1.7579382154730365e+09,"_step":12,"Timestep":10}