{"Time Taken to Run the Code(Mins)":9.122709373633066,"_wandb":{"runtime":545},"_runtime":545,"_timestamp":1.7581972462274675e+09,"_step":12,"Timestep":10,"Accuracy":31.1,"chance_level":10}