{"_runtime":420,"_timestamp":1.7579576237734098e+09,"_step":12,"Timestep":10,"Accuracy":38.12,"chance_level":10,"Time Taken to Run the Code(Mins)":7.0368334968884785,"_wandb":{"runtime":420}}