{"_runtime":448,"_timestamp":1.7581916396939197e+09,"_step":12,"Timestep":10,"Accuracy":33.82,"chance_level":10,"Time Taken to Run the Code(Mins)":7.488051919142405,"_wandb":{"runtime":448}}