{"_timestamp":1.7574442768238034e+09,"_step":12,"Timestep":10,"Accuracy":37.3,"chance_level":10,"Time Taken to Run the Code(Mins)":0.33553166389465333,"_wandb":{"runtime":19},"_runtime":19}