{"_runtime":522,"_timestamp":1.7581979806866484e+09,"_step":12,"Accuracy":31.1,"chance_level":10,"Timestep":10,"Time Taken to Run the Code(Mins)":8.736920881271363,"_wandb":{"runtime":522}}