{"Accuracy":14.26,"_runtime":15.871731874,"_wandb":{"runtime":15},"_step":12,"MediaLogs/s&p_0.8":{"caption":"Noisy Images: s&p 0.8","_type":"image-file","sha256":"c5de290bc607a4d3a958a7bbf55c32825b481e2e8eecb255f8d00ebb9a0e0de2","size":7046,"path":"media/images/MediaLogs/s&p_0.8_0_c5de290bc607a4d3a958.png","format":"png","width":138,"height":70},"chance_level":10,"Time Taken to Run the Code(Mins)":0.26993139187494913,"Timestep":10,"_timestamp":1.7515343485295653e+09}