{"Timestep":10,"Accuracy":38.38,"chance_level":10,"Time Taken to Run the Code(Mins)":9.551528529326122,"_wandb":{"runtime":571},"_runtime":571,"_timestamp":1.7579285274551938e+09,"_step":12}