{"_step":12,"chance_level":10,"Timestep":10,"Accuracy":35.92,"Time Taken to Run the Code(Mins)":0.3315020759900411,"_wandb":{"runtime":18},"_runtime":18,"_timestamp":1.7574359952719457e+09}