{"_timestamp":1.758189315447983e+09,"_step":12,"Timestep":10,"Accuracy":34.74,"chance_level":10,"Time Taken to Run the Code(Mins)":7.198992021878561,"_wandb":{"runtime":430},"_runtime":430}