{"_step":12,"chance_level":10,"Timestep":10,"Accuracy":33.27,"Time Taken to Run the Code(Mins)":7.150306995709737,"_wandb":{"runtime":427},"_runtime":427,"_timestamp":1.7582147262974186e+09}