{"_timestamp":1.751361902632556e+09,"_runtime":15.6131321,"_step":11,"Time Taken to Run the Code(Mins)":0.2646426637967428,"_wandb":{"runtime":15},"Timestep":10,"Accuracy":67.51}