{"Accuracy":31.37,"chance_level":10,"Time Taken to Run the Code(Mins)":7.085330450534821,"_wandb":{"runtime":424},"_runtime":424,"_timestamp":1.758215959805635e+09,"_step":12,"Timestep":10}