{"_runtime":481,"_timestamp":1.7579487513376002e+09,"_step":12,"Timestep":10,"Accuracy":36.13,"chance_level":10,"Time Taken to Run the Code(Mins)":8.057353333632152,"_wandb":{"runtime":481}}