{"_step":12,"Timestep":10,"Accuracy":38.14,"chance_level":10,"Time Taken to Run the Code(Mins)":10.182823038101196,"_wandb":{"runtime":609},"_runtime":609,"_timestamp":1.7579299602485485e+09}