{"_timestamp":1.7515295986888494e+09,"_runtime":15.990559264,"Accuracy":69.23,"chance_level":10,"Timestep":10,"Time Taken to Run the Code(Mins)":0.2716665228207906,"MediaLogs/gauss_0.02":{"sha256":"5e20f382c4cf0c521504d5dacaefd9b6ba260472feb927e28d65237353ec6f3f","size":18675,"path":"media/images/MediaLogs/gauss_0.02_0_5e20f382c4cf0c521504.png","format":"png","width":138,"height":70,"caption":"Noisy Images: gauss 0.02","_type":"image-file"},"_step":12,"_wandb":{"runtime":15}}