{"chance_level":10,"Timestep":10,"Time Taken to Run the Code(Mins)":7.519369371732076,"_wandb":{"runtime":449},"_runtime":449,"_timestamp":1.7579550146418965e+09,"_step":12,"Accuracy":36.28}