{"_wandb":{"runtime":455},"_runtime":455,"_timestamp":1.7582164373604934e+09,"_step":12,"Timestep":10,"Accuracy":30.08,"chance_level":10,"Time Taken to Run the Code(Mins)":7.6319988449414575}