{"chance_level":10,"Time Taken to Run the Code(Mins)":0.333588182926178,"_wandb":{"runtime":18},"_runtime":18,"_timestamp":1.7574440557756855e+09,"_step":12,"Timestep":10,"Accuracy":37.31}