{"chance_level":10,"Time Taken to Run the Code(Mins)":8.163900395234426,"_wandb":{"runtime":488},"_runtime":488,"_timestamp":1.7582093833828065e+09,"_step":12,"Timestep":10,"Accuracy":32.12}