{"_step":12,"Accuracy":37.04,"chance_level":10,"Timestep":10,"Time Taken to Run the Code(Mins)":0.3336588819821676,"_wandb":{"runtime":19},"_runtime":19,"_timestamp":1.757429830060437e+09}