{"_wandb":{"runtime":16},"_timestamp":1.7514717614453995e+09,"MediaLogs/gauss_0.06":{"size":18959,"path":"media/images/MediaLogs/gauss_0.06_0_fb4f18abaa786478c902.png","format":"png","width":138,"height":70,"caption":"Noisy Images: gauss 0.06","_type":"image-file","sha256":"fb4f18abaa786478c902089c03246b573543818264d6cd766815c05412f01760"},"_runtime":16.040484645,"Time Taken to Run the Code(Mins)":0.272360901037852,"_step":12,"Timestep":10,"Accuracy":60.43,"chance_level":10}