{"_timestamp":1.7516392549728093e+09,"_runtime":16.085826542,"_wandb":{"runtime":16},"_step":12,"Time Taken to Run the Code(Mins)":0.27317403157552084,"MediaLogs/gauss_0.4":{"caption":"Noisy Images: gauss 0.4","_type":"image-file","sha256":"9e1134f3eccd4afbd08f42ea855354228da2f6401a3ca3d434708c91e5131886","size":21177,"path":"media/images/MediaLogs/gauss_0.4_0_9e1134f3eccd4afbd08f.png","format":"png","width":138,"height":70},"chance_level":10,"Accuracy":45.42,"Timestep":10}