{"Time Taken to Run the Code(Mins)":6.10853107770284,"_wandb":{"runtime":365},"_runtime":365,"_timestamp":1.7581917870493047e+09,"_step":12,"Timestep":10,"Accuracy":33.82,"chance_level":10}