{"_runtime":590,"_timestamp":1.7579310857047381e+09,"_step":12,"Timestep":10,"Accuracy":38.07,"chance_level":10,"Time Taken to Run the Code(Mins)":9.883921372890473,"_wandb":{"runtime":590}}