{"_step":12,"_timestamp":1.7579539780570803e+09,"Timestep":10,"Accuracy":36.93,"chance_level":10,"Time Taken to Run the Code(Mins)":8.985636421044667,"_wandb":{"runtime":537},"_runtime":537}