{"Time Taken to Run the Code(Mins)":0.33311502933502196,"_wandb":{"runtime":18},"_runtime":18,"_step":12,"_timestamp":1.7574233038703725e+09,"Timestep":10,"Accuracy":38.18,"chance_level":10}