{"_runtime":649,"_timestamp":1.7579358135918493e+09,"_step":12,"Timestep":10,"Accuracy":38.44,"chance_level":10,"Time Taken to Run the Code(Mins)":10.852282790342967,"_wandb":{"runtime":649}}