{"_runtime":346,"_timestamp":1.7582131376096046e+09,"_step":12,"Timestep":10,"Accuracy":37.68,"chance_level":10,"Time Taken to Run the Code(Mins)":5.795126648743947,"_wandb":{"runtime":346}}