{"Time Taken to Run the Code(Mins)":0.32957104841868085,"_wandb":{"runtime":18},"_runtime":18,"_timestamp":1.7574301269867148e+09,"_step":12,"chance_level":10,"Timestep":10,"Accuracy":36.69}