{"Accuracy":30.56,"chance_level":10,"Time Taken to Run the Code(Mins)":6.6184784293174745,"_wandb":{"runtime":395},"_runtime":395,"_timestamp":1.7582169331420615e+09,"_step":12,"Timestep":10}