{"Accuracy":38.43,"chance_level":10,"Time Taken to Run the Code(Mins)":7.572149634361267,"_wandb":{"runtime":452},"_runtime":452,"_timestamp":1.7579565302390845e+09,"_step":12,"Timestep":10}