{"Timestep":10,"Accuracy":29.73,"Time Taken to Run the Code(Mins)":12.259630862871806,"_wandb":{"runtime":734},"_runtime":734,"_timestamp":1.7582059771123295e+09,"_step":12,"chance_level":10}