{"Time Taken to Run the Code(Mins)":6.251749591032664,"_wandb":{"runtime":373},"_runtime":373,"_step":12,"_timestamp":1.758217639091751e+09,"Accuracy":29.65,"chance_level":10,"Timestep":10}