{"_runtime":248,"_step":12,"_timestamp":1.7570910809584553e+09,"Timestep":10,"Accuracy":31.82,"chance_level":10,"Time Taken to Run the Code(Mins)":4.1561465462048846,"_wandb":{"runtime":248}}