{"_step":12,"Timestep":10,"Accuracy":38.4,"chance_level":10,"Time Taken to Run the Code(Mins)":0.33411054213841757,"_wandb":{"runtime":19},"_runtime":19,"_timestamp":1.7574318184096184e+09}