{"_timestamp":1.7581907878253465e+09,"_step":12,"chance_level":10,"Timestep":10,"Accuracy":34.05,"Time Taken to Run the Code(Mins)":6.863973836104075,"_wandb":{"runtime":410},"_runtime":410}