{"chance_level":10,"Time Taken to Run the Code(Mins)":0.3250380595525106,"_wandb":{"runtime":18},"_runtime":18,"_timestamp":1.7574258356213398e+09,"_step":12,"Timestep":10,"Accuracy":37.61}