{"_runtime":516,"_timestamp":1.7581990320187683e+09,"_step":12,"Timestep":10,"Accuracy":33.65,"chance_level":10,"Time Taken to Run the Code(Mins)":8.627410952250163,"_wandb":{"runtime":516}}