{"Time Taken to Run the Code(Mins)":0.3379640817642212,"_wandb":{"runtime":19},"_runtime":19,"_step":12,"_timestamp":1.757428693081068e+09,"Timestep":10,"Accuracy":37.32,"chance_level":10}