{"_step":12,"_timestamp":1.7570914848986835e+09,"Timestep":10,"Accuracy":31.09,"chance_level":10,"Time Taken to Run the Code(Mins)":3.6194049874941507,"_wandb":{"runtime":215},"_runtime":215}