{"_wandb":{"runtime":240},"_runtime":240,"_timestamp":1.7570910709948828e+09,"_step":12,"Timestep":10,"Accuracy":32.39,"chance_level":10,"Time Taken to Run the Code(Mins)":4.023446790377299}