{"Timestep":10,"Accuracy":69.69,"_timestamp":1.751377382055661e+09,"_runtime":15.680904382,"_step":11,"Time Taken to Run the Code(Mins)":0.26594956318537394,"_wandb":{"runtime":15}}