{"_wandb":{"runtime":423},"_runtime":423,"_timestamp":1.7581920579018266e+09,"_step":12,"Timestep":10,"Accuracy":33.83,"chance_level":10,"Time Taken to Run the Code(Mins)":7.081258646647135}