{"Timestep":10,"Accuracy":36.35,"Time Taken to Run the Code(Mins)":0.3284994761149089,"_wandb":{"runtime":18},"_runtime":18,"_step":12,"_timestamp":1.7574354801667159e+09,"chance_level":10}