{"_timestamp":1.7516439336745987e+09,"_wandb":{"runtime":16},"_runtime":16.019875653,"chance_level":10,"_step":12,"Time Taken to Run the Code(Mins)":0.2720901926358541,"MediaLogs/s&p_0.0":{"path":"media/images/MediaLogs/s&p_0.0_0_1351f578828d88645234.png","format":"png","width":138,"height":70,"caption":"Noisy Images: s&p 0.0","_type":"image-file","sha256":"1351f578828d886452347dc6a8a5d01cff2cec649d66f35cdd7f696cc437603a","size":18482},"Accuracy":66.84,"Timestep":10}