{"_wandb":{"runtime":445},"_runtime":445,"_timestamp":1.7579598203129227e+09,"_step":12,"Timestep":10,"Accuracy":36.39,"chance_level":10,"Time Taken to Run the Code(Mins)":7.452143009503683}