{"_step":12,"_timestamp":1.7574361039257195e+09,"Timestep":10,"Accuracy":36.01,"chance_level":10,"Time Taken to Run the Code(Mins)":0.32634477615356444,"_wandb":{"runtime":18},"_runtime":18}