{"chance_level":10,"Timestep":10,"Accuracy":29.65,"Time Taken to Run the Code(Mins)":9.43979372183482,"_wandb":{"runtime":565},"_runtime":565,"_timestamp":1.7582052631175892e+09,"_step":12}