{"_step":12,"Accuracy":38.43,"chance_level":10,"Timestep":10,"Time Taken to Run the Code(Mins)":0.3450462778409322,"_wandb":{"runtime":19},"_runtime":19,"_timestamp":1.7574203262655659e+09}