{"chance_level":10,"Time Taken to Run the Code(Mins)":10.42294237613678,"_wandb":{"runtime":623},"_runtime":623,"_timestamp":1.757939739235583e+09,"_step":12,"Timestep":10,"Accuracy":37.14}