{"_wandb":{"runtime":20},"_runtime":20,"_timestamp":1.7574416407164443e+09,"_step":12,"Timestep":10,"Accuracy":38.27,"chance_level":10,"Time Taken to Run the Code(Mins)":0.3534061312675476}