{"chance_level":10,"Accuracy":66.9,"Timestep":10,"Time Taken to Run the Code(Mins)":0.2715896805127462,"MediaLogs/gauss_0.06":{"height":70,"caption":"Noisy Images: gauss 0.06","_type":"image-file","sha256":"fb4f18abaa786478c902089c03246b573543818264d6cd766815c05412f01760","size":18959,"path":"media/images/MediaLogs/gauss_0.06_0_fb4f18abaa786478c902.png","format":"png","width":138},"_runtime":15.990829095,"_step":12,"_timestamp":1.7515315777010689e+09,"_wandb":{"runtime":15}}