{"Timestep":10,"Time Taken to Run the Code(Mins)":0.3277362624804179,"_wandb":{"runtime":18},"_runtime":18,"_timestamp":1.7574326304200058e+09,"_step":12,"Accuracy":38.03,"chance_level":10}