{"Accuracy":69.69,"_timestamp":1.7513750578267658e+09,"_runtime":15.767323424,"_step":11,"Time Taken to Run the Code(Mins)":0.2673263390858968,"_wandb":{"runtime":15},"Timestep":10}