{"Accuracy":37.91,"Time Taken to Run the Code(Mins)":0.33424590826034545,"_wandb":{"runtime":18},"_runtime":18,"_timestamp":1.757443073081254e+09,"_step":12,"chance_level":10,"Timestep":10}