{"_step":12,"chance_level":10,"Timestep":10,"Accuracy":36.45,"Time Taken to Run the Code(Mins)":0.3279993255933126,"_wandb":{"runtime":18},"_runtime":18,"_timestamp":1.757440070349727e+09}