{"_timestamp":1.75742225955293e+09,"_step":12,"Timestep":10,"Accuracy":38.34,"chance_level":10,"Time Taken to Run the Code(Mins)":0.32740700244903564,"_wandb":{"runtime":18},"_runtime":18}