{"_runtime":433,"_timestamp":1.758192562717033e+09,"_step":12,"Timestep":10,"Accuracy":36.44,"chance_level":10,"Time Taken to Run the Code(Mins)":7.249491103490194,"_wandb":{"runtime":433}}