{"_step":12,"_timestamp":1.758201058285024e+09,"Timestep":10,"Accuracy":31.67,"chance_level":10,"Time Taken to Run the Code(Mins)":13.500533167521159,"_wandb":{"runtime":808},"_runtime":808}