{"_timestamp":1.757434284002898e+09,"_step":12,"Timestep":10,"Accuracy":37.03,"chance_level":10,"Time Taken to Run the Code(Mins)":0.3251434087753296,"_wandb":{"runtime":18},"_runtime":18}