{"Accuracy":33.4,"chance_level":10,"Time Taken to Run the Code(Mins)":6.730290198326111,"_wandb":{"runtime":402},"_runtime":402,"_timestamp":1.7582149751933122e+09,"_step":12,"Timestep":10}