{"_step":12,"_timestamp":1.7574210934216616e+09,"Timestep":10,"Accuracy":38.37,"chance_level":10,"Time Taken to Run the Code(Mins)":0.3387446959813436,"_wandb":{"runtime":19},"_runtime":19}