{"Timestep":10,"Accuracy":38.32,"chance_level":10,"Time Taken to Run the Code(Mins)":0.3236037611961365,"_wandb":{"runtime":18},"_runtime":18,"_timestamp":1.7574194826380074e+09,"_step":12}