{"_timestamp":1.75793114016423e+09,"_step":12,"chance_level":10,"Timestep":10,"Accuracy":37.76,"Time Taken to Run the Code(Mins)":9.704932467142742,"_wandb":{"runtime":580},"_runtime":580}