{"_timestamp":1.7574244878817189e+09,"_step":12,"chance_level":10,"Timestep":10,"Accuracy":37.53,"Time Taken to Run the Code(Mins)":0.3443837523460388,"_wandb":{"runtime":19},"_runtime":19}