{"_wandb":{"runtime":371},"_runtime":371,"_timestamp":1.7582200852788613e+09,"_step":12,"Timestep":10,"Accuracy":34.09,"chance_level":10,"Time Taken to Run the Code(Mins)":6.211892588933309}