{"_wandb":{"runtime":15},"Accuracy":69.69,"_timestamp":1.7513774053222287e+09,"_runtime":15.370630106,"_step":11,"Timestep":10,"Time Taken to Run the Code(Mins)":0.26021660566329957}