{"_runtime":445,"_timestamp":1.758194296946942e+09,"_step":12,"Timestep":10,"Accuracy":32.54,"chance_level":10,"Time Taken to Run the Code(Mins)":7.452333978811899,"_wandb":{"runtime":445}}