{"_wandb":{"runtime":17},"Timestep":10,"_step":12,"Accuracy":47.76,"_timestamp":1.7516386328276155e+09,"chance_level":10,"MediaLogs/s&p_0.02":{"sha256":"6d9678668fc378e1951bb630f4f538672833bbd927b8b3128ea48471d230098d","size":19693,"path":"media/images/MediaLogs/s&p_0.02_0_6d9678668fc378e1951b.png","format":"png","width":138,"height":70,"caption":"Noisy Images: s&p 0.02","_type":"image-file"},"Time Taken to Run the Code(Mins)":0.2957553188006083,"_runtime":17.440186925}