{"_wandb":{"runtime":15},"Time Taken to Run the Code(Mins)":0.27115609248479206,"_runtime":15.960786544,"MediaLogs/s&p_0.0":{"path":"media/images/MediaLogs/s&p_0.0_0_1351f578828d88645234.png","format":"png","width":138,"height":70,"caption":"Noisy Images: s&p 0.0","_type":"image-file","sha256":"1351f578828d886452347dc6a8a5d01cff2cec649d66f35cdd7f696cc437603a","size":18482},"_timestamp":1.752755727152169e+09,"Accuracy":68.49,"_step":12,"Timestep":10,"chance_level":10}