{"MediaLogs/gauss_0.04":{"format":"png","width":138,"height":70,"caption":"Noisy Images: gauss 0.04","_type":"image-file","sha256":"bc6a87b22c7ea2ae3c6b1a757398b7c4a6f48fe11c0f65de8a9386900ca6d63b","size":18834,"path":"media/images/MediaLogs/gauss_0.04_0_bc6a87b22c7ea2ae3c6b.png"},"Timestep":10,"Time Taken to Run the Code(Mins)":0.8079366087913513,"_wandb":{"runtime":48},"_timestamp":1.7514725627519193e+09,"_runtime":48.17325471,"_step":12,"Accuracy":60.36,"chance_level":10}