{"Time Taken to Run the Code(Mins)":0.3329411188761393,"_wandb":{"runtime":19},"_runtime":19,"_step":12,"_timestamp":1.7574209563385909e+09,"Timestep":10,"Accuracy":38.37,"chance_level":10}