{"_step":12,"Accuracy":38.42,"chance_level":10,"Timestep":10,"Time Taken to Run the Code(Mins)":0.34202582836151124,"_wandb":{"runtime":19},"_runtime":19,"_timestamp":1.7574203537424352e+09}