{"_timestamp":1.7582036504338298e+09,"_step":12,"Timestep":10,"Accuracy":30.83,"chance_level":10,"Time Taken to Run the Code(Mins)":15.704255080223083,"_wandb":{"runtime":939},"_runtime":939}