{"_timestamp":1.7516500950429113e+09,"Accuracy":57.44,"Time Taken to Run the Code(Mins)":0.2742443521817525,"_step":12,"_wandb":{"runtime":16},"chance_level":10,"_runtime":16.152038622,"MediaLogs/gauss_0.0":{"caption":"Noisy Images: gauss 0.0","_type":"image-file","sha256":"1351f578828d886452347dc6a8a5d01cff2cec649d66f35cdd7f696cc437603a","size":18482,"path":"media/images/MediaLogs/gauss_0.0_0_1351f578828d88645234.png","format":"png","width":138,"height":70},"Timestep":10}