{"Timestep":10,"Accuracy":35.89,"chance_level":10,"Time Taken to Run the Code(Mins)":9.015781227747599,"_wandb":{"runtime":539},"_runtime":539,"_timestamp":1.7579541762009275e+09,"_step":12}