{"_wandb":{"runtime":560},"_runtime":560,"_timestamp":1.7579530814891484e+09,"_step":12,"chance_level":10,"Timestep":10,"Accuracy":36.37,"Time Taken to Run the Code(Mins)":9.365692488352458}