{"_runtime":15.488586489,"Time Taken to Run the Code(Mins)":0.2622258385022481,"_wandb":{"runtime":15},"_step":11,"Timestep":10,"Accuracy":59.73,"_timestamp":1.7513838849304729e+09}