{"_wandb":{"runtime":262},"_runtime":262,"_timestamp":1.7570833201129854e+09,"_step":12,"Timestep":10,"Accuracy":32.86,"chance_level":10,"Time Taken to Run the Code(Mins)":4.4012236515680945}