{"_runtime":260,"_step":12,"_timestamp":1.7570902904818015e+09,"Timestep":10,"Accuracy":33.05,"chance_level":10,"Time Taken to Run the Code(Mins)":4.362572042147319,"_wandb":{"runtime":260}}