{"Time Taken to Run the Code(Mins)":4.297101624806722,"_wandb":{"runtime":256},"_runtime":256,"_timestamp":1.757090017331002e+09,"_step":12,"Timestep":10,"Accuracy":30.92,"chance_level":10}