{"chance_level":10,"Timestep":10,"Time Taken to Run the Code(Mins)":9.396882422765096,"_wandb":{"runtime":562},"_runtime":562,"_step":12,"_timestamp":1.757933464530985e+09,"Accuracy":37.59}