{"_step":12,"Timestep":10,"Accuracy":37.78,"chance_level":10,"Time Taken to Run the Code(Mins)":10.342120389143625,"_wandb":{"runtime":618},"_runtime":618,"_timestamp":1.7579518428910787e+09}