{"Accuracy":38.42,"chance_level":10,"Time Taken to Run the Code(Mins)":0.3365796764691671,"_wandb":{"runtime":18},"_runtime":18,"_timestamp":1.7574270631546369e+09,"_step":12,"Timestep":10}