{"_runtime":19,"_timestamp":1.7574382883464985e+09,"_step":12,"Timestep":10,"Accuracy":37.55,"chance_level":10,"Time Taken to Run the Code(Mins)":0.3337180495262146,"_wandb":{"runtime":19}}