{"chance_level":10,"Time Taken to Run the Code(Mins)":8.066925168037415,"_wandb":{"runtime":482},"_runtime":482,"_timestamp":1.75794330629614e+09,"_step":12,"Timestep":10,"Accuracy":38.29}