{"_timestamp":1.7582067759310362e+09,"_step":12,"Timestep":10,"Accuracy":37.05,"chance_level":10,"Time Taken to Run the Code(Mins)":9.229798463980357,"_wandb":{"runtime":552},"_runtime":552}