{"_timestamp":1.7515449386402347e+09,"Timestep":10,"chance_level":10,"MediaLogs/s&p_0.4":{"size":21658,"path":"media/images/MediaLogs/s&p_0.4_0_9c04c5b3bdb267bc4705.png","format":"png","width":138,"height":70,"caption":"Noisy Images: s&p 0.4","_type":"image-file","sha256":"9c04c5b3bdb267bc4705db6d0e1134ee42345c887749caece81c4aff8a090c3d"},"Time Taken to Run the Code(Mins)":0.26995941400527956,"_wandb":{"runtime":15},"_step":12,"Accuracy":14.08,"_runtime":15.894760605}