{"Accuracy":31.98,"Time Taken to Run the Code(Mins)":4.5346036950747175,"_wandb":{"runtime":270},"_runtime":270,"_timestamp":1.7570851684626791e+09,"_step":12,"chance_level":10,"Timestep":10}