{"Timestep":10,"Accuracy":36.89,"chance_level":10,"Time Taken to Run the Code(Mins)":8.899948700269062,"_wandb":{"runtime":532},"_runtime":532,"_timestamp":1.7579537942816777e+09,"_step":12}