{"Timestep":10,"Accuracy":31.74,"chance_level":10,"Time Taken to Run the Code(Mins)":6.88621373573939,"_wandb":{"runtime":411},"_runtime":411,"_timestamp":1.758195453323671e+09,"_step":12}