{"_timestamp":1.7582004751504152e+09,"_step":12,"Timestep":10,"Accuracy":31.53,"chance_level":10,"Time Taken to Run the Code(Mins)":9.535595953464508,"_wandb":{"runtime":570},"_runtime":570}