{"_step":12,"Timestep":10,"Accuracy":31.58,"chance_level":10,"Time Taken to Run the Code(Mins)":4.665257668495178,"_wandb":{"runtime":278},"_runtime":278,"_timestamp":1.7570866729864945e+09}