{"_runtime":366,"_step":12,"_timestamp":1.7582124008228493e+09,"Timestep":10,"Accuracy":29.4,"chance_level":10,"Time Taken to Run the Code(Mins)":6.12183644771576,"_wandb":{"runtime":366}}