{"_runtime":16.383653313,"_step":11,"Timestep":10,"Time Taken to Run the Code(Mins)":0.2776915629704793,"_wandb":{"runtime":16},"Accuracy":59.12,"_timestamp":1.7513836051871343e+09}