{"Accuracy":38.29,"chance_level":10,"Timestep":10,"Time Taken to Run the Code(Mins)":8.601773126920063,"_wandb":{"runtime":514},"_runtime":514,"_timestamp":1.7579505986854997e+09,"_step":12}