{"_step":12,"_timestamp":1.757089360131098e+09,"Timestep":10,"Accuracy":32.13,"chance_level":10,"Time Taken to Run the Code(Mins)":3.9775541464487714,"_wandb":{"runtime":237},"_runtime":237}