{"_runtime":15.95763949,"_step":12,"MediaLogs/gauss_0.02":{"path":"media/images/MediaLogs/gauss_0.02_0_5e20f382c4cf0c521504.png","format":"png","width":138,"height":70,"caption":"Noisy Images: gauss 0.02","_type":"image-file","sha256":"5e20f382c4cf0c521504d5dacaefd9b6ba260472feb927e28d65237353ec6f3f","size":18675},"Timestep":10,"_timestamp":1.751535398433429e+09,"chance_level":10,"Time Taken to Run the Code(Mins)":0.2713597297668457,"_wandb":{"runtime":15},"Accuracy":67.26}