{"Time Taken to Run the Code(Mins)":7.203444878260295,"_wandb":{"runtime":430},"_runtime":430,"_timestamp":1.7579520608970234e+09,"_step":12,"Timestep":10,"Accuracy":37.09,"chance_level":10}