{"MediaLogs/gauss_0.0":{"size":18482,"path":"media/images/MediaLogs/gauss_0.0_0_1351f578828d88645234.png","format":"png","width":138,"height":70,"caption":"Noisy Images: gauss 0.0","_type":"image-file","sha256":"1351f578828d886452347dc6a8a5d01cff2cec649d66f35cdd7f696cc437603a"},"_step":12,"_wandb":{"runtime":15},"_runtime":15.929285695,"Timestep":10,"Time Taken to Run the Code(Mins)":0.27054502566655475,"_timestamp":1.751969219816261e+09,"chance_level":10,"Accuracy":68.19}