{"Time Taken to Run the Code(Mins)":0.34063528378804525,"_wandb":{"runtime":19},"_runtime":19,"_timestamp":1.757431134147628e+09,"_step":12,"Timestep":10,"Accuracy":36.33,"chance_level":10}