{"_runtime":780,"_timestamp":1.758202197772546e+09,"_step":12,"Timestep":10,"Accuracy":30.43,"chance_level":10,"Time Taken to Run the Code(Mins)":13.053651853402455,"_wandb":{"runtime":780}}