{"_timestamp":1.7579283363002799e+09,"Timestep":10,"Accuracy":38.39,"chance_level":10,"Time Taken to Run the Code(Mins)":8.959467697143555,"_wandb":{"runtime":536},"_runtime":536,"_step":12}