{"Timestep":10,"Time Taken to Run the Code(Mins)":6.647973378499349,"_wandb":{"runtime":396},"_runtime":396,"_timestamp":1.758220241096504e+09,"_step":12,"Accuracy":34.22,"chance_level":10}