{"chance_level":10,"Time Taken to Run the Code(Mins)":9.276984484990438,"_wandb":{"runtime":551},"_runtime":551,"_step":12,"_timestamp":1.757926944654434e+09,"Timestep":10,"Accuracy":38.43}