{"_runtime":291,"_timestamp":1.7570781963858743e+09,"_step":12,"Timestep":10,"Accuracy":33.14,"chance_level":10,"Time Taken to Run the Code(Mins)":4.877362791697184,"_wandb":{"runtime":291}}