{"_wandb":{"runtime":382},"_runtime":382,"_timestamp":1.7582220098185215e+09,"_step":12,"Timestep":10,"Accuracy":31.11,"chance_level":10,"Time Taken to Run the Code(Mins)":6.392055960496267}