{"_wandb":{"runtime":432},"_runtime":432,"_timestamp":1.7581954570596266e+09,"_step":12,"Timestep":10,"Accuracy":31.71,"chance_level":10,"Time Taken to Run the Code(Mins)":7.236089642842611}