{"_timestamp":1.7574377814174764e+09,"_step":12,"Timestep":10,"Accuracy":38.32,"chance_level":10,"Time Taken to Run the Code(Mins)":0.3287975708643595,"_wandb":{"runtime":18},"_runtime":18}