{"Time Taken to Run the Code(Mins)":7.282564842700959,"_wandb":{"runtime":435},"_runtime":435,"_timestamp":1.7579480358534749e+09,"_step":12,"Timestep":10,"Accuracy":36.04,"chance_level":10}