{"Timestep":10,"Accuracy":37.56,"chance_level":10,"Time Taken to Run the Code(Mins)":11.225019017855326,"_wandb":{"runtime":671},"_runtime":671,"_timestamp":1.7579387716746306e+09,"_step":12}