{"_timestamp":1.7574441663974857e+09,"_step":12,"Timestep":10,"Accuracy":37.34,"chance_level":10,"Time Taken to Run the Code(Mins)":0.3436943252881368,"_wandb":{"runtime":19},"_runtime":19}