{"_wandb":{"runtime":7367},"Fine_Tuning/test_accuracy":88.70989304812835,"Fine_Tuning/train_loss":0.4851581888108314,"Fine_Tuning/train_accuracy":80.8614170639487,"Fine_Tuning/recon_test_loss":0.005416282233508194,"_runtime":7367,"Fine_Tuning/recon_train_loss":0.0337327323806814,"_step":199,"Fine_Tuning/test_loss":0.42854566872119904,"_timestamp":1.7609862629873981e+09}