{"_runtime":15.952561832,"_timestamp":1.75164532449183e+09,"Timestep":10,"MediaLogs/s&p_0.02":{"format":"png","width":138,"height":70,"caption":"Noisy Images: s&p 0.02","_type":"image-file","sha256":"6d9678668fc378e1951bb630f4f538672833bbd927b8b3128ea48471d230098d","size":19693,"path":"media/images/MediaLogs/s&p_0.02_0_6d9678668fc378e1951b.png"},"_wandb":{"runtime":15},"Time Taken to Run the Code(Mins)":0.27089909712473553,"_step":12,"Accuracy":52.57,"chance_level":10}