{"Accuracy":69.05,"Timestep":10,"MediaLogs/gauss_0.04":{"format":"png","width":138,"height":70,"caption":"Noisy Images: gauss 0.04","_type":"image-file","sha256":"bc6a87b22c7ea2ae3c6b1a757398b7c4a6f48fe11c0f65de8a9386900ca6d63b","size":18834,"path":"media/images/MediaLogs/gauss_0.04_0_bc6a87b22c7ea2ae3c6b.png"},"_timestamp":1.751532887758743e+09,"_runtime":15.836881562,"_step":12,"Time Taken to Run the Code(Mins)":0.26906305154164634,"chance_level":10,"_wandb":{"runtime":15}}