{"_wandb":{"runtime":18},"_runtime":18,"_timestamp":1.7574229449434628e+09,"_step":12,"Timestep":10,"Accuracy":38.12,"chance_level":10,"Time Taken to Run the Code(Mins)":0.33764525651931765}