{"_step":12,"Timestep":10,"Accuracy":37.15,"chance_level":10,"Time Taken to Run the Code(Mins)":9.386271866162618,"_wandb":{"runtime":561},"_runtime":561,"_timestamp":1.7579395651953285e+09}