{"chance_level":10,"Time Taken to Run the Code(Mins)":0.335039484500885,"_wandb":{"runtime":19},"_runtime":19,"_timestamp":1.7574457192269673e+09,"_step":12,"Timestep":10,"Accuracy":36.1}