{"_wandb":{"runtime":546},"_runtime":546,"_step":12,"_timestamp":1.757954189961267e+09,"Timestep":10,"Accuracy":35.96,"chance_level":10,"Time Taken to Run the Code(Mins)":9.124836870034535}