{"chance_level":10,"Timestep":10,"Accuracy":37.91,"Time Taken to Run the Code(Mins)":0.34463862975438436,"_wandb":{"runtime":19},"_runtime":19,"_timestamp":1.7574282617293067e+09,"_step":12}