{"_step":12,"_timestamp":1.7574190208046184e+09,"Timestep":10,"Accuracy":38.37,"chance_level":10,"Time Taken to Run the Code(Mins)":0.3202757438023885,"_wandb":{"runtime":18},"_runtime":18}