{"_wandb":{"runtime":571},"_runtime":571,"_step":12,"_timestamp":1.7579309086020947e+09,"Timestep":10,"Accuracy":38.1,"chance_level":10,"Time Taken to Run the Code(Mins)":9.570227412382762}