{"chance_level":10,"Time Taken to Run the Code(Mins)":9.089668107032775,"_wandb":{"runtime":543},"_runtime":543,"_step":12,"_timestamp":1.758209621204691e+09,"Timestep":10,"Accuracy":32.37}