{"_wandb":{"runtime":15},"_timestamp":1.7513750102595952e+09,"_runtime":15.67823937,"_step":11,"Timestep":10,"Accuracy":69.69,"Time Taken to Run the Code(Mins)":0.2653090675671895}