{"Time Taken to Run the Code(Mins)":0.32506094376246136,"_wandb":{"runtime":18},"_runtime":18,"_timestamp":1.757429557559089e+09,"_step":12,"Accuracy":37.04,"chance_level":10,"Timestep":10}