{"Accuracy":37.16,"chance_level":10,"Time Taken to Run the Code(Mins)":10.472583814462025,"_wandb":{"runtime":627},"_runtime":627,"_timestamp":1.7579397100141685e+09,"_step":12,"Timestep":10}