{"Accuracy":38.52,"Time Taken to Run the Code(Mins)":7.7485933025678,"_wandb":{"runtime":463},"_runtime":463,"_timestamp":1.7579561259750671e+09,"_step":12,"chance_level":10,"Timestep":10}