{"_timestamp":1.7581956600308962e+09,"_step":12,"Timestep":10,"Accuracy":31.73,"chance_level":10,"Time Taken to Run the Code(Mins)":7.551518615086874,"_wandb":{"runtime":452},"_runtime":452}