{"_step":12,"Timestep":10,"Accuracy":38.06,"chance_level":10,"Time Taken to Run the Code(Mins)":0.3387482722600301,"_wandb":{"runtime":19},"_runtime":19,"_timestamp":1.7574169499324133e+09}