{"chance_level":10,"Time Taken to Run the Code(Mins)":0.3290436546007792,"_wandb":{"runtime":18},"_runtime":18,"_timestamp":1.7574197538841197e+09,"_step":12,"Timestep":10,"Accuracy":38.33}