{"Time Taken to Run the Code(Mins)":5.150372592608134,"_wandb":{"runtime":307},"_runtime":307,"_timestamp":1.7570877354196718e+09,"_step":12,"Timestep":10,"Accuracy":32.45,"chance_level":10}