{"_timestamp":1.7579428073091097e+09,"_step":12,"Timestep":10,"Accuracy":38.33,"chance_level":10,"Time Taken to Run the Code(Mins)":8.873424812157948,"_wandb":{"runtime":531},"_runtime":531}