{"Accuracy":32.08,"chance_level":10,"Time Taken to Run the Code(Mins)":5.231962498029073,"_wandb":{"runtime":312},"_runtime":312,"_timestamp":1.7570849147598045e+09,"_step":12,"Timestep":10}