{"Accuracy":33.08,"chance_level":10,"Timestep":10,"Time Taken to Run the Code(Mins)":0.7294430096944173,"_wandb":{"runtime":42},"_runtime":42,"_timestamp":1.7570785509219751e+09,"_step":12}