{"_runtime":19,"_step":12,"_timestamp":1.7574387199215574e+09,"Timestep":10,"Accuracy":37.72,"chance_level":10,"Time Taken to Run the Code(Mins)":0.33589442173639933,"_wandb":{"runtime":19}}