{"Accuracy":37.33,"Time Taken to Run the Code(Mins)":9.534555625915527,"_wandb":{"runtime":571},"_runtime":571,"_step":12,"_timestamp":1.7579379957808194e+09,"chance_level":10,"Timestep":10}