{"_timestamp":1.7574178229284933e+09,"Timestep":10,"Accuracy":38.4,"chance_level":10,"Time Taken to Run the Code(Mins)":0.3224032799402873,"_wandb":{"runtime":18},"_runtime":18,"_step":12}