{"Timestep":10,"Accuracy":36.39,"Time Taken to Run the Code(Mins)":0.32412142753601075,"_wandb":{"runtime":18},"_runtime":18,"_timestamp":1.7574399365779552e+09,"_step":12,"chance_level":10}