{"Accuracy":30.52,"Time Taken to Run the Code(Mins)":6.937221626440684,"_wandb":{"runtime":414},"_runtime":414,"_timestamp":1.758222939556847e+09,"_step":12,"chance_level":10,"Timestep":10}