{"Accuracy":35.7,"chance_level":10,"Time Taken to Run the Code(Mins)":7.402529605229696,"_wandb":{"runtime":442},"_runtime":442,"_timestamp":1.7581879022458806e+09,"_step":12,"Timestep":10}