{"_step":12,"chance_level":10,"Timestep":10,"Accuracy":38.33,"Time Taken to Run the Code(Mins)":8.298403743902842,"_wandb":{"runtime":496},"_runtime":496,"_timestamp":1.7579253690936527e+09}