{"Timestep":10,"Accuracy":38.09,"chance_level":10,"Time Taken to Run the Code(Mins)":6.986551133791606,"_wandb":{"runtime":417},"_runtime":417,"_timestamp":1.757957436236362e+09,"_step":12}