{"_timestamp":1.7574362664063506e+09,"_step":12,"Timestep":10,"Accuracy":35.99,"chance_level":10,"Time Taken to Run the Code(Mins)":0.34277302424112954,"_wandb":{"runtime":19},"_runtime":19}