{"_step":12,"Timestep":10,"Accuracy":36.02,"chance_level":10,"Time Taken to Run the Code(Mins)":0.32059017022450764,"_wandb":{"runtime":18},"_runtime":18,"_timestamp":1.7574363996611936e+09}