{"_wandb":{"runtime":481},"_runtime":481,"_timestamp":1.7579457828329651e+09,"_step":12,"chance_level":10,"Timestep":10,"Accuracy":37.71,"Time Taken to Run the Code(Mins)":8.049201198418935}