{"chance_level":10,"Time Taken to Run the Code(Mins)":10.883588695526123,"_wandb":{"runtime":651},"_runtime":651,"_timestamp":1.757942464271156e+09,"_step":12,"Timestep":10,"Accuracy":36.5}