{"Accuracy":30.93,"Time Taken to Run the Code(Mins)":7.146355621019999,"_wandb":{"runtime":427},"_runtime":427,"_timestamp":1.7582218429046268e+09,"_step":12,"chance_level":10,"Timestep":10}