{"_wandb":{"runtime":565},"_runtime":565,"_timestamp":1.7581875028915172e+09,"_step":12,"Timestep":10,"Accuracy":37.22,"chance_level":10,"Time Taken to Run the Code(Mins)":9.44713000456492}