{"Timestep":10,"Accuracy":69.69,"_timestamp":1.7513772645295231e+09,"_runtime":15.701285022,"Time Taken to Run the Code(Mins)":0.26572588284810383,"_wandb":{"runtime":15},"_step":11}