{"_timestamp":1.7579306721684482e+09,"_step":12,"Timestep":10,"Accuracy":38.11,"chance_level":10,"Time Taken to Run the Code(Mins)":11.876631168524424,"_wandb":{"runtime":711},"_runtime":711}