{"Accuracy":34.23,"chance_level":10,"Time Taken to Run the Code(Mins)":7.209426252047221,"_wandb":{"runtime":431},"_runtime":431,"_step":12,"_timestamp":1.7582202094124448e+09,"Timestep":10}