{"_timestamp":1.7570863308449054e+09,"_step":12,"Timestep":10,"Accuracy":32.02,"chance_level":10,"Time Taken to Run the Code(Mins)":4.5265472531318665,"_wandb":{"runtime":270},"_runtime":270}