{"Time Taken to Run the Code(Mins)":6.07353108326594,"_wandb":{"runtime":363},"_runtime":363,"_timestamp":1.7582142716245463e+09,"_step":12,"Accuracy":35.25,"chance_level":10,"Timestep":10}