{"Timestep":10,"Time Taken to Run the Code(Mins)":0.27043129205703736,"_wandb":{"runtime":15},"_runtime":15.918155958,"_timestamp":1.7516491606894534e+09,"_step":12,"Accuracy":54.36,"chance_level":10,"MediaLogs/gauss_0.2":{"width":138,"height":70,"caption":"Noisy Images: gauss 0.2","_type":"image-file","sha256":"45f4dc678aa706151bebfea1540f5a37a816d74589f6ccf6fdeedb9f2f08c515","size":20156,"path":"media/images/MediaLogs/gauss_0.2_0_45f4dc678aa706151beb.png","format":"png"}}