{"_runtime":121,"_timestamp":1.7611498950919733e+09,"_step":101,"Timestep":100,"Accuracy":56.87324624612927,"chance_level":10,"_wandb":{"runtime":121}}