{"_wandb":{"runtime":394},"_runtime":394,"_timestamp":1.7581916130981867e+09,"_step":12,"Timestep":10,"Accuracy":33.83,"chance_level":10,"Time Taken to Run the Code(Mins)":6.623225259780884}