{"_runtime":16.212046872,"_step":12,"chance_level":10,"MediaLogs/gauss_0.04":{"caption":"Noisy Images: gauss 0.04","_type":"image-file","sha256":"bc6a87b22c7ea2ae3c6b1a757398b7c4a6f48fe11c0f65de8a9386900ca6d63b","size":18834,"path":"media/images/MediaLogs/gauss_0.04_0_bc6a87b22c7ea2ae3c6b.png","format":"png","width":138,"height":70},"Timestep":10,"Accuracy":67.24,"_timestamp":1.7515346337141056e+09,"Time Taken to Run the Code(Mins)":0.27526814142862954,"_wandb":{"runtime":16}}