{"_timestamp":1.758207387783394e+09,"Timestep":10,"Accuracy":37.22,"chance_level":10,"Time Taken to Run the Code(Mins)":8.54240513642629,"_wandb":{"runtime":510},"_runtime":510,"_step":12}