{"chance_level":10,"Time Taken to Run the Code(Mins)":3.5550888617833456,"_wandb":{"runtime":212},"_runtime":212,"_timestamp":1.757083013302743e+09,"_step":12,"Timestep":10,"Accuracy":33.06}