{"Accuracy":38.4,"chance_level":10,"Time Taken to Run the Code(Mins)":0.3351213216781616,"_wandb":{"runtime":19},"_runtime":19,"_timestamp":1.7574183900271754e+09,"_step":12,"Timestep":10}