{"Timestep":10,"Accuracy":38.33,"chance_level":10,"Time Taken to Run the Code(Mins)":8.848764868577321,"_wandb":{"runtime":529},"_runtime":529,"_timestamp":1.757926192181275e+09,"_step":12}