{"Accuracy":35.67,"chance_level":10,"Time Taken to Run the Code(Mins)":7.164632137616476,"_wandb":{"runtime":428},"_runtime":428,"_timestamp":1.758218775156024e+09,"_step":12,"Timestep":10}