{"_runtime":18,"_timestamp":1.7574370778432374e+09,"_step":12,"Timestep":10,"Accuracy":38.24,"chance_level":10,"Time Taken to Run the Code(Mins)":0.333605949083964,"_wandb":{"runtime":18}}