{"_step":12,"_timestamp":1.7579261171824715e+09,"Accuracy":38.36,"chance_level":10,"Timestep":10,"Time Taken to Run the Code(Mins)":9.099221618970235,"_wandb":{"runtime":544},"_runtime":544}