{"_runtime":18,"_step":12,"_timestamp":1.757420794217348e+09,"Timestep":10,"Accuracy":38.4,"chance_level":10,"Time Taken to Run the Code(Mins)":0.33360538880030316,"_wandb":{"runtime":18}}