{"_wandb":{"runtime":460},"_runtime":460,"_timestamp":1.7581888700056167e+09,"_step":12,"Timestep":10,"Accuracy":34.69,"chance_level":10,"Time Taken to Run the Code(Mins)":7.701079324881236}