{"chance_level":10,"Time Taken to Run the Code(Mins)":8.352695933977763,"_wandb":{"runtime":500},"_runtime":500,"_timestamp":1.757923713035905e+09,"_step":12,"Timestep":10,"Accuracy":38.43}