{"Accuracy":35.9,"chance_level":10,"Time Taken to Run the Code(Mins)":0.33295456171035764,"_wandb":{"runtime":18},"_runtime":18,"_timestamp":1.757435859219796e+09,"_step":12,"Timestep":10}