{"_step":12,"_timestamp":1.7582094277620428e+09,"Accuracy":32.18,"chance_level":10,"Timestep":10,"Time Taken to Run the Code(Mins)":8.624585660298665,"_wandb":{"runtime":515},"_runtime":515}