{"Timestep":10,"Time Taken to Run the Code(Mins)":8.568992014726003,"_wandb":{"runtime":512},"_runtime":512,"_timestamp":1.7582131787859073e+09,"_step":12,"Accuracy":37.65,"chance_level":10}