{"_wandb":{"runtime":18},"_runtime":18,"_timestamp":1.7574460158548656e+09,"_step":12,"Accuracy":36.17,"chance_level":10,"Timestep":10,"Time Taken to Run the Code(Mins)":0.3289222478866577}