{"Time Taken to Run the Code(Mins)":9.034934290250142,"_wandb":{"runtime":540},"_runtime":540,"_step":12,"_timestamp":1.7582090427825758e+09,"Timestep":10,"Accuracy":32,"chance_level":10}