{"Time Taken to Run the Code(Mins)":8.849640111128489,"_wandb":{"runtime":529},"_runtime":529,"_step":12,"_timestamp":1.7579258498701327e+09,"chance_level":10,"Timestep":10,"Accuracy":38.37}