{"Accuracy":29.98,"chance_level":10,"Time Taken to Run the Code(Mins)":7.606959390640259,"_wandb":{"runtime":455},"_runtime":455,"_step":12,"_timestamp":1.7582116125125206e+09,"Timestep":10}