{"Time Taken to Run the Code(Mins)":6.999905920028686,"_wandb":{"runtime":418},"_runtime":418,"_timestamp":1.758221096918281e+09,"_step":12,"Timestep":10,"Accuracy":32.3,"chance_level":10}