{"_wandb":{"runtime":15},"Timestep":10,"Accuracy":68.89,"_timestamp":1.7513769376462557e+09,"_runtime":15.626190438,"_step":11,"Time Taken to Run the Code(Mins)":0.2650615970293681}