{"Time Taken to Run the Code(Mins)":9.691442886988321,"_wandb":{"runtime":579},"_runtime":579,"_timestamp":1.7579477624228666e+09,"_step":12,"Timestep":10,"Accuracy":36.55,"chance_level":10}