{"Timestep":10,"Accuracy":38.23,"chance_level":10,"Time Taken to Run the Code(Mins)":7.504475343227386,"_wandb":{"runtime":448},"_runtime":448,"_timestamp":1.7579552190856364e+09,"_step":12}