{"_runtime":640,"_step":12,"_timestamp":1.7579342949894974e+09,"Timestep":10,"Accuracy":37.59,"chance_level":10,"Time Taken to Run the Code(Mins)":10.7029576698939,"_wandb":{"runtime":640}}