{"Time Taken to Run the Code(Mins)":0.2650146285692851,"_wandb":{"runtime":15},"_timestamp":1.7513796774530165e+09,"_runtime":15.664775018,"_step":11,"Timestep":10,"Accuracy":68.53}