{"Accuracy":37.69,"chance_level":10,"Time Taken to Run the Code(Mins)":7.867679417133331,"_wandb":{"runtime":470},"_runtime":470,"_timestamp":1.7579455072519279e+09,"_step":12,"Timestep":10}