{"chance_level":10,"Time Taken to Run the Code(Mins)":10.442310762405395,"_wandb":{"runtime":624},"_runtime":624,"_timestamp":1.757922567865165e+09,"_step":12,"Timestep":10,"Accuracy":38.01}