{"Timestep":10,"Accuracy":33.17,"Time Taken to Run the Code(Mins)":4.9037578781445825,"_wandb":{"runtime":292},"_runtime":292,"_timestamp":1.7570827972059987e+09,"_step":12,"chance_level":10}