{"_timestamp":1.7574303460540113e+09,"Timestep":10,"Accuracy":36.72,"chance_level":10,"Time Taken to Run the Code(Mins)":0.3448654651641846,"_wandb":{"runtime":19},"_runtime":19,"_step":12}