{"Accuracy":36.19,"chance_level":10,"Time Taken to Run the Code(Mins)":0.3387382984161377,"_wandb":{"runtime":19},"_runtime":19,"_timestamp":1.7574459615678847e+09,"_step":12,"Timestep":10}