{"_timestamp":1.7579465035086e+09,"_step":12,"Timestep":10,"Accuracy":37.19,"chance_level":10,"Time Taken to Run the Code(Mins)":8.23591601451238,"_wandb":{"runtime":492},"_runtime":492}