{"Timestep":10,"Accuracy":33.06,"chance_level":10,"Time Taken to Run the Code(Mins)":2.8238991777102154,"_wandb":{"runtime":168},"_runtime":168,"_timestamp":1.7570783658817487e+09,"_step":12}