{"Timestep":10,"Accuracy":38.06,"chance_level":10,"Time Taken to Run the Code(Mins)":0.3362927516301473,"_wandb":{"runtime":19},"_runtime":19,"_timestamp":1.7574168945270033e+09,"_step":12}