{"Time Taken to Run the Code(Mins)":0.2708593448003133,"Accuracy":59.78,"MediaLogs/gauss_0.02":{"height":70,"caption":"Noisy Images: gauss 0.02","_type":"image-file","sha256":"5e20f382c4cf0c521504d5dacaefd9b6ba260472feb927e28d65237353ec6f3f","size":18675,"path":"media/images/MediaLogs/gauss_0.02_0_5e20f382c4cf0c521504.png","format":"png","width":138},"_timestamp":1.7515539586675997e+09,"_runtime":15.950203068,"_step":12,"Timestep":10,"chance_level":10,"_wandb":{"runtime":15}}