{"chance_level":10,"Time Taken to Run the Code(Mins)":7.211770037810008,"_wandb":{"runtime":431},"_runtime":431,"_timestamp":1.7582084192594094e+09,"_step":12,"Timestep":10,"Accuracy":34.35}