{"_wandb":{"runtime":415},"_runtime":415,"_step":12,"_timestamp":1.758216796461346e+09,"chance_level":10,"Timestep":10,"Accuracy":30.37,"Time Taken to Run the Code(Mins)":6.943446266651153}