{"_wandb":{"runtime":318},"_runtime":318,"_timestamp":1.7570875271769722e+09,"_step":12,"Timestep":10,"Accuracy":33.16,"chance_level":10,"Time Taken to Run the Code(Mins)":5.332502595583597}