{"Time Taken to Run the Code(Mins)":8.556516242027282,"_wandb":{"runtime":511},"_runtime":511,"_step":12,"_timestamp":1.757945365319444e+09,"Timestep":10,"Accuracy":37.6,"chance_level":10}