{"Accuracy":37.21,"chance_level":10,"Time Taken to Run the Code(Mins)":8.859556329250335,"_wandb":{"runtime":529},"_runtime":529,"_timestamp":1.7582074068109272e+09,"_step":12,"Timestep":10}