{"Timestep":10,"Accuracy":35.71,"Time Taken to Run the Code(Mins)":8.765057110786438,"_wandb":{"runtime":524},"_runtime":524,"_timestamp":1.7581879920067117e+09,"_step":12,"chance_level":10}