{"chance_level":10,"Time Taken to Run the Code(Mins)":6.691589121023814,"_wandb":{"runtime":399},"_runtime":399,"_timestamp":1.7579594382625513e+09,"_step":12,"Timestep":10,"Accuracy":36.07}