{"_wandb":{"runtime":561},"_runtime":561,"_timestamp":1.7582084836586518e+09,"_step":12,"Timestep":10,"Accuracy":34.35,"chance_level":10,"Time Taken to Run the Code(Mins)":9.388921213150024}