{"_runtime":19,"_timestamp":1.7574314329931567e+09,"_step":12,"chance_level":10,"Timestep":10,"Accuracy":36.38,"Time Taken to Run the Code(Mins)":0.3383339683214823,"_wandb":{"runtime":19}}