{"_runtime":19,"_step":12,"_timestamp":1.7574171425337274e+09,"Timestep":10,"Accuracy":38.05,"chance_level":10,"Time Taken to Run the Code(Mins)":0.33482013940811156,"_wandb":{"runtime":19}}