{"_timestamp":1.7581907859128184e+09,"_step":12,"Timestep":10,"Accuracy":34.05,"chance_level":10,"Time Taken to Run the Code(Mins)":6.904370443026225,"_wandb":{"runtime":413},"_runtime":413}