{"Accuracy":37.6,"chance_level":10,"Timestep":10,"Time Taken to Run the Code(Mins)":8.3188573996226,"_wandb":{"runtime":497},"_runtime":497,"_step":12,"_timestamp":1.7579337464552763e+09}