{"_wandb":{"runtime":523},"_runtime":523,"_timestamp":1.757927985271409e+09,"_step":12,"Timestep":10,"Accuracy":38.39,"chance_level":10,"Time Taken to Run the Code(Mins)":8.76377208630244}