{"Accuracy":29.71,"Time Taken to Run the Code(Mins)":6.177447871367137,"_wandb":{"runtime":369},"_runtime":369,"_step":12,"_timestamp":1.758217710775648e+09,"chance_level":10,"Timestep":10}