{"_runtime":274,"_timestamp":1.757090507964754e+09,"_step":12,"Accuracy":33.11,"chance_level":10,"Timestep":10,"Time Taken to Run the Code(Mins)":4.599606482187907,"_wandb":{"runtime":274}}