{"_step":12,"chance_level":10,"Timestep":10,"Accuracy":37.43,"Time Taken to Run the Code(Mins)":0.3309288024902344,"_wandb":{"runtime":18},"_runtime":18,"_timestamp":1.7574334729698691e+09}