{"Accuracy":36.08,"chance_level":10,"Time Taken to Run the Code(Mins)":0.3245240569114685,"_wandb":{"runtime":18},"_runtime":18,"_timestamp":1.7574455307132335e+09,"_step":12,"Timestep":10}