{"_timestamp":1.7579460120806966e+09,"_step":12,"chance_level":10,"Timestep":10,"Accuracy":37.16,"Time Taken to Run the Code(Mins)":8.478157595793407,"_wandb":{"runtime":506},"_runtime":506}