{"_step":12,"Timestep":10,"Accuracy":30.57,"chance_level":10,"Time Taken to Run the Code(Mins)":13.645440451304118,"_wandb":{"runtime":815},"_runtime":815,"_timestamp":1.7582026448424044e+09}