{"Timestep":10,"Accuracy":32.31,"chance_level":10,"Time Taken to Run the Code(Mins)":4.433011889457703,"_wandb":{"runtime":264},"_runtime":264,"_timestamp":1.7570847257201414e+09,"_step":12}