{"_wandb":{"runtime":18},"_runtime":18,"_timestamp":1.7574328216469393e+09,"_step":12,"Timestep":10,"Accuracy":38.16,"chance_level":10,"Time Taken to Run the Code(Mins)":0.3250907222429911}