{"_timestamp":1.758204735476346e+09,"Timestep":10,"Accuracy":30.17,"chance_level":10,"Time Taken to Run the Code(Mins)":10.029075769583384,"_wandb":{"runtime":600},"_runtime":600,"_step":12}