{"Accuracy":33.47,"Time Taken to Run the Code(Mins)":6.9431256254514055,"_wandb":{"runtime":415},"_runtime":415,"_timestamp":1.7582150742295651e+09,"_step":12,"chance_level":10,"Timestep":10}