{"Timestep":10,"Accuracy":29.86,"chance_level":10,"Time Taken to Run the Code(Mins)":15.952178128560384,"_wandb":{"runtime":954},"_runtime":954,"_timestamp":1.7582036653571506e+09,"_step":12}