{"_step":12,"Accuracy":30.2,"chance_level":10,"Timestep":10,"Time Taken to Run the Code(Mins)":6.9664791345596315,"_wandb":{"runtime":416},"_runtime":416,"_timestamp":1.7582229216860182e+09}