{"Accuracy":36.35,"chance_level":10,"Time Taken to Run the Code(Mins)":7.066726672649383,"_wandb":{"runtime":422},"_runtime":422,"_timestamp":1.7581924685799468e+09,"_step":12,"Timestep":10}