{"Timestep":10,"Time Taken to Run the Code(Mins)":9.12704139550527,"_wandb":{"runtime":546},"_runtime":546,"_timestamp":1.7579450144581487e+09,"_step":12,"Accuracy":37.52,"chance_level":10}