{"_runtime":329,"_timestamp":1.7582129397039685e+09,"_step":12,"chance_level":10,"Timestep":10,"Accuracy":37.53,"Time Taken to Run the Code(Mins)":5.516158926486969,"_wandb":{"runtime":329}}