{"Time Taken to Run the Code(Mins)":0.32375872135162354,"_wandb":{"runtime":18},"_runtime":18,"_timestamp":1.7574180402475348e+09,"_step":12,"Timestep":10,"Accuracy":38.4,"chance_level":10}