{"_runtime":16.083897475,"Accuracy":51.21,"_wandb":{"runtime":16},"MediaLogs/s&p_0.04":{"height":70,"caption":"Noisy Images: s&p 0.04","_type":"image-file","sha256":"baea8452707910ea8f11d21702ce13dee1e2cd0558f06ac1145b6522d5554591","size":20448,"path":"media/images/MediaLogs/s&p_0.04_0_baea8452707910ea8f11.png","format":"png","width":138},"_timestamp":1.7519635010403273e+09,"_step":12,"Timestep":10,"chance_level":10,"Time Taken to Run the Code(Mins)":0.27316492398579917}