{"_step":12,"Timestep":10,"Accuracy":36.07,"chance_level":10,"Time Taken to Run the Code(Mins)":7.9276936769485475,"_wandb":{"runtime":474},"_runtime":474,"_timestamp":1.757948243661487e+09}