{"Timestep":10,"Accuracy":33.96,"chance_level":10,"Time Taken to Run the Code(Mins)":6.764918224016825,"_wandb":{"runtime":404},"_runtime":404,"_timestamp":1.7582199012962115e+09,"_step":12}