{"_runtime":16.172987431,"MediaLogs/gauss_0.2":{"sha256":"45f4dc678aa706151bebfea1540f5a37a816d74589f6ccf6fdeedb9f2f08c515","size":20156,"path":"media/images/MediaLogs/gauss_0.2_0_45f4dc678aa706151beb.png","format":"png","width":138,"height":70,"caption":"Noisy Images: gauss 0.2","_type":"image-file"},"_timestamp":1.7516434051715813e+09,"Accuracy":65.86,"Time Taken to Run the Code(Mins)":0.27462918758392335,"chance_level":10,"Timestep":10,"_wandb":{"runtime":16},"_step":12}