{"_timestamp":1.7519645114142134e+09,"_runtime":15.891131211,"Accuracy":45.02,"MediaLogs/gauss_0.2":{"sha256":"45f4dc678aa706151bebfea1540f5a37a816d74589f6ccf6fdeedb9f2f08c515","size":20156,"path":"media/images/MediaLogs/gauss_0.2_0_45f4dc678aa706151beb.png","format":"png","width":138,"height":70,"caption":"Noisy Images: gauss 0.2","_type":"image-file"},"_wandb":{"runtime":15},"_step":12,"Timestep":10,"chance_level":10,"Time Taken to Run the Code(Mins)":0.26994982957839964}