{"Time Taken to Run the Code(Mins)":8.458153422673544,"_wandb":{"runtime":506},"_runtime":506,"_timestamp":1.7579543283396022e+09,"_step":12,"Timestep":10,"Accuracy":36.08,"chance_level":10}