{"_timestamp":1.7513833722716823e+09,"_runtime":15.665657134,"_step":11,"Time Taken to Run the Code(Mins)":0.26585785547892254,"_wandb":{"runtime":15},"Timestep":10,"Accuracy":59.89}