{"_timestamp":1.7513796071632197e+09,"_runtime":15.745853617,"_step":11,"Time Taken to Run the Code(Mins)":0.2664144992828369,"_wandb":{"runtime":15},"Timestep":10,"Accuracy":61.46}