{"_wandb":{"runtime":757},"_runtime":757,"_timestamp":1.7582060483629932e+09,"_step":12,"Accuracy":29.78,"chance_level":10,"Timestep":10,"Time Taken to Run the Code(Mins)":12.67690713405609}