{"_step":12,"_timestamp":1.7579389656479342e+09,"Timestep":10,"Accuracy":37.1,"chance_level":10,"Time Taken to Run the Code(Mins)":9.648318413893382,"_wandb":{"runtime":577},"_runtime":577}