{"Timestep":10,"Accuracy":36.37,"Time Taken to Run the Code(Mins)":9.403890144824981,"_wandb":{"runtime":562},"_runtime":562,"_timestamp":1.7579417460961103e+09,"_step":12,"chance_level":10}