{"_runtime":515,"_timestamp":1.7581885049489825e+09,"_step":12,"Timestep":10,"Accuracy":35.81,"chance_level":10,"Time Taken to Run the Code(Mins)":8.62568521896998,"_wandb":{"runtime":515}}