{"_wandb":{"runtime":480},"_runtime":480,"_timestamp":1.7581903435638826e+09,"_step":12,"chance_level":10,"Timestep":10,"Accuracy":34.3,"Time Taken to Run the Code(Mins)":8.025217994054158}