{"_runtime":15.753263432,"_step":12,"Accuracy":50.62,"_wandb":{"runtime":15},"_timestamp":1.7516439571562462e+09,"Time Taken to Run the Code(Mins)":0.26757930119832357,"MediaLogs/s&p_0.02":{"caption":"Noisy Images: s&p 0.02","_type":"image-file","sha256":"6d9678668fc378e1951bb630f4f538672833bbd927b8b3128ea48471d230098d","size":19693,"path":"media/images/MediaLogs/s&p_0.02_0_6d9678668fc378e1951b.png","format":"png","width":138,"height":70},"Timestep":10,"chance_level":10}