{"_runtime":18,"_step":12,"_timestamp":1.75741763302386e+09,"Timestep":10,"Accuracy":38.03,"chance_level":10,"Time Taken to Run the Code(Mins)":0.33243823448816934,"_wandb":{"runtime":18}}