{"_step":12,"Timestep":10,"Accuracy":32.58,"chance_level":10,"Time Taken to Run the Code(Mins)":6.542011479536693,"_wandb":{"runtime":391},"_runtime":391,"_timestamp":1.7581944380828063e+09}