{"_step":11,"Time Taken to Run the Code(Mins)":0.26499101718266804,"_wandb":{"runtime":15},"Timestep":10,"Accuracy":63.96,"_timestamp":1.751377101731022e+09,"_runtime":15.660732544}