{"Time Taken to Run the Code(Mins)":0.27641342878341674,"Timestep":10,"_step":12,"_timestamp":1.7514688381380358e+09,"_runtime":16.281237343,"_wandb":{"runtime":16},"MediaLogs/gauss_0.0":{"_type":"image-file","sha256":"1351f578828d886452347dc6a8a5d01cff2cec649d66f35cdd7f696cc437603a","size":18482,"path":"media/images/MediaLogs/gauss_0.0_0_1351f578828d88645234.png","format":"png","width":138,"height":70,"caption":"Noisy Images: gauss 0.0"},"Accuracy":54.94,"chance_level":10}