{"chance_level":10,"Time Taken to Run the Code(Mins)":0.32374889055887857,"_wandb":{"runtime":18},"_runtime":18,"_timestamp":1.7574429381253612e+09,"_step":12,"Timestep":10,"Accuracy":38.48}