{"Accuracy":38.44,"chance_level":10,"Time Taken to Run the Code(Mins)":7.05713099638621,"_wandb":{"runtime":422},"_runtime":422,"_timestamp":1.7579564014427547e+09,"_step":12,"Timestep":10}