{"Timestep":10,"Accuracy":36.43,"chance_level":10,"Time Taken to Run the Code(Mins)":0.3295283913612366,"_wandb":{"runtime":18},"_runtime":18,"_timestamp":1.7574402142383475e+09,"_step":12}