{"Accuracy":38.28,"chance_level":10,"Time Taken to Run the Code(Mins)":7.96998842159907,"_wandb":{"runtime":476},"_runtime":476,"_timestamp":1.7579288425972106e+09,"_step":12,"Timestep":10}