{"_wandb":{"runtime":18},"_runtime":18,"_timestamp":1.7574313508409944e+09,"_step":12,"Timestep":10,"Accuracy":36.37,"chance_level":10,"Time Taken to Run the Code(Mins)":0.3253257036209106}