{"_wandb":{"runtime":159},"_runtime":159,"_step":12,"_timestamp":1.7570785419521646e+09,"Timestep":10,"Accuracy":33.07,"chance_level":10,"Time Taken to Run the Code(Mins)":2.6730955680211386}