{"MediaLogs/gauss_0.6000000000000001":{"path":"media/images/MediaLogs/gauss_0.6000000000000001_0_71e7e49c617876a92187.png","format":"png","width":138,"height":70,"caption":"Noisy Images: gauss 0.6000000000000001","_type":"image-file","sha256":"71e7e49c617876a92187f5f8ac37579a945a9374c00d35e39fc54ca17076c745","size":21734},"Accuracy":44.42,"_timestamp":1.751639303402003e+09,"_step":12,"_wandb":{"runtime":16},"_runtime":16.387599141,"Timestep":10,"Time Taken to Run the Code(Mins)":0.27824851671854656,"chance_level":10}