{"Time Taken to Run the Code(Mins)":0.26240333716074626,"_wandb":{"runtime":15},"Timestep":10,"Accuracy":60.26,"_timestamp":1.7513832318993328e+09,"_runtime":15.504353887,"_step":11}