{"chance_level":10,"Time Taken to Run the Code(Mins)":7.165083114306132,"_wandb":{"runtime":428},"_runtime":428,"_timestamp":1.758190782485893e+09,"_step":12,"Timestep":10,"Accuracy":34.04}