{"_runtime":710,"_timestamp":1.7579387259054668e+09,"_step":12,"Accuracy":37.63,"chance_level":10,"Timestep":10,"Time Taken to Run the Code(Mins)":11.870135041077932,"_wandb":{"runtime":710}}