{"_timestamp":1.7514706310344396e+09,"_wandb":{"runtime":17},"MediaLogs/gauss_0.0":{"sha256":"1351f578828d886452347dc6a8a5d01cff2cec649d66f35cdd7f696cc437603a","size":18482,"path":"media/images/MediaLogs/gauss_0.0_0_1351f578828d88645234.png","format":"png","width":138,"height":70,"caption":"Noisy Images: gauss 0.0","_type":"image-file"},"_runtime":17.486839745,"Timestep":10,"_step":12,"Time Taken to Run the Code(Mins)":0.29646738767623904,"Accuracy":58.85,"chance_level":10}