{"Accuracy":58.32,"chance_level":10,"_timestamp":1.7561984469050329e+09,"_step":11,"Time Taken to Run the Code(Mins)":0.517288080851237,"_wandb":{"runtime":30},"_runtime":30,"Timestep":10}