{"_timestamp":1.7582127708246064e+09,"Timestep":10,"Accuracy":37.51,"chance_level":10,"Time Taken to Run the Code(Mins)":5.9751631140708925,"_wandb":{"runtime":357},"_runtime":357,"_step":12}