{"chance_level":10,"Time Taken to Run the Code(Mins)":2.6533134818077087,"_wandb":{"runtime":158},"_runtime":158,"_timestamp":1.7570831890781837e+09,"_step":12,"Timestep":10,"Accuracy":33.07}