{"_wandb":{"runtime":624},"_runtime":624,"_timestamp":1.7579418461030078e+09,"_step":12,"Timestep":10,"Accuracy":36.35,"chance_level":10,"Time Taken to Run the Code(Mins)":10.4285058538119}