{"chance_level":10,"Time Taken to Run the Code(Mins)":8.897749177614848,"_wandb":{"runtime":531},"_runtime":531,"_timestamp":1.7579481592945964e+09,"_step":12,"Timestep":10,"Accuracy":36.04}