{"_runtime":557,"_timestamp":1.757933174379e+09,"_step":12,"Timestep":10,"Accuracy":37.5,"chance_level":10,"Time Taken to Run the Code(Mins)":9.357167454560598,"_wandb":{"runtime":557}}