{"Time Taken to Run the Code(Mins)":0.33410274187723793,"_wandb":{"runtime":19},"_runtime":19,"_timestamp":1.757431377845698e+09,"_step":12,"Timestep":10,"Accuracy":36.36,"chance_level":10}