{"_wandb":{"runtime":594},"_runtime":594,"_timestamp":1.7579372438623495e+09,"_step":12,"Timestep":10,"Accuracy":38.08,"chance_level":10,"Time Taken to Run the Code(Mins)":9.936116925875346}