{"Accuracy":37.29,"chance_level":10,"Time Taken to Run the Code(Mins)":0.3416396458943685,"_wandb":{"runtime":19},"_runtime":19,"_timestamp":1.7574446317321963e+09,"_step":12,"Timestep":10}