{"Accuracy":30.28,"chance_level":10,"Time Taken to Run the Code(Mins)":11.831131319204966,"_wandb":{"runtime":708},"_runtime":708,"_timestamp":1.7582017582708464e+09,"_step":12,"Timestep":10}