{"Accuracy":29.36,"Time Taken to Run the Code(Mins)":6.3851127107938135,"_wandb":{"runtime":381},"_runtime":381,"_timestamp":1.7582120050910661e+09,"_step":12,"chance_level":10,"Timestep":10}