{"Accuracy":34.74,"chance_level":10,"Time Taken to Run the Code(Mins)":7.291858617464701,"_wandb":{"runtime":436},"_runtime":436,"_timestamp":1.7581893593337905e+09,"_step":12,"Timestep":10}