{"Time Taken to Run the Code(Mins)":0.32427748839060466,"_wandb":{"runtime":18},"_runtime":18,"_timestamp":1.7574377546476705e+09,"_step":12,"Timestep":10,"Accuracy":38.34,"chance_level":10}