{"_timestamp":1.7574311063723094e+09,"_step":12,"Timestep":10,"Accuracy":36.35,"chance_level":10,"Time Taken to Run the Code(Mins)":0.3269516070683797,"_wandb":{"runtime":18},"_runtime":18}