{"_wandb":{"runtime":489},"_runtime":489,"_step":12,"_timestamp":1.7579464218622563e+09,"Timestep":10,"Accuracy":37.14,"chance_level":10,"Time Taken to Run the Code(Mins)":8.181560556093851}