{"_runtime":515,"_timestamp":1.758198062987227e+09,"_step":12,"Timestep":10,"Accuracy":36.41,"chance_level":10,"Time Taken to Run the Code(Mins)":8.622086548805237,"_wandb":{"runtime":515}}