{"Timestep":10,"Time Taken to Run the Code(Mins)":7.63704788684845,"_wandb":{"runtime":456},"_runtime":456,"_timestamp":1.7579578160758362e+09,"_step":12,"Accuracy":37.34,"chance_level":10}