{"_runtime":18,"_timestamp":1.757436998247821e+09,"_step":12,"chance_level":10,"Timestep":10,"Accuracy":38.25,"Time Taken to Run the Code(Mins)":0.33536991278330486,"_wandb":{"runtime":18}}