{"_timestamp":1.7579524979738064e+09,"_step":12,"Timestep":10,"Accuracy":37.16,"chance_level":10,"Time Taken to Run the Code(Mins)":9.56960662206014,"_wandb":{"runtime":571},"_runtime":571}