{"Timestep":10,"Accuracy":35.67,"Time Taken to Run the Code(Mins)":9.311239564418793,"_wandb":{"runtime":557},"_runtime":557,"_timestamp":1.7581879503898716e+09,"_step":12,"chance_level":10}