{"chance_level":10,"Timestep":10,"Accuracy":38.36,"Time Taken to Run the Code(Mins)":8.762387057145437,"_wandb":{"runtime":524},"_runtime":524,"_timestamp":1.7579261836453104e+09,"_step":12}