{"_wandb":{"runtime":568},"_runtime":568,"_step":12,"_timestamp":1.7579323187447424e+09,"Timestep":10,"Accuracy":37.51,"chance_level":10,"Time Taken to Run the Code(Mins)":9.505288290977479}