{"_runtime":495,"_timestamp":1.7579438337327616e+09,"_step":12,"chance_level":10,"Timestep":10,"Accuracy":38.03,"Time Taken to Run the Code(Mins)":8.285239899158478,"_wandb":{"runtime":495}}