{"_step":12,"Timestep":10,"Accuracy":38.01,"chance_level":10,"Time Taken to Run the Code(Mins)":8.267017769813538,"_wandb":{"runtime":494},"_runtime":494,"_timestamp":1.7579230754689875e+09}