{"_wandb":{"runtime":283},"_runtime":283,"_timestamp":1.7570899872486732e+09,"_step":12,"Timestep":10,"Accuracy":31.32,"chance_level":10,"Time Taken to Run the Code(Mins)":4.747456590334575}