{"chance_level":10,"Timestep":10,"Time Taken to Run the Code(Mins)":8.507992557684581,"_wandb":{"runtime":509},"_runtime":509,"_timestamp":1.7582131629050987e+09,"_step":12,"Accuracy":37.62}