{"Timestep":10,"Time Taken to Run the Code(Mins)":6.6288707454999285,"_wandb":{"runtime":396},"_runtime":396,"_step":12,"_timestamp":1.7582181377322004e+09,"Accuracy":37.89,"chance_level":10}