{"Time Taken to Run the Code(Mins)":8.20683878660202,"_wandb":{"runtime":491},"_runtime":491,"_timestamp":1.7581940498670008e+09,"_step":12,"Timestep":10,"Accuracy":33.97,"chance_level":10}