{"_wandb":{"runtime":384},"_runtime":384,"_timestamp":1.7582193081581829e+09,"_step":12,"Timestep":10,"Accuracy":36.01,"chance_level":10,"Time Taken to Run the Code(Mins)":6.432980899016062}