{"Accuracy":30.09,"chance_level":10,"Time Taken to Run the Code(Mins)":6.468788011868795,"_wandb":{"runtime":387},"_runtime":387,"_step":12,"_timestamp":1.758216372463034e+09,"Timestep":10}