{"Timestep":10,"Accuracy":36.34,"chance_level":10,"Time Taken to Run the Code(Mins)":0.32905049324035646,"_wandb":{"runtime":18},"_runtime":18,"_timestamp":1.7574315170544693e+09,"_step":12}