{"Accuracy":36.51,"chance_level":10,"Time Taken to Run the Code(Mins)":9.220836285750071,"_wandb":{"runtime":551},"_runtime":551,"_step":12,"_timestamp":1.7581984843475041e+09,"Timestep":10}