{"Accuracy":31.92,"Time Taken to Run the Code(Mins)":7.455279938379923,"_wandb":{"runtime":446},"_runtime":446,"_timestamp":1.7582206803005755e+09,"_step":12,"chance_level":10,"Timestep":10}