{"_timestamp":1.7579539236778216e+09,"_step":12,"Accuracy":36.89,"chance_level":10,"Timestep":10,"Time Taken to Run the Code(Mins)":8.916559823354085,"_wandb":{"runtime":533},"_runtime":533}