{"_timestamp":1.757421658618959e+09,"Timestep":10,"Accuracy":38.4,"chance_level":10,"Time Taken to Run the Code(Mins)":0.3273102442423503,"_wandb":{"runtime":18},"_runtime":18,"_step":12}