{"Timestep":10,"Accuracy":31.71,"chance_level":10,"Time Taken to Run the Code(Mins)":7.056793284416199,"_wandb":{"runtime":422},"_runtime":422,"_timestamp":1.7581953466857479e+09,"_step":12}