{"_wandb":{"runtime":446},"_runtime":446,"_timestamp":1.7579580663465822e+09,"_step":12,"Timestep":10,"Accuracy":37.35,"chance_level":10,"Time Taken to Run the Code(Mins)":7.4574467500050865}