{"_step":12,"_timestamp":1.7574461810268686e+09,"chance_level":10,"Timestep":10,"Accuracy":36.15,"Time Taken to Run the Code(Mins)":0.34275543689727783,"_wandb":{"runtime":19},"_runtime":19}