{"Accuracy":37.07,"Time Taken to Run the Code(Mins)":0.3282494346300761,"_wandb":{"runtime":18},"_runtime":18,"_timestamp":1.7574344728616178e+09,"_step":12,"chance_level":10,"Timestep":10}