{"_timestamp":1.757948023736374e+09,"chance_level":10,"Timestep":10,"Accuracy":35.9,"Time Taken to Run the Code(Mins)":9.132768917083741,"_wandb":{"runtime":546},"_runtime":546,"_step":12}