{"Time Taken to Run the Code(Mins)":0.3229426900545756,"_wandb":{"runtime":18},"_runtime":18,"_timestamp":1.7574412338960435e+09,"_step":12,"Timestep":10,"Accuracy":36.07,"chance_level":10}