{"MediaLogs/s&p_0.06":{"height":70,"caption":"Noisy Images: s&p 0.06","_type":"image-file","sha256":"6e6f2bae3e5fede333b73675a7c86dc6ec467d71d91b51c2e9fcf71564d74f10","size":20969,"path":"media/images/MediaLogs/s&p_0.06_0_6e6f2bae3e5fede333b7.png","format":"png","width":138},"Accuracy":45.7,"chance_level":10,"Timestep":10,"Time Taken to Run the Code(Mins)":0.27329084475835164,"_timestamp":1.7516478374085152e+09,"_wandb":{"runtime":16},"_runtime":16.098714114,"_step":12}