{"Accuracy":37.85,"chance_level":10,"Time Taken to Run the Code(Mins)":10.212951250871022,"_wandb":{"runtime":609},"_runtime":609,"_timestamp":1.757931588501009e+09,"_step":12,"Timestep":10}