{"Time Taken to Run the Code(Mins)":8.316861402988433,"_wandb":{"runtime":497},"_runtime":497,"_step":12,"_timestamp":1.7579571292630835e+09,"Timestep":10,"Accuracy":37.95,"chance_level":10}