{"Time Taken to Run the Code(Mins)":6.745944734414419,"_wandb":{"runtime":403},"_runtime":403,"_timestamp":1.758217313027339e+09,"_step":12,"Timestep":10,"Accuracy":29.51,"chance_level":10}