{"Time Taken to Run the Code(Mins)":0.2605881373087565,"_wandb":{"runtime":15},"Accuracy":68.97,"_timestamp":1.751374729088532e+09,"_runtime":15.393225918,"_step":11,"Timestep":10}