{"Accuracy":37.95,"chance_level":10,"Time Taken to Run the Code(Mins)":0.3269343455632528,"_wandb":{"runtime":18},"_runtime":18,"_timestamp":1.7574279081090736e+09,"_step":12,"Timestep":10}