{"Timestep":10,"Accuracy":33.18,"chance_level":10,"Time Taken to Run the Code(Mins)":4.883370010058085,"_wandb":{"runtime":291},"_runtime":291,"_timestamp":1.757084230805885e+09,"_step":12}