{"_wandb":{"runtime":417},"_runtime":417,"_timestamp":1.7582159495971074e+09,"_step":12,"Timestep":10,"Accuracy":31.36,"chance_level":10,"Time Taken to Run the Code(Mins)":6.9829152425130205}