{"_step":12,"Accuracy":33.92,"chance_level":10,"Timestep":10,"Time Taken to Run the Code(Mins)":7.372162954012553,"_wandb":{"runtime":441},"_runtime":441,"_timestamp":1.7581997076384137e+09}