{"Timestep":10,"Time Taken to Run the Code(Mins)":0.35158774455388386,"_wandb":{"runtime":20},"_runtime":20,"_timestamp":1.7574205749583433e+09,"_step":12,"Accuracy":38.41,"chance_level":10}