{"Accuracy":64.12,"_step":12,"_wandb":{"runtime":16},"_timestamp":1.7516432616376414e+09,"MediaLogs/gauss_0.0":{"size":18482,"path":"media/images/MediaLogs/gauss_0.0_0_1351f578828d88645234.png","format":"png","width":138,"height":70,"caption":"Noisy Images: gauss 0.0","_type":"image-file","sha256":"1351f578828d886452347dc6a8a5d01cff2cec649d66f35cdd7f696cc437603a"},"_runtime":16.176160288,"Time Taken to Run the Code(Mins)":0.2746622959772746,"chance_level":10,"Timestep":10}