{"_timestamp":1.7516392311295104e+09,"MediaLogs/gauss_0.4":{"caption":"Noisy Images: gauss 0.4","_type":"image-file","sha256":"9e1134f3eccd4afbd08f42ea855354228da2f6401a3ca3d434708c91e5131886","size":21177,"path":"media/images/MediaLogs/gauss_0.4_0_9e1134f3eccd4afbd08f.png","format":"png","width":138,"height":70},"_step":12,"Timestep":10,"Accuracy":50.77,"_runtime":16.146816404,"_wandb":{"runtime":16},"chance_level":10,"Time Taken to Run the Code(Mins)":0.2742177406946818}