{"_wandb":{"runtime":19},"_runtime":19,"_step":12,"_timestamp":1.7574387737032266e+09,"chance_level":10,"Timestep":10,"Accuracy":37.7,"Time Taken to Run the Code(Mins)":0.33732555707295736}