{"_step":12,"chance_level":10,"Timestep":10,"Accuracy":38.34,"Time Taken to Run the Code(Mins)":0.33155771096547443,"_wandb":{"runtime":18},"_runtime":18,"_timestamp":1.757422205646533e+09}