{"Time Taken to Run the Code(Mins)":0.3264290690422058,"_wandb":{"runtime":18},"_runtime":18,"_timestamp":1.7574269828819625e+09,"_step":12,"Timestep":10,"Accuracy":38.41,"chance_level":10}