{"_runtime":275,"_timestamp":1.75708483688592e+09,"_step":12,"Timestep":10,"Accuracy":32.34,"chance_level":10,"Time Taken to Run the Code(Mins)":4.6078148563702905,"_wandb":{"runtime":275}}