{"Timestep":10,"Accuracy":34.31,"chance_level":10,"Time Taken to Run the Code(Mins)":8.100083669026693,"_wandb":{"runtime":484},"_runtime":484,"_timestamp":1.758190360238586e+09,"_step":12}