{"MediaLogs/s&p_0.0":{"sha256":"1351f578828d886452347dc6a8a5d01cff2cec649d66f35cdd7f696cc437603a","size":18482,"path":"media/images/MediaLogs/s&p_0.0_0_1351f578828d88645234.png","format":"png","width":138,"height":70,"caption":"Noisy Images: s&p 0.0","_type":"image-file"},"_timestamp":1.752658521653426e+09,"_step":12,"Accuracy":50.61,"_runtime":16.296984622,"_wandb":{"runtime":16},"Timestep":10,"Time Taken to Run the Code(Mins)":0.2766247351964315,"chance_level":10}