{"Accuracy":38.29,"chance_level":10,"Time Taken to Run the Code(Mins)":7.454483457406362,"_wandb":{"runtime":445},"_runtime":445,"_step":12,"_timestamp":1.7579431632754738e+09,"Timestep":10}