{"_timestamp":1.7574213101373043e+09,"Timestep":10,"Accuracy":38.39,"chance_level":10,"Time Taken to Run the Code(Mins)":0.32709373235702516,"_wandb":{"runtime":18},"_runtime":18,"_step":12}