{"Timestep":10,"Accuracy":37.8,"chance_level":10,"Time Taken to Run the Code(Mins)":0.3289586385091146,"_wandb":{"runtime":18},"_runtime":18,"_timestamp":1.7574240173289282e+09,"_step":12}