{"chance_level":10,"Timestep":10,"Time Taken to Run the Code(Mins)":6.951612877845764,"_wandb":{"runtime":415},"_runtime":415,"_timestamp":1.7581949198056211e+09,"_step":12,"Accuracy":32.59}