{"Time Taken to Run the Code(Mins)":7.098406100273133,"_wandb":{"runtime":424},"_runtime":424,"_timestamp":1.7582103703713386e+09,"_step":12,"Timestep":10,"Accuracy":30.72,"chance_level":10}