{"_runtime":452,"_step":12,"_timestamp":1.757932754065008e+09,"Timestep":10,"Accuracy":37.62,"chance_level":10,"Time Taken to Run the Code(Mins)":7.562855418523153,"_wandb":{"runtime":452}}