{"_wandb":{"runtime":572},"_runtime":572,"_timestamp":1.7579483543966823e+09,"_step":12,"chance_level":10,"Timestep":10,"Accuracy":36.11,"Time Taken to Run the Code(Mins)":9.560572652022044}