{"Timestep":10,"Accuracy":38.37,"chance_level":10,"Time Taken to Run the Code(Mins)":9.51512877146403,"_wandb":{"runtime":569},"_runtime":569,"_timestamp":1.7579250393790424e+09,"_step":12}