{"Accuracy":37.62,"chance_level":10,"Time Taken to Run the Code(Mins)":9.893445324897765,"_wandb":{"runtime":592},"_runtime":592,"_timestamp":1.757932872140714e+09,"_step":12,"Timestep":10}