{"_timestamp":1.7513772411857772e+09,"_runtime":15.64213378,"Time Taken to Run the Code(Mins)":0.26481008927027383,"_wandb":{"runtime":15},"_step":11,"Timestep":10,"Accuracy":67.44}