{"Accuracy":33.98,"chance_level":10,"Time Taken to Run the Code(Mins)":6.779788668950399,"_wandb":{"runtime":405},"_runtime":405,"_timestamp":1.7582198241884573e+09,"_step":12,"Timestep":10}