{"_timestamp":1.7574280724818668e+09,"_step":12,"Timestep":10,"Accuracy":37.99,"chance_level":10,"Time Taken to Run the Code(Mins)":0.34103962977727253,"_wandb":{"runtime":19},"_runtime":19}