{"Time Taken to Run the Code(Mins)":0.26180850267410277,"_wandb":{"runtime":15},"Timestep":10,"Accuracy":69.73,"_timestamp":1.7513790928327339e+09,"_runtime":15.472791233,"_step":11}