{"Timestep":10,"Time Taken to Run the Code(Mins)":9.963784833749136,"_wandb":{"runtime":596},"_runtime":596,"_timestamp":1.757932555409962e+09,"_step":12,"Accuracy":37.56,"chance_level":10}