{"Accuracy":38.5,"chance_level":10,"Time Taken to Run the Code(Mins)":0.32703493038813275,"_wandb":{"runtime":18},"_runtime":18,"_timestamp":1.7574428589904392e+09,"_step":12,"Timestep":10}