{"_wandb":{"runtime":588},"_runtime":588,"_timestamp":1.758200238995144e+09,"_step":12,"Timestep":10,"Accuracy":31.31,"chance_level":10,"Time Taken to Run the Code(Mins)":9.826452740033467}