{"_runtime":489,"_timestamp":1.758214202824263e+09,"_step":12,"chance_level":10,"Timestep":10,"Accuracy":35.24,"Time Taken to Run the Code(Mins)":8.186478706200917,"_wandb":{"runtime":489}}