{"Fine_Tuning_With_Classification/Test_Accuracy":98.05147058823529,"Fine_Tuning_With_Classification/Recon_Testing_loss":0.0006238908236435451,"_wandb":{"runtime":737},"Fine_Tuning_With_Classification/test_loss":0.0539634001770002,"_runtime":737,"_timestamp":1.7603666794723737e+09,"Fine_Tuning_With_Classification/train_loss":0.038893684738940455,"Fine_Tuning_With_Classification/Recon_Training_loss":0.00266088994626616,"_step":199,"Fine_Tuning_With_Classification/Training_accuracy":98.92405063291139}