{"Timestep":10,"Accuracy":38.07,"chance_level":10,"Time Taken to Run the Code(Mins)":9.32258007923762,"_wandb":{"runtime":557},"_runtime":557,"_timestamp":1.7579372323916821e+09,"_step":12}