{"_timestamp":1.757958088306037e+09,"Timestep":10,"Accuracy":37.37,"chance_level":10,"Time Taken to Run the Code(Mins)":7.284508645534515,"_wandb":{"runtime":435},"_runtime":435,"_step":12}