{"Time Taken to Run the Code(Mins)":0.3329830765724182,"_wandb":{"runtime":18},"_runtime":18,"_timestamp":1.757433227258662e+09,"_step":12,"Timestep":10,"Accuracy":37.42,"chance_level":10}