{"Timestep":10,"Accuracy":32.44,"chance_level":10,"Time Taken to Run the Code(Mins)":5.056540067990621,"_wandb":{"runtime":302},"_runtime":302,"_timestamp":1.7570860500869837e+09,"_step":12}