{"_wandb":{"runtime":15},"_timestamp":1.751379279755261e+09,"_runtime":15.356816934,"_step":11,"Timestep":10,"Accuracy":68.18,"Time Taken to Run the Code(Mins)":0.2598814725875854}