{"_runtime":20,"_timestamp":1.7574372142279315e+09,"_step":12,"Timestep":10,"Accuracy":38.26,"chance_level":10,"Time Taken to Run the Code(Mins)":0.3518541614214579,"_wandb":{"runtime":20}}