{"chance_level":10,"Time Taken to Run the Code(Mins)":9.117372194925943,"_wandb":{"runtime":545},"_runtime":545,"_timestamp":1.7579242265347917e+09,"_step":12,"Timestep":10,"Accuracy":38.38}