{"_runtime":71,"_timestamp":1.7570782632147033e+09,"_step":12,"Timestep":10,"Accuracy":33.06,"chance_level":10,"Time Taken to Run the Code(Mins)":1.2155235171318055,"_wandb":{"runtime":71}}