{"Accuracy":36.31,"chance_level":10,"Time Taken to Run the Code(Mins)":0.3440730611483256,"_wandb":{"runtime":19},"_runtime":19,"_timestamp":1.7574353181422856e+09,"_step":12,"Timestep":10}