{"Timestep":10,"Accuracy":37.24,"Time Taken to Run the Code(Mins)":8.651305747032165,"_wandb":{"runtime":517},"_runtime":517,"_step":12,"_timestamp":1.758186903106919e+09,"chance_level":10}