{"Time Taken to Run the Code(Mins)":6.935978988806407,"_wandb":{"runtime":414},"_runtime":414,"_timestamp":1.758192666817995e+09,"_step":12,"Accuracy":36.42,"chance_level":10,"Timestep":10}