{"_runtime":557,"_step":12,"_timestamp":1.7581874956917567e+09,"Timestep":10,"Accuracy":37.22,"chance_level":10,"Time Taken to Run the Code(Mins)":9.324393451213837,"_wandb":{"runtime":557}}