{"_wandb":{"runtime":18},"_runtime":18,"_timestamp":1.757421444083158e+09,"_step":12,"Timestep":10,"Accuracy":38.4,"chance_level":10,"Time Taken to Run the Code(Mins)":0.33165563344955445}