{"_wandb":{"runtime":18},"_runtime":18,"_timestamp":1.7574286116494844e+09,"_step":12,"Accuracy":37.35,"chance_level":10,"Timestep":10,"Time Taken to Run the Code(Mins)":0.3305209636688232}