{"Time Taken to Run the Code(Mins)":6.595313123861948,"_wandb":{"runtime":394},"_runtime":394,"_timestamp":1.7582220268935223e+09,"_step":12,"Timestep":10,"Accuracy":31.15,"chance_level":10}