{"_runtime":415,"_step":12,"_timestamp":1.7581925565418165e+09,"Timestep":10,"Accuracy":36.39,"chance_level":10,"Time Taken to Run the Code(Mins)":6.961023859182993,"_wandb":{"runtime":415}}