{"_timestamp":1.757425562198799e+09,"_step":12,"chance_level":10,"Timestep":10,"Accuracy":37.56,"Time Taken to Run the Code(Mins)":0.3440530737241109,"_wandb":{"runtime":19},"_runtime":19}