{"_runtime":271,"_timestamp":1.757090318538179e+09,"_step":12,"Timestep":10,"Accuracy":33.05,"chance_level":10,"Time Taken to Run the Code(Mins)":4.540523652235667,"_wandb":{"runtime":271}}