{"_wandb":{"runtime":505},"_runtime":505,"_timestamp":1.7579449290925756e+09,"_step":12,"Timestep":10,"Accuracy":37.42,"chance_level":10,"Time Taken to Run the Code(Mins)":8.457011910279592}