{"_runtime":414,"_timestamp":1.7582171032393534e+09,"_step":12,"chance_level":10,"Timestep":10,"Accuracy":29.2,"Time Taken to Run the Code(Mins)":6.93253835439682,"_wandb":{"runtime":414}}