{"chance_level":10,"Time Taken to Run the Code(Mins)":0.33733821312586465,"_wandb":{"runtime":19},"_runtime":19,"_timestamp":1.7574207665974605e+09,"_step":12,"Timestep":10,"Accuracy":38.4}