{"_wandb":{"runtime":16},"chance_level":10,"_timestamp":1.7519677556327019e+09,"Accuracy":35.56,"MediaLogs/gauss_0.2":{"_type":"image-file","sha256":"45f4dc678aa706151bebfea1540f5a37a816d74589f6ccf6fdeedb9f2f08c515","size":20156,"path":"media/images/MediaLogs/gauss_0.2_0_45f4dc678aa706151beb.png","format":"png","width":138,"height":70,"caption":"Noisy Images: gauss 0.2"},"_step":12,"Timestep":10,"_runtime":16.137731348,"Time Taken to Run the Code(Mins)":0.2739978392918905}