{"_timestamp":1.7582228577156813e+09,"Timestep":10,"Accuracy":30.15,"chance_level":10,"Time Taken to Run the Code(Mins)":6.620165451367696,"_wandb":{"runtime":395},"_runtime":395,"_step":12}