{"_runtime":15.753988673,"Time Taken to Run the Code(Mins)":0.2675754984219869,"_wandb":{"runtime":15},"Accuracy":63.64,"MediaLogs/s&p_0.0":{"path":"media/images/MediaLogs/s&p_0.0_0_1351f578828d88645234.png","format":"png","width":138,"height":70,"caption":"Noisy Images: s&p 0.0","_type":"image-file","sha256":"1351f578828d886452347dc6a8a5d01cff2cec649d66f35cdd7f696cc437603a","size":18482},"_step":12,"chance_level":10,"_timestamp":1.7526581859776542e+09,"Timestep":10}