{"_timestamp":1.757435398164965e+09,"Timestep":10,"Accuracy":36.34,"chance_level":10,"Time Taken to Run the Code(Mins)":0.33057489395141604,"_wandb":{"runtime":18},"_runtime":18,"_step":12}