{"_wandb":{"runtime":399},"_runtime":399,"_step":12,"_timestamp":1.758222230733679e+09,"chance_level":10,"Timestep":10,"Accuracy":31.22,"Time Taken to Run the Code(Mins)":6.683128945032755}