{"_timestamp":1.757946611375037e+09,"_step":12,"Timestep":10,"Accuracy":37.22,"chance_level":10,"Time Taken to Run the Code(Mins)":9.54432520866394,"_wandb":{"runtime":570},"_runtime":570}