{"chance_level":10,"Time Taken to Run the Code(Mins)":0.32946567932764687,"_wandb":{"runtime":18},"_runtime":18,"_step":12,"_timestamp":1.7574336359880714e+09,"Timestep":10,"Accuracy":37.42}