{"Time Taken to Run the Code(Mins)":0.3399556676546733,"_wandb":{"runtime":19},"_runtime":19,"_step":12,"_timestamp":1.7574176060439138e+09,"chance_level":10,"Timestep":10,"Accuracy":38.03}