{"_wandb":{"runtime":17},"_timestamp":1.75155374090638e+09,"Time Taken to Run the Code(Mins)":0.2921212712923686,"MediaLogs/gauss_0.02":{"caption":"Noisy Images: gauss 0.02","_type":"image-file","sha256":"5e20f382c4cf0c521504d5dacaefd9b6ba260472feb927e28d65237353ec6f3f","size":18675,"path":"media/images/MediaLogs/gauss_0.02_0_5e20f382c4cf0c521504.png","format":"png","width":138,"height":70},"_runtime":17.222807962,"_step":12,"Timestep":10,"chance_level":10,"Accuracy":68.05}