{"_timestamp":1.7513748931448417e+09,"_runtime":15.398721516,"_step":11,"Timestep":10,"Time Taken to Run the Code(Mins)":0.26072383324305215,"_wandb":{"runtime":15},"Accuracy":61.46}