{"Timestep":10,"Accuracy":33.07,"Time Taken to Run the Code(Mins)":3.445236043135325,"_wandb":{"runtime":205},"_runtime":205,"_timestamp":1.7570830072877278e+09,"_step":12,"chance_level":10}