{"Time Taken to Run the Code(Mins)":11.127901411056518,"_wandb":{"runtime":666},"_runtime":666,"_step":12,"_timestamp":1.75820601427714e+09,"Accuracy":29.85,"chance_level":10,"Timestep":10}