{"_timestamp":1.757956140948331e+09,"_step":12,"Timestep":10,"Accuracy":38.48,"chance_level":10,"Time Taken to Run the Code(Mins)":7.063504469394684,"_wandb":{"runtime":422},"_runtime":422}