{"_timestamp":1.7574459890163608e+09,"_step":12,"chance_level":10,"Timestep":10,"Accuracy":36.18,"Time Taken to Run the Code(Mins)":0.33637253443400067,"_wandb":{"runtime":19},"_runtime":19}