{"_runtime":16.113733463,"Timestep":10,"Time Taken to Run the Code(Mins)":0.27359919548034667,"_wandb":{"runtime":16},"_timestamp":1.7515532766894388e+09,"chance_level":10,"MediaLogs/s&p_0.4":{"width":138,"height":70,"caption":"Noisy Images: s&p 0.4","_type":"image-file","sha256":"9c04c5b3bdb267bc4705db6d0e1134ee42345c887749caece81c4aff8a090c3d","size":21658,"path":"media/images/MediaLogs/s&p_0.4_0_9c04c5b3bdb267bc4705.png","format":"png"},"_step":12,"Accuracy":23.14}