{"chance_level":10,"MediaLogs/gauss_0.0":{"path":"media/images/MediaLogs/gauss_0.0_0_1351f578828d88645234.png","format":"png","width":138,"height":70,"caption":"Noisy Images: gauss 0.0","_type":"image-file","sha256":"1351f578828d886452347dc6a8a5d01cff2cec649d66f35cdd7f696cc437603a","size":18482},"_timestamp":1.7515370221535559e+09,"Timestep":10,"Time Taken to Run the Code(Mins)":0.290532906850179,"_wandb":{"runtime":17},"_step":12,"_runtime":17.122958358,"Accuracy":69.32}