{"_timestamp":1.7574331736616058e+09,"Timestep":10,"Accuracy":38.1,"chance_level":10,"Time Taken to Run the Code(Mins)":0.33009154796600343,"_wandb":{"runtime":18},"_runtime":18,"_step":12}