{"_runtime":452,"_timestamp":1.7579566102225194e+09,"_step":12,"Timestep":10,"Accuracy":38.39,"chance_level":10,"Time Taken to Run the Code(Mins)":7.559380571047465,"_wandb":{"runtime":452}}