{"chance_level":10,"Time Taken to Run the Code(Mins)":9.933269806702931,"_wandb":{"runtime":594},"_runtime":594,"_timestamp":1.7579319372398334e+09,"_step":12,"Timestep":10,"Accuracy":37.86}