{"_step":12,"Timestep":10,"Accuracy":36.38,"chance_level":10,"Time Taken to Run the Code(Mins)":10.162718121210734,"_wandb":{"runtime":608},"_runtime":608,"_timestamp":1.7579422161092026e+09}