{"_wandb":{"runtime":18},"_runtime":18,"_timestamp":1.757439122596177e+09,"_step":12,"Timestep":10,"Accuracy":37.1,"chance_level":10,"Time Taken to Run the Code(Mins)":0.32362845341364543}