{"Timestep":10,"Accuracy":36.03,"chance_level":10,"Time Taken to Run the Code(Mins)":8.949239122867585,"_wandb":{"runtime":535},"_runtime":535,"_timestamp":1.7579544814633572e+09,"_step":12}