{"_timestamp":1.7574324680960734e+09,"_step":12,"Timestep":10,"Accuracy":38,"chance_level":10,"Time Taken to Run the Code(Mins)":0.3270512382189433,"_wandb":{"runtime":18},"_runtime":18}