{"Time Taken to Run the Code(Mins)":8.741456611951191,"_wandb":{"runtime":523},"_runtime":523,"_step":12,"_timestamp":1.7574162176309083e+09,"Timestep":10,"Accuracy":38.06,"chance_level":10}