{"Timestep":10,"Accuracy":38.25,"chance_level":10,"Time Taken to Run the Code(Mins)":11.2300368587176,"_wandb":{"runtime":672},"_runtime":672,"_timestamp":1.7579365199676576e+09,"_step":12}