{"Time Taken to Run the Code(Mins)":0.320845373471578,"_wandb":{"runtime":18},"_runtime":18,"_timestamp":1.7574419925985878e+09,"_step":12,"Timestep":10,"Accuracy":38.23,"chance_level":10}