{"_step":12,"Timestep":10,"Accuracy":38.4,"chance_level":10,"Time Taken to Run the Code(Mins)":9.894215329488118,"_wandb":{"runtime":592},"_runtime":592,"_timestamp":1.7579356107722778e+09}