{"_step":12,"Timestep":10,"Accuracy":30.75,"chance_level":10,"Time Taken to Run the Code(Mins)":15.674216794967652,"_wandb":{"runtime":937},"_runtime":937,"_timestamp":1.758203218781634e+09}