{"chance_level":10,"Timestep":10,"Time Taken to Run the Code(Mins)":6.216024816036224,"_wandb":{"runtime":371},"_runtime":371,"_timestamp":1.7581902416183126e+09,"_step":12,"Accuracy":34.3}