{"_step":11,"Timestep":10,"Accuracy":69.69,"Time Taken to Run the Code(Mins)":0.2644996007283529,"_wandb":{"runtime":15},"_timestamp":1.751375034386284e+09,"_runtime":15.632381887}