{"_wandb":{"runtime":550},"_runtime":550,"_timestamp":1.7579285575081537e+09,"_step":12,"Timestep":10,"Accuracy":38.35,"chance_level":10,"Time Taken to Run the Code(Mins)":9.205230748653412}