{"Accuracy":30.58,"Time Taken to Run the Code(Mins)":6.915117462476094,"_wandb":{"runtime":413},"_runtime":413,"_timestamp":1.7582103000417883e+09,"_step":12,"chance_level":10,"Timestep":10}