{"chance_level":10,"Time Taken to Run the Code(Mins)":0.34156924883524575,"_wandb":{"runtime":19},"_runtime":19,"_timestamp":1.757431052610705e+09,"_step":12,"Timestep":10,"Accuracy":36.31}