{"Time Taken to Run the Code(Mins)":4.567943076292674,"_wandb":{"runtime":272},"_runtime":272,"_timestamp":1.7570884278824382e+09,"_step":12,"Timestep":10,"Accuracy":31.59,"chance_level":10}