{"Time Taken to Run the Code(Mins)":4.699738184611003,"_wandb":{"runtime":280},"_runtime":280,"_timestamp":1.7570781857168262e+09,"_step":12,"Accuracy":33.16,"chance_level":10,"Timestep":10}