{"chance_level":10,"Timestep":10,"Accuracy":38.39,"Time Taken to Run the Code(Mins)":9.307426059246064,"_wandb":{"runtime":557},"_runtime":557,"_timestamp":1.7579237980160005e+09,"_step":12}