{"_step":12,"_timestamp":1.757084731282547e+09,"chance_level":10,"Timestep":10,"Accuracy":32.33,"Time Taken to Run the Code(Mins)":4.997570180892945,"_wandb":{"runtime":298},"_runtime":298}