{"Accuracy":38.07,"chance_level":10,"Time Taken to Run the Code(Mins)":7.9551385879516605,"_wandb":{"runtime":476},"_runtime":476,"_timestamp":1.7574161706948884e+09,"_step":12,"Timestep":10}