{"Time Taken to Run the Code(Mins)":16.19396164814631,"_wandb":{"runtime":968},"_runtime":968,"_timestamp":1.7582046743145716e+09,"_step":12,"Timestep":10,"Accuracy":30.09,"chance_level":10}