{"Accuracy":36.15,"chance_level":10,"Time Taken to Run the Code(Mins)":8.162333901723226,"_wandb":{"runtime":488},"_runtime":488,"_timestamp":1.7579485464366338e+09,"_step":12,"Timestep":10}