{"_step":12,"Accuracy":33.7,"chance_level":10,"Timestep":10,"Time Taken to Run the Code(Mins)":8.456144698460896,"_wandb":{"runtime":505},"_runtime":505,"_timestamp":1.758199379296658e+09}