{"_timestamp":1.7515347297628634e+09,"Time Taken to Run the Code(Mins)":0.27317609786987307,"_wandb":{"runtime":16},"Accuracy":67.06,"_runtime":16.087562566,"_step":12,"chance_level":10,"Timestep":10,"MediaLogs/gauss_0.06":{"sha256":"fb4f18abaa786478c902089c03246b573543818264d6cd766815c05412f01760","size":18959,"path":"media/images/MediaLogs/gauss_0.06_0_fb4f18abaa786478c902.png","format":"png","width":138,"height":70,"caption":"Noisy Images: gauss 0.06","_type":"image-file"}}