{"_timestamp":1.7574177147197902e+09,"_step":12,"Timestep":10,"Accuracy":38.4,"chance_level":10,"Time Taken to Run the Code(Mins)":0.3342546900113424,"_wandb":{"runtime":18},"_runtime":18}