{"Accuracy":32.52,"chance_level":10,"Time Taken to Run the Code(Mins)":5.042832708358764,"_wandb":{"runtime":301},"_runtime":301,"_timestamp":1.7570842562406404e+09,"_step":12,"Timestep":10}