{"_timestamp":1.757431898305834e+09,"_step":12,"Timestep":10,"Accuracy":38.38,"chance_level":10,"Time Taken to Run the Code(Mins)":0.32530593077341713,"_wandb":{"runtime":18},"_runtime":18}