{"_runtime":17.271344666,"_wandb":{"runtime":17},"chance_level":10,"Timestep":10,"_timestamp":1.7515519618076653e+09,"_step":12,"Time Taken to Run the Code(Mins)":0.292915141582489,"MediaLogs/gauss_0.06":{"sha256":"fb4f18abaa786478c902089c03246b573543818264d6cd766815c05412f01760","size":18959,"path":"media/images/MediaLogs/gauss_0.06_0_fb4f18abaa786478c902.png","format":"png","width":138,"height":70,"caption":"Noisy Images: gauss 0.06","_type":"image-file"},"Accuracy":40.19}