{"chance_level":10,"Timestep":10,"Time Taken to Run the Code(Mins)":0.3306052446365356,"_wandb":{"runtime":18},"_runtime":18,"_timestamp":1.7574339347449174e+09,"_step":12,"Accuracy":37.49}