{"_step":12,"Timestep":10,"Accuracy":38.12,"chance_level":10,"Time Taken to Run the Code(Mins)":0.330363670984904,"_wandb":{"runtime":18},"_runtime":18,"_timestamp":1.7574226690448997e+09}