{"_runtime":505,"_timestamp":1.7579511975301266e+09,"_step":12,"chance_level":10,"Timestep":10,"Accuracy":37.74,"Time Taken to Run the Code(Mins)":8.452008454004924,"_wandb":{"runtime":505}}