{"Accuracy":29.37,"chance_level":10,"Time Taken to Run the Code(Mins)":6.944727559884389,"_wandb":{"runtime":414},"_runtime":414,"_timestamp":1.7582172454998353e+09,"_step":12,"Timestep":10}