{"_runtime":15.764448812,"Accuracy":15.58,"_timestamp":1.751528477263949e+09,"Timestep":10,"_wandb":{"runtime":15},"MediaLogs/s&p_0.2":{"height":70,"caption":"Noisy Images: s&p 0.2","_type":"image-file","sha256":"258790cc567a266b10ae4c3402110f4a77c2a2ad20e989f48a1132a7e187dd37","size":22652,"path":"media/images/MediaLogs/s&p_0.2_0_258790cc567a266b10ae.png","format":"png","width":138},"chance_level":10,"Time Taken to Run the Code(Mins)":0.2677287220954895,"_step":12}