{"Time Taken to Run the Code(Mins)":0.37868236303329467,"_wandb":{"runtime":19},"_runtime":19,"_timestamp":1.7574365110070777e+09,"_step":12,"chance_level":10,"Timestep":10,"Accuracy":38.41}