{"Accuracy":15.79,"_wandb":{"runtime":17},"MediaLogs/s&p_0.8":{"width":138,"height":70,"caption":"Noisy Images: s&p 0.8","_type":"image-file","sha256":"c5de290bc607a4d3a958a7bbf55c32825b481e2e8eecb255f8d00ebb9a0e0de2","size":7046,"path":"media/images/MediaLogs/s&p_0.8_0_c5de290bc607a4d3a958.png","format":"png"},"Time Taken to Run the Code(Mins)":0.30005043347676597,"_step":12,"Timestep":10,"_timestamp":1.751470581879756e+09,"chance_level":10,"_runtime":17.695865347}