{"_timestamp":1.7579506628684125e+09,"_step":12,"Timestep":10,"Accuracy":38.29,"chance_level":10,"Time Taken to Run the Code(Mins)":8.457891265551249,"_wandb":{"runtime":505},"_runtime":505}