{"Timestep":10,"Accuracy":30.11,"chance_level":10,"Time Taken to Run the Code(Mins)":16.086430140336354,"_wandb":{"runtime":962},"_runtime":962,"_step":12,"_timestamp":1.758204682665059e+09}