{"Timestep":10,"Accuracy":36.36,"Time Taken to Run the Code(Mins)":0.3508039673169454,"_wandb":{"runtime":19},"_runtime":19,"_timestamp":1.7574354261502297e+09,"_step":12,"chance_level":10}