{"chance_level":10,"Timestep":10,"Accuracy":33.89,"Time Taken to Run the Code(Mins)":7.699085140228272,"_wandb":{"runtime":460},"_runtime":460,"_step":12,"_timestamp":1.7581921258584108e+09}