{"_timestamp":1.7514662720475514e+09,"chance_level":10,"_runtime":15.993376907,"Timestep":10,"MediaLogs/gauss_0.02":{"size":18675,"path":"media/images/MediaLogs/gauss_0.02_0_5e20f382c4cf0c521504.png","format":"png","width":138,"height":70,"caption":"Noisy Images: gauss 0.02","_type":"image-file","sha256":"5e20f382c4cf0c521504d5dacaefd9b6ba260472feb927e28d65237353ec6f3f"},"Time Taken to Run the Code(Mins)":0.27132107814153034,"_step":12,"Accuracy":56.73,"_wandb":{"runtime":15}}