{"Timestep":10,"Time Taken to Run the Code(Mins)":0.3456658124923706,"_wandb":{"runtime":19},"_runtime":19,"_timestamp":1.757429694666645e+09,"_step":12,"Accuracy":37.05,"chance_level":10}