{"Time Taken to Run the Code(Mins)":11.22666296561559,"_wandb":{"runtime":671},"_runtime":671,"_timestamp":1.7579411051510828e+09,"_step":12,"Timestep":10,"Accuracy":37.04,"chance_level":10}