{"Time Taken to Run the Code(Mins)":7.244438564777374,"_wandb":{"runtime":433},"_runtime":433,"_timestamp":1.758218418492534e+09,"_step":12,"Timestep":10,"Accuracy":37.9,"chance_level":10}