{"gradients/conv1.bias":{"bins":[-0.042532455176115036,-0.04033300653100014,-0.03813355788588524,-0.03593410924077034,-0.03373466059565544,-0.03153521195054054,-0.029335763305425644,-0.027136314660310745,-0.024936866015195847,-0.022737417370080948,-0.02053796872496605,-0.01833852007985115,-0.016139071434736252,-0.013939622789621353,-0.011740174144506454,-0.009540725499391556,-0.007341276854276657,-0.005141828209161758,-0.0029423795640468597,-0.0007429309189319611,0.0014565177261829376,0.0036559663712978363,0.005855415016412735,0.008054863661527634,0.010254312306642532,0.012453760951757431,0.01465320959687233,0.01685265824198723,0.019052106887102127,0.021251555532217026,0.023451004177331924,0.025650452822446823,0.02784990519285202,0.03004935383796692,0.03224880248308182,0.034448251128196716,0.036647699773311615,0.038847148418426514,0.04104659706354141,0.04324604570865631,0.04544549435377121,0.04764494299888611,0.04984439164400101,0.052043840289115906,0.054243288934230804,0.0564427375793457,0.0586421862244606,0.0608416348695755,0.0630410835146904,0.0652405321598053,0.0674399808049202,0.0696394294500351,0.07183887809515,0.07403832674026489,0.07623777538537979,0.07843722403049469,0.08063667267560959,0.08283612132072449,0.08503556996583939,0.08723501861095428,0.08943446725606918,0.09163391590118408,0.09383336454629898,0.09603281319141388,0.09823226183652878],"_type":"histogram","values":[1,0,0,0,0,0,0,0,0,0,0,0,0,0,0,0,1,0,1,0,0,0,0,1,0,0,0,1,0,0,0,0,0,0,0,0,0,0,0,0,0,0,0,0,0,0,0,0,0,0,0,0,0,0,0,0,0,0,0,0,0,0,0,1]},"gradients/conv3.bias":{"bins":[-0.013543167151510715,-0.013077173382043839,-0.012611180543899536,-0.012145187705755234,-0.011679193936288357,-0.01121320016682148,-0.010747207328677177,-0.010281214490532875,-0.009815220721065998,-0.009349226951599121,-0.008883234113454819,-0.008417241275310516,-0.00795124750584364,-0.00748525420203805,-0.00701926089823246,-0.00655326759442687,-0.006087274290621281,-0.005621280986815691,-0.005155287683010101,-0.004689294379204512,-0.004223301075398922,-0.0037573077715933323,-0.0032913144677877426,-0.002825321163982153,-0.0023593278601765633,-0.0018933345563709736,-0.001427341252565384,-0.0009613479487597942,-0.0004953546449542046,-2.9361341148614883e-05,0.0004366319626569748,0.0009026252664625645,0.0013686195015907288,0.0018346128053963184,0.002300606109201908,0.002766599413007498,0.0032325927168130875,0.003698586020618677,0.004164579324424267,0.0046305726282298565,0.005096565932035446,0.005562559235841036,0.0060285525396466255,0.006494545843452215,0.006960539147257805,0.0074265324510633945,0.007892525754868984,0.008358519524335861,0.008824512362480164,0.009290505200624466,0.009756498970091343,0.01022249273955822,0.010688485577702522,0.011154478415846825,0.011620472185313702,0.012086465954780579,0.012552458792924881,0.013018451631069183,0.01348444540053606,0.013950439170002937,0.01441643200814724,0.014882424846291542,0.015348418615758419,0.015814412385225296,0.0162804052233696],"_type":"histogram","values":[1,1,0,0,1,0,0,0,0,1,1,2,0,0,1,0,0,0,0,0,1,3,0,0,1,1,0,2,1,0,1,0,0,0,0,1,0,3,2,1,0,1,0,0,1,0,1,0,0,0,0,0,2,0,0,0,0,1,0,0,0,0,0,1]},"_wandb":{"runtime":422},"gradients/conv2.weight":{"values":[1,0,5,3,1,1,1,4,5,1,5,10,9,6,16,14,13,21,22,21,23,20,20,30,50,52,71,71,79,100,149,168,153,143,102,123,88,94,77,57,44,63,76,53,54,44,35,37,24,24,18,18,10,6,11,8,11,13,10,3,3,0,4,2],"bins":[-0.10753010213375092,-0.10421579331159592,-0.10090148448944092,-0.09758718311786652,-0.09427287429571152,-0.09095856547355652,-0.08764425665140152,-0.08432994782924652,-0.08101564645767212,-0.07770133763551712,-0.07438702881336212,-0.07107271999120712,-0.06775841116905212,-0.06444410234689713,-0.061129797250032425,-0.057815492153167725,-0.054501183331012726,-0.05118687450885773,-0.04787256941199303,-0.04455826058983803,-0.04124395549297333,-0.03792964667081833,-0.03461533784866333,-0.03130103275179863,-0.02798672392964363,-0.02467241697013378,-0.021358110010623932,-0.018043801188468933,-0.014729494228959084,-0.011415187269449234,-0.00810087937861681,-0.004786571953445673,-0.0014722645282745361,0.0018420428968966007,0.005156350322067738,0.008470658212900162,0.011784965172410011,0.01509927213191986,0.01841358095407486,0.02172788791358471,0.02504219487309456,0.028356501832604408,0.03167080879211426,0.03498511761426926,0.038299426436424255,0.041613731533288956,0.044928040355443954,0.048242345452308655,0.051556654274463654,0.05487096309661865,0.05818526819348335,0.06149957701563835,0.06481388211250305,0.06812819093465805,0.07144249975681305,0.07475680857896805,0.07807111740112305,0.08138541877269745,0.08469972759485245,0.08801403641700745,0.09132834523916245,0.09464265406131744,0.09795695543289185,0.10127126425504684,0.10458557307720184],"_type":"histogram"},"_runtime":422.087560357,"_step":1,"gradients/conv1.weight":{"values":[1,1,3,5,4,1,4,2,6,5,12,12,14,8,8,13,10,18,7,9,9,6,3,8,13,7,10,17,19,26,20,16,12,16,12,6,11,8,5,3,0,0,1,2,0,2,1,1,2,5,2,4,4,3,5,5,5,9,9,3,5,6,5,1],"bins":[-0.1069490909576416,-0.10305482894182205,-0.0991605669260025,-0.09526630491018295,-0.0913720428943634,-0.08747778087854385,-0.0835835188627243,-0.07968925684690475,-0.0757949948310852,-0.07190073281526566,-0.0680064707994461,-0.06411220878362656,-0.060217950493097305,-0.056323688477277756,-0.052429426461458206,-0.04853516444563866,-0.04464090242981911,-0.04074664041399956,-0.03685237839818001,-0.03295811638236046,-0.02906385436654091,-0.02516959421336651,-0.02127533219754696,-0.01738107018172741,-0.01348680816590786,-0.00959254615008831,-0.005698284599930048,-0.001804022816941142,0.002090238966047764,0.005984500981867313,0.009878762066364288,0.013773024082183838,0.017667286098003387,0.021561548113822937,0.025455810129642487,0.029350072145462036,0.033244334161281586,0.037138596177101135,0.041032858192920685,0.044927120208740234,0.048821382224559784,0.052715640515089035,0.056609902530908585,0.060504164546728134,0.06439843028783798,0.06829269230365753,0.07218695431947708,0.07608121633529663,0.07997547090053558,0.08386973291635513,0.08776399493217468,0.09165825694799423,0.09555251896381378,0.09944678097963333,0.10334104299545288,0.10723530501127243,0.11112956702709198,0.11502382904291153,0.11891809105873108,0.12281235307455063,0.12670661509037018,0.13060088455677032,0.13449513912200928,0.13838940858840942,0.14228366315364838],"_type":"histogram"},"plots/AverageLoss_Vs_Epoch_forward":{"format":"png","width":1183,"height":884,"caption":"Forward Training Loss","_type":"image-file","sha256":"9645da6770166edb12699a640918b8c26bed585c79f7bc844f6bc16712e3764e","size":49025,"path":"media/images/plots/AverageLoss_Vs_Epoch_forward_0_9645da6770166edb1269.png"},"_timestamp":1.7508595896629307e+09,"gradients/conv4.weight":{"_type":"histogram","values":[1,0,0,2,1,0,0,0,3,0,5,5,6,16,18,18,43,48,54,78,86,132,206,317,413,528,771,1160,1644,2389,3312,4636,6838,8583,5401,3779,2744,2029,1540,1107,873,669,473,344,277,174,138,104,64,44,35,30,17,12,10,12,5,1,1,0,2,0,1,1],