{"_wandb":{"runtime":19},"_runtime":19,"_timestamp":1.7574176874919572e+09,"_step":12,"Timestep":10,"Accuracy":38.39,"chance_level":10,"Time Taken to Run the Code(Mins)":0.338455593585968}