{"Time Taken to Run the Code(Mins)":0.2649508555730184,"_wandb":{"runtime":15},"_runtime":15.657341487,"_step":11,"Timestep":10,"Accuracy":66.64,"_timestamp":1.7513792101796005e+09}