{"_step":12,"Timestep":10,"Accuracy":36.04,"chance_level":10,"Time Taken to Run the Code(Mins)":0.3344996174176534,"_wandb":{"runtime":19},"_runtime":19,"_timestamp":1.757436320378982e+09}