{"Time Taken to Run the Code(Mins)":9.603273610273996,"_wandb":{"runtime":574},"_runtime":574,"_step":12,"_timestamp":1.7582079063323817e+09,"chance_level":10,"Timestep":10,"Accuracy":34.22}