{"Accuracy":37.58,"chance_level":10,"Timestep":10,"Time Taken to Run the Code(Mins)":8.522287984689077,"_wandb":{"runtime":509},"_runtime":509,"_timestamp":1.757934982521295e+09,"_step":12}