{"chance_level":10,"Time Taken to Run the Code(Mins)":9.114797314008078,"_wandb":{"runtime":545},"_runtime":545,"_timestamp":1.7579444025802307e+09,"_step":12,"Timestep":10,"Accuracy":38.16}