{"Timestep":10,"Accuracy":37.74,"chance_level":10,"Time Taken to Run the Code(Mins)":0.3261041402816772,"_wandb":{"runtime":18},"_runtime":18,"_step":12,"_timestamp":1.7574238531620815e+09}