{"MediaLogs/s&p_0.04":{"format":"png","width":138,"height":70,"caption":"Noisy Images: s&p 0.04","_type":"image-file","sha256":"baea8452707910ea8f11d21702ce13dee1e2cd0558f06ac1145b6522d5554591","size":20448,"path":"media/images/MediaLogs/s&p_0.04_0_baea8452707910ea8f11.png"},"chance_level":10,"_runtime":15.809867377,"Time Taken to Run the Code(Mins)":0.26872508923212685,"_timestamp":1.7519654210876997e+09,"_step":12,"Accuracy":45.34,"Timestep":10,"_wandb":{"runtime":15}}