{"_runtime":487,"_timestamp":1.7582141952994254e+09,"_step":12,"Timestep":10,"Accuracy":35.2,"chance_level":10,"Time Taken to Run the Code(Mins)":8.138403809070587,"_wandb":{"runtime":487}}