{"_wandb":{"runtime":513},"_runtime":513,"_timestamp":1.7579277682224655e+09,"_step":12,"Timestep":10,"Accuracy":38.39,"chance_level":10,"Time Taken to Run the Code(Mins)":8.585599585374196}