{"Accuracy":65.57,"_timestamp":1.7513740194286616e+09,"_runtime":15.805086176,"Time Taken to Run the Code(Mins)":0.26804237365722655,"_wandb":{"runtime":15},"_step":11,"Timestep":10}