{"_wandb":{"runtime":19},"_runtime":19,"_timestamp":1.7574332547560844e+09,"_step":12,"Accuracy":37.44,"chance_level":10,"Timestep":10,"Time Taken to Run the Code(Mins)":0.33897413810094196}