{"Timestep":10,"Accuracy":35.95,"chance_level":10,"Time Taken to Run the Code(Mins)":7.4716291705767315,"_wandb":{"runtime":446},"_runtime":446,"_timestamp":1.7579479629176972e+09,"_step":12}