{"Time Taken to Run the Code(Mins)":0.33588213125864663,"_wandb":{"runtime":19},"_runtime":19,"_timestamp":1.7574222329049108e+09,"_step":12,"Accuracy":38.34,"chance_level":10,"Timestep":10}