{"Time Taken to Run the Code(Mins)":0.27144250869750974,"chance_level":10,"Timestep":10,"Accuracy":47.95,"_wandb":{"runtime":15},"_runtime":15.973293376,"MediaLogs/s&p_0.04":{"width":138,"height":70,"caption":"Noisy Images: s&p 0.04","_type":"image-file","sha256":"baea8452707910ea8f11d21702ce13dee1e2cd0558f06ac1145b6522d5554591","size":20448,"path":"media/images/MediaLogs/s&p_0.04_0_baea8452707910ea8f11.png","format":"png"},"_timestamp":1.7516498780318701e+09,"_step":12}