{"Timestep":10,"Accuracy":37.16,"chance_level":10,"Time Taken to Run the Code(Mins)":7.812130204836527,"_wandb":{"runtime":467},"_runtime":467,"_timestamp":1.7579522066993306e+09,"_step":12}