{"_step":12,"Timestep":10,"Accuracy":30.9,"chance_level":10,"Time Taken to Run the Code(Mins)":6.760236044724782,"_wandb":{"runtime":404},"_runtime":404,"_timestamp":1.758210721405567e+09}