{"Timestep":10,"Time Taken to Run the Code(Mins)":0.33376782735188804,"_wandb":{"runtime":18},"_runtime":18,"_timestamp":1.7574310248405056e+09,"_step":12,"Accuracy":36.3,"chance_level":10}