{"_timestamp":1.7579341854151733e+09,"Timestep":10,"Accuracy":37.6,"chance_level":10,"Time Taken to Run the Code(Mins)":10.263309081395468,"_wandb":{"runtime":614},"_runtime":614,"_step":12}