{"Timestep":10,"Accuracy":31.64,"Time Taken to Run the Code(Mins)":4.902641185124716,"_wandb":{"runtime":293},"_runtime":293,"_timestamp":1.7570866865589466e+09,"_step":12,"chance_level":10}