{"_wandb":{"runtime":18},"_runtime":18,"_timestamp":1.7574215233177314e+09,"_step":12,"Timestep":10,"Accuracy":38.39,"chance_level":10,"Time Taken to Run the Code(Mins)":0.3266448974609375}