{"_runtime":546,"_timestamp":1.7579250116572948e+09,"_step":12,"Timestep":10,"Accuracy":38.37,"chance_level":10,"Time Taken to Run the Code(Mins)":9.13604493935903,"_wandb":{"runtime":546}}