{"_step":12,"Timestep":10,"Accuracy":29.87,"chance_level":10,"Time Taken to Run the Code(Mins)":11.869734732309977,"_wandb":{"runtime":710},"_runtime":710,"_timestamp":1.7582061917969782e+09}