{"Time Taken to Run the Code(Mins)":8.258380901813506,"_wandb":{"runtime":493},"_runtime":493,"_timestamp":1.7581969693935542e+09,"_step":12,"Accuracy":31.13,"chance_level":10,"Timestep":10}