{"_timestamp":1.7582125809947293e+09,"_step":12,"Timestep":10,"Accuracy":29.45,"chance_level":10,"Time Taken to Run the Code(Mins)":8.128054889043172,"_wandb":{"runtime":485},"_runtime":485}