{"Timestep":10,"Accuracy":36.83,"chance_level":10,"Time Taken to Run the Code(Mins)":0.33502866824467975,"_wandb":{"runtime":19},"_runtime":19,"_timestamp":1.7574447692793603e+09,"_step":12}