{"_timestamp":1.7570849019785395e+09,"_step":12,"Timestep":10,"Accuracy":32.08,"chance_level":10,"Time Taken to Run the Code(Mins)":5.350880428155263,"_wandb":{"runtime":319},"_runtime":319}