{"Accuracy":38.4,"chance_level":10,"Time Taken to Run the Code(Mins)":0.3335916837056478,"_wandb":{"runtime":19},"_runtime":19,"_timestamp":1.7574208213082867e+09,"_step":12,"Timestep":10}