{"_wandb":{"runtime":313},"_runtime":313,"_step":12,"_timestamp":1.757078519182218e+09,"Timestep":10,"Accuracy":33.09,"chance_level":10,"Time Taken to Run the Code(Mins)":5.2446785489718115}