{"_runtime":243,"_step":12,"_timestamp":1.7570913979355009e+09,"Timestep":10,"Accuracy":31.48,"chance_level":10,"Time Taken to Run the Code(Mins)":4.074970531463623,"_wandb":{"runtime":243}}