{"Timestep":10,"Accuracy":36.42,"chance_level":10,"Time Taken to Run the Code(Mins)":9.45125982761383,"_wandb":{"runtime":565},"_runtime":565,"_timestamp":1.7579422525875614e+09,"_step":12}