{"_step":12,"Timestep":10,"Accuracy":16,"MediaLogs/s&p_0.8":{"height":70,"caption":"Noisy Images: s&p 0.8","_type":"image-file","sha256":"c5de290bc607a4d3a958a7bbf55c32825b481e2e8eecb255f8d00ebb9a0e0de2","size":7046,"path":"media/images/MediaLogs/s&p_0.8_0_c5de290bc607a4d3a958.png","format":"png","width":138},"_runtime":15.912973203,"chance_level":10,"_wandb":{"runtime":15},"Time Taken to Run the Code(Mins)":0.27045981884002684,"_timestamp":1.7514714008306355e+09}