{"_wandb":{"runtime":421},"_runtime":421,"_timestamp":1.7582173867990344e+09,"_step":12,"Timestep":10,"Accuracy":29.54,"chance_level":10,"Time Taken to Run the Code(Mins)":7.04766720533371}