{"_step":12,"_timestamp":1.757940453981701e+09,"Timestep":10,"Accuracy":36.71,"chance_level":10,"Time Taken to Run the Code(Mins)":10.620014603932699,"_wandb":{"runtime":635},"_runtime":635}