{"Timestep":10,"Accuracy":38.34,"chance_level":10,"Time Taken to Run the Code(Mins)":8.436047025521596,"_wandb":{"runtime":504},"_runtime":504,"_timestamp":1.757926363260058e+09,"_step":12}