{"Time Taken to Run the Code(Mins)":5.024942708015442,"_wandb":{"runtime":300},"_runtime":300,"_timestamp":1.757088056451699e+09,"_step":12,"Timestep":10,"Accuracy":31.95,"chance_level":10}