{"_runtime":601,"_timestamp":1.7579325868556495e+09,"_step":12,"Timestep":10,"Accuracy":37.56,"chance_level":10,"Time Taken to Run the Code(Mins)":10.05343064069748,"_wandb":{"runtime":601}}