{"_runtime":18,"_timestamp":1.7574285036490123e+09,"_step":12,"chance_level":10,"Timestep":10,"Accuracy":37.31,"Time Taken to Run the Code(Mins)":0.32966216405232746,"_wandb":{"runtime":18}}