{"Timestep":10,"Accuracy":38.32,"Time Taken to Run the Code(Mins)":11.115019603570301,"_wandb":{"runtime":664},"_runtime":664,"_timestamp":1.7579295654179804e+09,"_step":12,"chance_level":10}