{"chance_level":10,"Time Taken to Run the Code(Mins)":6.70201678276062,"_wandb":{"runtime":400},"_runtime":400,"_timestamp":1.7581948673096178e+09,"_step":12,"Timestep":10,"Accuracy":32.59}