{"Accuracy":37.24,"chance_level":10,"Time Taken to Run the Code(Mins)":9.08348987897237,"_wandb":{"runtime":541},"_runtime":541,"_step":12,"_timestamp":1.7581873653476963e+09,"Timestep":10}