{"_runtime":15.941231167,"Timestep":10,"Accuracy":28.93,"MediaLogs/s&p_0.2":{"path":"media/images/MediaLogs/s&p_0.2_0_258790cc567a266b10ae.png","format":"png","width":138,"height":70,"caption":"Noisy Images: s&p 0.2","_type":"image-file","sha256":"258790cc567a266b10ae4c3402110f4a77c2a2ad20e989f48a1132a7e187dd37","size":22652},"_timestamp":1.7514684553043978e+09,"chance_level":10,"Time Taken to Run the Code(Mins)":0.2708606441815694,"_step":12,"_wandb":{"runtime":15}}