{"Accuracy":38.33,"chance_level":10,"Time Taken to Run the Code(Mins)":0.33924026091893517,"_wandb":{"runtime":19},"_runtime":19,"_timestamp":1.7574186926334891e+09,"_step":12,"Timestep":10}