{"Accuracy":36.22,"chance_level":10,"Time Taken to Run the Code(Mins)":8.022470132509868,"_wandb":{"runtime":479},"_runtime":479,"_timestamp":1.7579547007165465e+09,"_step":12,"Timestep":10}