{"_wandb":{"runtime":618},"_runtime":618,"_timestamp":1.7579420753975022e+09,"_step":12,"Timestep":10,"Accuracy":36.4,"chance_level":10,"Time Taken to Run the Code(Mins)":10.373832857608795}