{"_wandb":{"runtime":437},"_runtime":437,"_timestamp":1.7581934509382691e+09,"_step":12,"Timestep":10,"Accuracy":33.89,"chance_level":10,"Time Taken to Run the Code(Mins)":7.332609105110168}