{"_runtime":610,"_timestamp":1.7579231876249847e+09,"_step":12,"Timestep":10,"Accuracy":38.01,"chance_level":10,"Time Taken to Run the Code(Mins)":10.192659544944764,"_wandb":{"runtime":610}}