{"_wandb":{"runtime":401},"_runtime":401,"_timestamp":1.7581889322606654e+09,"_step":12,"Accuracy":34.72,"chance_level":10,"Timestep":10,"Time Taken to Run the Code(Mins)":6.72477810382843}