{"Timestep":10,"Accuracy":38.33,"chance_level":10,"Time Taken to Run the Code(Mins)":9.000872945785522,"_wandb":{"runtime":538},"_runtime":538,"_step":12,"_timestamp":1.757928540227757e+09}