{"_timestamp":1.7582176363444564e+09,"chance_level":10,"Timestep":10,"Accuracy":29.63,"Time Taken to Run the Code(Mins)":6.289972047011058,"_wandb":{"runtime":375},"_runtime":375,"_step":12}