{"Accuracy":37.5,"chance_level":10,"Time Taken to Run the Code(Mins)":0.3465912739435832,"_wandb":{"runtime":19},"_runtime":19,"_timestamp":1.75742468387735e+09,"_step":12,"Timestep":10}