{"Time Taken to Run the Code(Mins)":0.33770023584365844,"_wandb":{"runtime":19},"_runtime":19,"_timestamp":1.7574261643340504e+09,"_step":12,"Timestep":10,"Accuracy":37.54,"chance_level":10}