{"Accuracy":31.88,"chance_level":10,"Time Taken to Run the Code(Mins)":12.761145031452179,"_wandb":{"runtime":762},"_runtime":762,"_step":12,"_timestamp":1.7582018124080336e+09,"Timestep":10}