{"_timestamp":1.757959781763759e+09,"_step":12,"Timestep":10,"Accuracy":36.35,"chance_level":10,"Time Taken to Run the Code(Mins)":7.17200345993042,"_wandb":{"runtime":428},"_runtime":428}