{"_wandb":{"runtime":436},"_runtime":436,"_timestamp":1.7582181452992857e+09,"_step":12,"Timestep":10,"Accuracy":37.91,"chance_level":10,"Time Taken to Run the Code(Mins)":7.29999928077062}