{"Timestep":10,"Time Taken to Run the Code(Mins)":8.305300998687745,"_wandb":{"runtime":496},"_runtime":496,"_timestamp":1.757950934845729e+09,"_step":12,"Accuracy":37.46,"chance_level":10}