{"chance_level":10,"Timestep":10,"Time Taken to Run the Code(Mins)":0.3487606445948283,"_wandb":{"runtime":19},"_runtime":19,"_step":12,"_timestamp":1.7574434808837638e+09,"Accuracy":37.94}