{"Accuracy":33.06,"chance_level":10,"Time Taken to Run the Code(Mins)":2.0036723454793295,"_wandb":{"runtime":119},"_runtime":119,"_timestamp":1.757082915822157e+09,"_step":12,"Timestep":10}