{"chance_level":10,"Timestep":10,"Time Taken to Run the Code(Mins)":11.5895010471344,"_wandb":{"runtime":693},"_runtime":693,"_timestamp":1.758206739939553e+09,"_step":12,"Accuracy":29.93}