{"chance_level":10,"Time Taken to Run the Code(Mins)":7.29495937426885,"_wandb":{"runtime":436},"_runtime":436,"_step":12,"_timestamp":1.7581954539862254e+09,"Timestep":10,"Accuracy":31.72}