{"_timestamp":1.757424655680569e+09,"_step":12,"Timestep":10,"Accuracy":37.5,"chance_level":10,"Time Taken to Run the Code(Mins)":0.3534017999966939,"_wandb":{"runtime":19},"_runtime":19}