{"Time Taken to Run the Code(Mins)":0.34067209959030154,"_wandb":{"runtime":19},"_runtime":19,"_step":12,"_timestamp":1.7574298574089067e+09,"Timestep":10,"Accuracy":37.04,"chance_level":10}