{"_step":12,"_wandb":{"runtime":16},"_runtime":16.170262562,"Time Taken to Run the Code(Mins)":0.27467271089553835,"_timestamp":1.751639521644969e+09,"Accuracy":65.1,"MediaLogs/s&p_0.0":{"caption":"Noisy Images: s&p 0.0","_type":"image-file","sha256":"1351f578828d886452347dc6a8a5d01cff2cec649d66f35cdd7f696cc437603a","size":18482,"path":"media/images/MediaLogs/s&p_0.0_0_1351f578828d88645234.png","format":"png","width":138,"height":70},"chance_level":10,"Timestep":10}