{"_step":12,"Timestep":10,"Accuracy":37.79,"chance_level":10,"Time Taken to Run the Code(Mins)":0.33782490889231365,"_wandb":{"runtime":19},"_runtime":19,"_timestamp":1.75742415397286e+09}