{"_step":12,"Timestep":10,"Accuracy":30.46,"chance_level":10,"Time Taken to Run the Code(Mins)":9.143169577916463,"_wandb":{"runtime":547},"_runtime":547,"_timestamp":1.7582101777543466e+09}