{"_step":12,"Timestep":10,"Accuracy":38.15,"chance_level":10,"Time Taken to Run the Code(Mins)":10.068752511342366,"_wandb":{"runtime":601},"_runtime":601,"_timestamp":1.7579299558893921e+09}