{"_timestamp":1.7579267634782267e+09,"_step":12,"chance_level":10,"Timestep":10,"Accuracy":38.4,"Time Taken to Run the Code(Mins)":9.299532421429952,"_wandb":{"runtime":556},"_runtime":556}