{
  "train_loss": [
    0.6913546549045155,
    0.6734282560848629,
    0.6096348930655509,
    0.5042259163386568,
    0.40467167450334024,
    0.3315101242464231,
    0.2772404192045843,
    0.23913207286413066,
    0.2100052644800105,
    0.18953024062444246,
    0.17173846204770193,
    0.16101640763997385,
    0.1502042438154518,
    0.13798629241923097,
    0.13080188433958007,
    0.1235818576950169,
    0.11642218628396393,
    0.11255474446533385,
    0.10639914821085619,
    0.1016875958848226,
    0.0961141238160849,
    0.09246683398271771,
    0.08891692580773106,
    0.08676664251665742,
    0.08349967886698828,
    0.08010036921697866,
    0.07685037328950912,
    0.07325882505571595,
    0.07324425193395256,
    0.06987706026496875,
    0.06700928800084223,
    0.06660358591854007,
    0.06379986663684115,
    0.06399600226836276,
    0.06246509843052889,
    0.05842826773612937,
    0.05596584976763611,
    0.053711933316241876,
    0.05543406220712104,
    0.05464750120860893
  ],
  "test_loss": [
    0.688146037714822,
    0.6573867367095306,
    0.5752530776652969,
    0.46063597274928536,
    0.4009893605438601,
    0.31394577978037985,
    0.26833423377335575,
    0.23449005111425864,
    0.22702180334374683,
    0.19003898431273067,
    0.17639138662264126,
    0.16154209370998776,
    0.1518114567929957,
    0.1471381810877253,
    0.1402506961041138,
    0.13185697626479032,
    0.12274263896235899,
    0.11804073616987516,
    0.11343084003369347,
    0.10838304270653665,
    0.10585689098582048,
    0.10407710056595441,
    0.1055554790312753,
    0.08684632276818782,
    0.09100987428814925,
    0.09955140918947193,
    0.08327233158991117,
    0.0937264777735627,
    0.07697801229332675,
    0.07707963182645686,
    0.07124591480251871,
    0.06856313710171386,
    0.08188609382090699,
    0.06509877599290564,
    0.06375522749545444,
    0.06356832790071097,
    0.06545205964479878,
    0.07492107414139607,
    0.06030380681251027,
    0.058160349953637905
  ],
  "train_acc": [
    52.485615650172605,
    61.17047509452573,
    72.96605293440736,
    82.18477724806839,
    87.45479204339964,
    90.34563537728096,
    91.85886897912215,
    92.95701134308727,
    93.83692257109979,
    94.24626006904487,
    94.68313332237382,
    94.87917146144996,
    95.19603813907611,
    95.55235903337167,
    95.7286700641131,
    95.85073154693409,
    96.07718231135951,
    96.1725300016439,
    96.38459641624199,
    96.55186585566334,
    96.76146638171954,
    96.81366102252179,
    96.96449120499754,
    96.99531481177051,
    97.02613841854348,
    97.14861088278809,
    97.24395857307249,
    97.3849252013809,
    97.36191024165709,
    97.55219464080224,
    97.61343087292454,
    97.545618938024,
    97.72727272727273,
    97.68781851060331,
    97.69809304619433,
    97.94385993753082,
    97.9713956929147,
    98.05646884760809,
    98.00509616965313,
    98.00221929968767
  ],
  "test_acc": [
    57.2679526355997,
    65.151833460657,
    74.61802902979372,
    83.99446142093201,
    82.05118411000764,
    88.93716577540107,
    91.26909854851031,
    92.54965622612681,
    91.90412528647822,
    93.8846447669977,
    93.91233766233766,
    95.3409090909091,
    95.56245225362872,
    94.55691367456075,
    94.68296409472882,
    95.06016042780749,
    95.81455309396485,
    95.88617265087855,
    96.10771581359818,
    96.4572192513369,
    96.49350649350649,
    96.60618792971735,
    96.3044308632544,
    97.20110771581358,
    96.69022154316272,
    95.82887700534758,
    97.02826585179527,
    96.67589763177997,
    97.35771581359818,
    97.22402597402598,
    97.46657754010694,
    97.64132925897633,
    97.0731474407945,
    97.78170359052712,
    97.74828113063406,
    97.78838808250575,
    97.5983575248281,
    96.92799847211613,
    97.81990068754776,
    97.89533995416349
  ],
  "train_recon_loss": [
    0.021151097409703362,
    0.021165486516104254,
    0.021157987929449482,
    0.02116188233731749,
    0.021162080541455186,
    0.021138586972926022,
    0.021150658125222863,
    0.02115378269393529,
    0.02116661642427147,
    0.0211533417455367,
    0.02116018300791815,
    0.021143773483924204,
    0.02115135034041018,
    0.02116688464096264,
    0.021145811979785212,
    0.02114319252136549,
    0.021139679287996472,
    0.02114477845087351,
    0.02116382670054923,
    0.021137998836825704,
    0.02116533889979205,
    0.02116164527361906,
    0.021148173514901784,
    0.021158862043050865,
    0.021164371856870583,
    0.021146567487856795,
    0.021152821999332896,
    0.02117172578790951,
    0.021143809830766528,
    0.021162018997537453,
    0.021168795645836517,
    0.021149435823288144,
    0.021140881192619504,
    0.02115001686584292,
    0.021155373852659577,
    0.021164192644640076,
    0.021157346185040785,
    0.021157318401145354,
    0.02115152276476431,
    0.021142528668571445
  ],
  "test_recon_loss": [
    0.005321267003216976,
    0.00532577558275813,
    0.00532347585921794,
    0.005319576751550331,
    0.005321905620987019,
    0.005324400662045393,
    0.0053262830669835145,
    0.005320694702070895,
    0.005324955011753193,
    0.0053195268416605076,
    0.005320911513379298,
    0.005322229953584488,
    0.005324631390365295,
    0.005323924029347713,
    0.0053227856459816085,
    0.005321622233321311,
    0.005321219369784749,
    0.005322185687392074,
    0.005322012994555803,
    0.005326293334521416,
    0.005321632185853047,
    0.00532231804867815,
    0.005323035610221452,
    0.005320846277754754,
    0.005322041591637212,
    0.005326809971534624,
    0.005322883797304689,
    0.005320452581191075,
    0.005321403748664942,
    0.005323150789975619,
    0.005324464641069258,
    0.0053241451783497045,
    0.005320845836550467,
    0.00531944667112411,
    0.005323686297032043,
    0.005319719667988634,
    0.005320882374330761,
    0.005322109458345857,
    0.005322396540486042,
    0.005326270267656934
  ]
}