{
  "train_loss": [
    0.690685352623786,
    0.6749645288339791,
    0.6170688201462813,
    0.5180885010882269,
    0.4230253513208565,
    0.3469161264342382,
    0.29395457369293915,
    0.2525734131849265,
    0.22224026956135715,
    0.19916650760669605,
    0.18172991607223668,
    0.169040063406201,
    0.1553281298948024,
    0.14347197210406093,
    0.13797152606908494,
    0.1295335806744547,
    0.11937851701975946,
    0.11394578773548547,
    0.11060927120150213,
    0.10641560652992178,
    0.09908561835277684,
    0.09845801523699683,
    0.09502933754385272,
    0.0892685372112942,
    0.08703927200954495,
    0.08484353657953347,
    0.07840943533192922,
    0.07682209023212169,
    0.0738139176828817,
    0.07170902548785613,
    0.07311635307132336,
    0.06746200152974285,
    0.06527139224738529,
    0.06390968280731554,
    0.06439106827635473,
    0.06233021187146361,
    0.059259391817555615,
    0.059737612063041595,
    0.05851705520031519,
    0.05713822986344532
  ],
  "test_loss": [
    0.6878760281731101,
    0.6608806335124648,
    0.5814782037955373,
    0.4760898191387914,
    0.3926544501250531,
    0.32756059328798487,
    0.28983747877744065,
    0.25099955561782133,
    0.23235184198417583,
    0.20435378374923177,
    0.19309834694536795,
    0.17049414893033124,
    0.15740391280220337,
    0.14733902940980526,
    0.1405820977412352,
    0.12946033659351974,
    0.12536412793673388,
    0.11778363746692654,
    0.1152512273680763,
    0.107362565592307,
    0.10802195779196605,
    0.10386836070160405,
    0.10418271559814946,
    0.09159527583626889,
    0.09561952238730273,
    0.08862812584657379,
    0.08786174920270172,
    0.08386182694249794,
    0.07692146145527352,
    0.07366942339615912,
    0.07756335548117381,
    0.07190253554272051,
    0.06840808001667761,
    0.0660456533723769,
    0.0638081164553198,
    0.06773560637404688,
    0.0645730019930531,
    0.10266881575416617,
    0.06905807590722537,
    0.059380148302669786
  ],
  "train_acc": [
    53.15633733355253,
    59.756698997205326,
    70.89470655926353,
    80.9732040111787,
    86.23047838237711,
    89.42709189544631,
    90.91484464902186,
    92.43711984218314,
    93.443202367253,
    94.0867992766727,
    94.53559099128721,
    94.83642939339141,
    95.32262041755712,
    95.53180996218971,
    95.5141377609732,
    95.81908597731382,
    96.2563702120664,
    96.27609732040113,
    96.37802071346374,
    96.4252835771823,
    96.81160611540358,
    96.60364951504194,
    96.72612197928653,
    97.01832977149432,
    97.02079566003617,
    97.11614335032056,
    97.36478711162255,
    97.4399967121486,
    97.45109321058686,
    97.52753575538385,
    97.37054085155354,
    97.67014630938682,
    97.67548906789415,
    97.71083347032713,
    97.7309715600855,
    97.84193654446818,
    97.91385829360512,
    97.84974519151734,
    97.91385829360512,
    97.92413282919611
  ],
  "test_acc": [
    59.277119938884645,
    61.13063407181055,
    76.08957219251337,
    82.43792971734148,
    88.7996562261268,
    90.335179526356,
    92.57257448433917,
    90.7372039724981,
    90.58346065699007,
    92.6642475171887,
    92.92207792207793,
    95.17284186401834,
    95.63216195569136,
    95.30366692131398,
    95.01145912910619,
    96.15928189457601,
    95.82219251336898,
    96.14113827349121,
    95.93964858670742,
    96.43430099312451,
    96.09434682964094,
    96.29488158899925,
    96.7627960275019,
    96.7140947288006,
    96.5479373567609,
    97.00343773873188,
    96.75515660809778,
    96.87643239113828,
    97.36440030557678,
    97.64992360580595,
    97.28705118411,
    97.4751718869366,
    97.60981665393432,
    97.77597402597402,
    97.98510313216197,
    97.80080213903743,
    97.76260504201682,
    95.36478227654698,
    97.36153552330023,
    97.89915966386553
  ],
  "train_recon_loss": [
    0.017619875467687198,
    0.017632650292291562,
    0.017624333850318603,
    0.017632164362528333,
    0.01763622349576105,
    0.017626068748493307,
    0.017632142830956692,
    0.017631249733868763,
    0.01764167621428615,
    0.01763105802625337,
    0.01764151435025427,
    0.017634702252752904,
    0.017625791745708337,
    0.017622371729645224,
    0.017642195485565965,
    0.017645988943456096,
    0.017621996863888306,
    0.017631473199499748,
    0.017635674467630293,
    0.01762134087765438,
    0.017613337478797484,
    0.017644939184185474,
    0.01762256597608301,
    0.01762816433880687,
    0.01761794739670607,
    0.017629522814248667,
    0.01763442013611441,
    0.017638894214815248,
    0.01764472668727769,
    0.01761699459224158,
    0.01763663121126929,
    0.01762200995966469,
    0.01763534806348774,
    0.01763885229182637,
    0.017628027595222587,
    0.01763679261553433,
    0.017641628588420114,
    0.01763667062911833,
    0.017618414710964637,
    0.017628923439964733
  ],
  "test_recon_loss": [
    0.004426901523677335,
    0.004430047970092972,
    0.004428758321646914,
    0.004433580617979951,
    0.004431910820191867,
    0.0044294209185275525,
    0.004431673067332316,
    0.004433284265169201,
    0.004432195987348922,
    0.004430067690261523,
    0.004432169876077033,
    0.004429701347385353,
    0.004430619596225843,
    0.0044325633089942465,
    0.004432550649561708,
    0.004429056878033399,
    0.004430263758120479,
    0.004432575222488274,
    0.0044316379539277246,
    0.004429655576109135,
    0.004434613169546576,
    0.004431280762371959,
    0.004431749707745279,
    0.0044320668553651755,
    0.004430706507111548,
    0.004429885881322929,
    0.004432749870906295,
    0.004432038913731377,
    0.004431368153593151,
    0.0044319047832258925,
    0.004431806095805364,
    0.004431186375959518,
    0.004429909289117996,
    0.004430641857965873,
    0.004430256644557347,
    0.004432224566821291,
    0.0044316713714839095,
    0.004433696874331276,
    0.004430636266117305,
    0.004434888238897312
  ]
}