{
  "train_loss": [
    0.6899969900063968,
    0.6724548718166179,
    0.6122687747314653,
    0.5138804638795352,
    0.42177617258878985,
    0.34980259164763616,
    0.29532967995562565,
    0.2554929638264623,
    0.22723660577647725,
    0.2006070231631479,
    0.18456506954125426,
    0.1681654207260225,
    0.15442386517472984,
    0.1434378517727632,
    0.133999167101131,
    0.12678276029353117,
    0.12094337402911988,
    0.11184347290242559,
    0.10743232561144,
    0.10322303726770671,
    0.09850947744133891,
    0.0937623681962005,
    0.08737598904568507,
    0.0874173619984826,
    0.08320551493607636,
    0.07863601208555009,
    0.07970044544980495,
    0.07507411850309825,
    0.0731171834927598,
    0.07274467512715951,
    0.06892786044324285,
    0.06690536523456761,
    0.06415782961825997,
    0.06360072276267016,
    0.06113476310831378,
    0.06028216253211604,
    0.05988643605811067,
    0.0575396097543065,
    0.057919420116660174,
    0.05551628895090458
  ],
  "test_loss": [
    0.688460900002167,
    0.656753799494575,
    0.576138489887494,
    0.48116924457189414,
    0.39606970348278014,
    0.3574321956193748,
    0.28857999833441583,
    0.27413209533991933,
    0.22534780295080498,
    0.20409485625744866,
    0.1831029210897053,
    0.17756217380030817,
    0.15948999234858682,
    0.1759092757994888,
    0.14347162672138514,
    0.1347878282310582,
    0.1228446472091835,
    0.12329574344100572,
    0.11670105894949256,
    0.10830788836352714,
    0.1163342900010718,
    0.10040247039634641,
    0.13808379262419684,
    0.09576883456599311,
    0.09771979340359944,
    0.09371020388985131,
    0.08327073344037313,
    0.08935400971970639,
    0.08496014470578868,
    0.07824896456783309,
    0.07713671594059893,
    0.0727504125616255,
    0.06779982308473657,
    0.06445343099424944,
    0.06471449055341112,
    0.0631054079574885,
    0.07559636322499699,
    0.06777857040532496,
    0.06323437445930072,
    0.06362596954054692
  ],
  "train_acc": [
    53.28785138911721,
    60.87086963669242,
    72.00189051454876,
    80.41139240506328,
    86.02252178201546,
    88.64088443202367,
    90.91278974190367,
    92.42191352950847,
    93.05770179187901,
    93.86486930790728,
    94.2610554002959,
    94.55901693243464,
    95.12658227848102,
    95.24165707710011,
    95.76401446654613,
    95.89100772645078,
    96.0262206148282,
    96.29089265165213,
    96.39733684037482,
    96.57405885253988,
    96.5880322209436,
    96.830511260891,
    97.08079894788756,
    96.78324839717244,
    97.02983725135624,
    97.26574058852542,
    97.10792372184778,
    97.35327963176064,
    97.37012987012986,
    97.32574387637679,
    97.51068551701464,
    97.54849580798947,
    97.68576360348514,
    97.57109978628965,
    97.74083511425283,
    97.77453559099128,
    97.72028604307084,
    97.82796317606444,
    97.76097320401118,
    97.86330757849746
  ],
  "test_acc": [
    51.985294117647065,
    63.430099312452256,
    74.32773109243699,
    88.42436974789916,
    87.08556149732621,
    91.05423987776929,
    92.73873185637892,
    88.05958747135217,
    91.78189457601222,
    92.93449197860963,
    94.45378151260506,
    93.40431627196334,
    95.0658899923606,
    94.30290297937357,
    94.76604278074865,
    95.71237585943469,
    96.00362872421697,
    95.36955691367457,
    95.81550802139036,
    96.27387318563788,
    95.54430863254393,
    96.63674560733384,
    93.79774637127579,
    96.88884644766996,
    95.96256684491978,
    96.66157372039724,
    97.0731474407945,
    96.51165011459129,
    96.7322383498854,
    97.18487394957982,
    97.00630252100841,
    97.32811306340719,
    97.54583651642476,
    97.6585179526356,
    97.47421695951107,
    97.60695187165774,
    96.95091673032852,
    97.51241405653171,
    97.67379679144386,
    97.53915202444614
  ],
  "train_recon_loss": [
    0.01882473056694698,
    0.018823397364366334,
    0.018839574443381853,
    0.018809260413973555,
    0.018826332356726875,
    0.018812685295481364,
    0.018820364445036996,
    0.018807639228095845,
    0.018821567402239787,
    0.018821357409208744,
    0.018807783039121687,
    0.018827636636099754,
    0.018807818993562278,
    0.018816345615504448,
    0.018831027689378096,
    0.018818268576842375,
    0.018831019437994815,
    0.018831712927224676,
    0.018826879661995075,
    0.01881581518014263,
    0.018813489164119658,
    0.018822811806665406,
    0.018833162831428846,
    0.01880720893601478,
    0.018823516109678726,
    0.018816879873835964,
    0.018818570399458164,
    0.01883111487161267,
    0.018833169986445047,
    0.018840193493328786,
    0.018835450620281007,
    0.01881696089721583,
    0.018824512752827264,
    0.018844491699424187,
    0.01881765257685056,
    0.018827089700497564,
    0.018839203016613536,
    0.018794969216858123,
    0.01879651099527642,
    0.018829174137675955
  ],
  "test_recon_loss": [
    0.004743565759766346,
    0.0047436863523438386,
    0.004742049545581851,
    0.004743052486568971,
    0.004740235012732916,
    0.004745423432807399,
    0.00474287274082293,
    0.004744504470800778,
    0.00474616332799431,
    0.004742697150810395,
    0.004741117922675272,
    0.004743990934446079,
    0.004743029233831286,
    0.00474225078805295,
    0.004741339249724225,
    0.004740656187225666,
    0.004741817904037556,
    0.004742375274674043,
    0.004742876268989805,
    0.00473959552331538,
    0.0047428342464826065,
    0.004742000120918916,
    0.00474176201538942,
    0.00474111909074161,
    0.004742137810407097,
    0.004742275463698917,
    0.004740758922768898,
    0.004745021760815896,
    0.004743006647791432,
    0.004742696152475639,
    0.004741366198892948,
    0.004744080961642771,
    0.004743700360335379,
    0.0047477920957402706,
    0.004744710272545887,
    0.004742214594627222,
    0.004740893633394432,
    0.004742337887257557,
    0.004742476337847589,
    0.004741233052537158
  ]
}