{
  "train_loss": [
    0.6910030166020661,
    0.6768250882517796,
    0.6219592748671285,
    0.52778996152645,
    0.4409914333070165,
    0.3723479107857613,
    0.3198779558133044,
    0.2754482641465841,
    0.24501254162995337,
    0.21996135096222325,
    0.1978711798841009,
    0.1838625278222841,
    0.1665355766539009,
    0.15497858798767947,
    0.14453123342818422,
    0.13819587371475442,
    0.1281675803685598,
    0.1221177234814568,
    0.11716495426018027,
    0.11095883489113173,
    0.10912503051499131,
    0.09997774230124291,
    0.09467485593547657,
    0.09186009602927708,
    0.08580436679125371,
    0.08488157084363279,
    0.08192630994317221,
    0.07934049313810485,
    0.07703625166091468,
    0.07360803566293733,
    0.0706389536996916,
    0.07085796510783877,
    0.07020490977300119,
    0.06490990960849263,
    0.06460157333861423,
    0.06193378732403299,
    0.05928230317727162,
    0.06009725086512229,
    0.058824762151278485,
    0.056501605039358034
  ],
  "test_loss": [
    0.6887006564300602,
    0.6625037366101721,
    0.5890068163891801,
    0.4914687202006829,
    0.41594644091209443,
    0.367797243807997,
    0.3074270451770109,
    0.27309116677326317,
    0.2412980093675501,
    0.2485777288049209,
    0.2055653395021663,
    0.1906618594246752,
    0.18322957714064783,
    0.16517065709628978,
    0.15230170477713859,
    0.14611266292005526,
    0.14438893118513232,
    0.13699160602350696,
    0.12434488962240078,
    0.13196060495028475,
    0.11476560649188126,
    0.10421402221780364,
    0.10178713915290452,
    0.1022880136371911,
    0.10402958493429322,
    0.09365943641628788,
    0.08545392989611425,
    0.08095948792555753,
    0.08874973751009763,
    0.08415366656796522,
    0.07204289134090938,
    0.07315901072868028,
    0.10442479374278493,
    0.07051438407017653,
    0.06906590877617357,
    0.06415427590822097,
    0.06320202410487193,
    0.06876702091711409,
    0.06672197662513046,
    0.05813020832460968
  ],
  "train_acc": [
    52.18066743383199,
    60.257685352622055,
    70.12617129705737,
    79.7834127897419,
    84.60586881472959,
    87.27354923557455,
    89.43490054249547,
    91.26828867335198,
    92.18929804372841,
    92.9644090087128,
    93.6836265000822,
    94.00542495479205,
    94.6383363471971,
    94.94698339635048,
    95.22028604307087,
    95.38755548249219,
    95.70318921584744,
    95.93744862732204,
    96.01635706066087,
    96.14499424626007,
    96.20212066414598,
    96.5547427256288,
    96.76516521453232,
    96.8181818181818,
    97.06107183955284,
    97.08778563208944,
    97.12765083018247,
    97.13669242150254,
    97.22464244616144,
    97.31875719217491,
    97.45191517343416,
    97.30272891665295,
    97.3841032385336,
    97.65576195955941,
    97.60274535590989,
    97.73878020713464,
    97.85878678283743,
    97.7601512411639,
    97.84686832155185,
    97.85878678283743
  ],
  "test_acc": [
    52.7501909854851,
    64.53495034377387,
    70.48701298701299,
    84.3048128342246,
    85.50420168067227,
    83.49312452253629,
    90.91577540106951,
    92.43983957219251,
    91.90412528647822,
    91.88598166539343,
    92.24312452253629,
    93.67838044308633,
    94.66195569136744,
    93.53800611153552,
    95.62356760886172,
    94.65145148968678,
    94.31531703590527,
    95.73433919022155,
    95.13655462184875,
    94.47097020626433,
    96.23090145148969,
    96.5001909854851,
    96.56226126814363,
    95.86038961038962,
    95.82123758594345,
    96.91176470588235,
    96.86879297173414,
    97.0550038197097,
    96.7627960275019,
    97.07314744079449,
    97.53819709702061,
    97.59931245225363,
    95.75343773873186,
    97.37108479755538,
    97.37490450725745,
    97.73873185637893,
    97.62223071046601,
    97.25076394194042,
    97.26890756302522,
    97.80748663101603
  ],
  "train_recon_loss": [
    0.021656792282478826,
    0.021646591624207998,
    0.021651636998575,
    0.02165019480009676,
    0.021641033277198483,
    0.02164696231585461,
    0.02168289740750091,
    0.021628004215846333,
    0.021677969893437236,
    0.021665465720772582,
    0.021631895149359058,
    0.021684883487415894,
    0.021652425657856744,
    0.02165510503248485,
    0.021654758039040062,
    0.021688992756285837,
    0.02165416843606459,
    0.021650267343051987,
    0.021656574745398102,
    0.021665597461655764,
    0.021669095068846646,
    0.021662451392528054,
    0.021661106470945355,
    0.021667046610528692,
    0.021665890681747665,
    0.021652097562007998,
    0.02166938453080776,
    0.02164033118544473,
    0.021642226498459496,
    0.021660149254066497,
    0.02165834043532017,
    0.02165380896407619,
    0.021670335789243093,
    0.0216179928568884,
    0.021621964594002334,
    0.021640441633060333,
    0.021634122145414405,
    0.021662949352014883,
    0.02164917310891811,
    0.02163272938113424
  ],
  "test_recon_loss": [
    0.0054629258654949045,
    0.005466335124390966,
    0.005462751901872894,
    0.005465409641169763,
    0.0054648076516709155,
    0.005463079051427669,
    0.005465560537927291,
    0.005463880370371044,
    0.005458483028327341,
    0.00546287397458805,
    0.005467455673712392,
    0.005463166247481997,
    0.005466817641442939,
    0.005462485669814676,
    0.00546302246086362,
    0.005464104703674484,
    0.0054639736278483475,
    0.005462544068240193,
    0.005462650194991098,
    0.005465271255635351,
    0.0054631728459807,
    0.005463819888209095,
    0.005465627901310868,
    0.005464742829858819,
    0.005463154628450254,
    0.005464936086141011,
    0.005464349490856486,
    0.005461917869245806,
    0.005461648668107741,
    0.0054633574620937975,
    0.005462156669354113,
    0.005465609522364219,
    0.005463364507666468,
    0.0054637210750795836,
    0.005462817699030167,
    0.005466396748205694,
    0.005465713793317936,
    0.005463452031444602,
    0.0054599144290584855,
    0.005468149221416156
  ]
}