{
  "train_loss": [
    0.6909152324333329,
    0.6670183848731125,
    0.5832799492541964,
    0.4539825205453697,
    0.34424517590680564,
    0.27320406064525865,
    0.22725271475358208,
    0.19648424876857193,
    0.17119515741119334,
    0.1536899238663168,
    0.14051527650538448,
    0.12988236940602282,
    0.12163237088223477,
    0.11096375912872512,
    0.10701165649750241,
    0.09774529540517231,
    0.09428132342588945,
    0.08835333991613893,
    0.08403075462843798,
    0.07993129942276486,
    0.07695161138457426,
    0.07551157086831643,
    0.07259316346818619,
    0.06758238685403228,
    0.06636111460504868,
    0.06403762264813803,
    0.06297039610769929,
    0.05971496052885088,
    0.05859737655663253,
    0.0549304762562134,
    0.052052561014345015,
    0.05190313726101091,
    0.05040701326558781,
    0.04964900382914013,
    0.04827210659609188,
    0.04673910859103229,
    0.04632255144393708,
    0.04605861883492598,
    0.04363318220846975,
    0.04450447529059234
  ],
  "test_loss": [
    0.6881389575345176,
    0.6441413915457845,
    0.5337967957769122,
    0.41458751211146344,
    0.3164479396298152,
    0.2535899822451487,
    0.23136957011678638,
    0.21049332415231137,
    0.1735990362069687,
    0.1586349719837934,
    0.13989164677112043,
    0.1424771530412826,
    0.12147931895461403,
    0.14019597143310458,
    0.10630939634782928,
    0.10185359794051707,
    0.09745010788388112,
    0.0943344045633904,
    0.08970349292200402,
    0.09318425372524672,
    0.08379814509271073,
    0.08572204885691279,
    0.07351667819810766,
    0.0819526160323695,
    0.07106614475208922,
    0.0686823930630476,
    0.06561870355659924,
    0.070084906535364,
    0.07400691018932883,
    0.06502303124616753,
    0.06306465498774368,
    0.05596195955705993,
    0.05313835171356547,
    0.05698090400977232,
    0.05389871980071444,
    0.05825554728586258,
    0.05841859123873047,
    0.06252669718237829,
    0.06331842957835394,
    0.05453143693592806
  ],
  "train_acc": [
    52.786043070853204,
    62.6035673187572,
    76.12362321223081,
    86.32377116554333,
    90.86223902679599,
    92.62000657570279,
    93.60512904816702,
    94.15584415584416,
    94.82122308071675,
    95.15288508959397,
    95.44838073319085,
    95.59551208285384,
    95.87950024658886,
    96.27034358047017,
    96.22061482820978,
    96.64228176886405,
    96.62502054907118,
    96.83503205655106,
    96.94928489232288,
    97.10545783330593,
    97.22587539043234,
    97.23697188887063,
    97.30026302811115,
    97.51274042413283,
    97.46588854183791,
    97.57685352622062,
    97.6286371855992,
    97.74617787276014,
    97.80124938352786,
    97.92454381061975,
    98.06345553180995,
    98.07126417885911,
    98.12674667105044,
    98.14770672365609,
    98.14524083511428,
    98.19414762452737,
    98.17688640473452,
    98.21140884432025,
    98.35566332401775,
    98.28990629623542
  ],
  "test_acc": [
    60.594919786096256,
    75.731474407945,
    89.5063025210084,
    81.7188693659282,
    93.82448433919022,
    94.05844155844157,
    90.95588235294119,
    91.18601986249047,
    93.9524446142093,
    95.1461038961039,
    95.5968296409473,
    95.12127578304049,
    96.1096256684492,
    93.81684491978609,
    96.46485867074102,
    96.63674560733384,
    96.72937356760886,
    96.59950343773875,
    96.9633307868602,
    96.29679144385027,
    96.99770817417878,
    96.35313216195568,
    97.34816653934303,
    96.4209320091673,
    97.45989304812834,
    97.40068754774637,
    97.64323911382735,
    97.36249045072576,
    96.83346065699007,
    97.60504201680673,
    97.52673796791446,
    97.96027501909853,
    98.07486631016044,
    97.72631779984722,
    97.7931627196333,
    97.59262796027502,
    97.53151260504204,
    97.31378915202444,
    97.19442322383499,
    97.84950343773872
  ],
  "train_recon_loss": [
    0.04225123039098157,
    0.042259688157365936,
    0.042233070084121194,
    0.04221542202488639,
    0.04228598416478088,
    0.042256378177991286,
    0.04219416688763912,
    0.042246845752930445,
    0.04227003035645858,
    0.04227971274466347,
    0.04220433395261629,
    0.04228712492209824,
    0.04219625086757686,
    0.04227380282085584,
    0.04223352761107209,
    0.04226173291902376,
    0.042229925374926536,
    0.04230090265396383,
    0.04225238193345221,
    0.0422417397912302,
    0.042275432030759605,
    0.042261693168559517,
    0.042265868336501214,
    0.04222036554405691,
    0.042233766366476716,
    0.04222556664212649,
    0.04220888286215972,
    0.04226704972676569,
    0.04224152403764063,
    0.042250764963788,
    0.042246086113693807,
    0.04221891969860031,
    0.04224538735398656,
    0.04222302117753794,
    0.04225394596761702,
    0.042214053863184574,
    0.042255922001710744,
    0.04224210421118555,
    0.042285164504919946,
    0.04221135539728576
  ],
  "test_recon_loss": [
    0.010646770192709352,
    0.010655024573167771,
    0.010656539081721058,
    0.010655172835417217,
    0.010656486483517752,
    0.01065993622364085,
    0.010650482246879206,
    0.01064805469002199,
    0.010658707464810367,
    0.010649993838624982,
    0.010642818377760216,
    0.010651886385881161,
    0.010652421058953873,
    0.010654697318937034,
    0.010651588900711294,
    0.010652003879267565,
    0.010651721267867051,
    0.010645422034802995,
    0.010644915620326809,
    0.010650726683836962,
    0.010643646307876568,
    0.010652372178214626,
    0.010652266488754888,
    0.010660298969870544,
    0.010648706367341098,
    0.010650041404555888,
    0.010663106447641402,
    0.010654909341564761,
    0.010657086852006614,
    0.010659795024573114,
    0.010657822438359199,
    0.010651500473980707,
    0.010660698904436739,
    0.010653749535822881,
    0.010654252066527408,
    0.010650848160779589,
    0.01065116944163255,
    0.01065291530753979,
    0.010650269377060985,
    0.010656984075864762
  ]
}