{
  "train_loss": [
    0.6903944495142477,
    0.6634529169386162,
    0.5676281582058877,
    0.419589381105861,
    0.30799625835517863,
    0.24303528516945744,
    0.20429324629509427,
    0.17760374229973955,
    0.15667958354163128,
    0.14204627299044706,
    0.1302904490563365,
    0.12131689159472424,
    0.11351698855271607,
    0.10541804190421945,
    0.0997469332102841,
    0.09321685999322002,
    0.08896940767050975,
    0.08412151199986125,
    0.080722052577014,
    0.0769093500561406,
    0.07494063945369253,
    0.07100243002149338,
    0.06662297071501694,
    0.0646750599947534,
    0.06209772687816275,
    0.060238597384918394,
    0.05768472125171052,
    0.05264485357952377,
    0.054014876623811436,
    0.049797479872495796,
    0.048535033509768476,
    0.04906272595692729,
    0.04684836615826834,
    0.04705274361312039,
    0.044731783969445695,
    0.04576896987838593,
    0.042006493167560985,
    0.041884698446125974,
    0.04113555190348779,
    0.03836875866044306
  ],
  "test_loss": [
    0.6858364298564046,
    0.632898714612512,
    0.5051478077383602,
    0.36763968299917815,
    0.2805245320210938,
    0.22714587476323633,
    0.19622081950181672,
    0.17399519005743394,
    0.15846175813123958,
    0.14828151095063746,
    0.13088229957561032,
    0.12250502324592666,
    0.11733496746345728,
    0.10662661334734504,
    0.10463933845465424,
    0.09799466387000906,
    0.09969029336885996,
    0.09272105416611713,
    0.08465783251058154,
    0.08149964421862314,
    0.08043569666842203,
    0.09138179669047103,
    0.07275122979718472,
    0.06806315188570057,
    0.07009960930137073,
    0.06297069673324708,
    0.06796989022918484,
    0.06375541104426403,
    0.058021756593419724,
    0.06116933494164538,
    0.0541193650119758,
    0.05501476998691361,
    0.05647962242990982,
    0.056681740854890285,
    0.0480906132084294,
    0.054794297205331195,
    0.04881988097561382,
    0.047713370310893954,
    0.04968033261800639,
    0.04399344836314749
  ],
  "train_acc": [
    54.23598553345389,
    64.38476080881145,
    78.98405392076278,
    89.4579155022193,
    92.25464409008714,
    93.70006575702777,
    94.39421338155516,
    94.6942298208121,
    95.18247575209601,
    95.5650994575045,
    95.75702778234425,
    96.11088278809798,
    96.18444846292947,
    96.47871116225546,
    96.58721025809633,
    96.81941476245271,
    96.87037645898404,
    97.10422488903501,
    97.14162419858623,
    97.39067894131185,
    97.34218313332237,
    97.49301331579812,
    97.63767877691929,
    97.72727272727273,
    97.77864540522768,
    97.87358211408845,
    97.90563866513232,
    98.19784645734012,
    98.05687982903173,
    98.32237382870294,
    98.25743876376787,
    98.25826072661516,
    98.30511260891008,
    98.31703107019563,
    98.39018576360348,
    98.29607101759001,
    98.478546769686,
    98.49580798947886,
    98.43621568305112,
    98.63430872924545
  ],
  "test_acc": [
    57.14858670741023,
    70.52902979373567,
    88.6210847975554,
    88.83307868601986,
    90.99025974025973,
    93.56951871657753,
    93.8903743315508,
    95.23968678380443,
    94.71734148204736,
    95.86707410236819,
    96.19079449961804,
    96.0857524828113,
    95.78017570664629,
    96.5546218487395,
    96.38273491214669,
    96.79812834224599,
    95.96065699006876,
    96.37796027501909,
    97.18964858670742,
    97.22975553857906,
    97.19251336898395,
    96.15737203972499,
    97.39686783804432,
    97.63941940412528,
    97.51145912910619,
    97.91348357524826,
    97.3414820473644,
    97.69385026737969,
    97.89629488158899,
    97.71103896103895,
    98.0844155844156,
    98.15126050420167,
    98.04812834224599,
    97.60695187165776,
    98.39763177998474,
    97.99560733384261,
    98.08250572956455,
    98.28781512605042,
    98.00229182582125,
    98.34606569900689
  ],
  "train_recon_loss": [
    0.04303951678666241,
    0.043089676661851394,
    0.04309753366286242,
    0.043070177572895565,
    0.04304651443124033,
    0.04305810806178109,
    0.04308825489436739,
    0.043128291198859164,
    0.04311521881163983,
    0.04306727909494804,
    0.043059590543749963,
    0.043120947725410703,
    0.04305596588344514,
    0.043114531859351324,
    0.04311533860700579,
    0.043092144971501226,
    0.04312336836245995,
    0.043062262041713185,
    0.0430717343467862,
    0.04306760472439189,
    0.043091721991060226,
    0.04310190223602015,
    0.04308256754823447,
    0.04307046575239349,
    0.043113384515410844,
    0.043089350466540666,
    0.04309472089016955,
    0.043035967009408135,
    0.043113076483416515,
    0.043142610234604174,
    0.043087516909643714,
    0.04310346021237792,
    0.043103641155049555,
    0.043102111285097666,
    0.0430655255947417,
    0.043080092241034366,
    0.04305620896032124,
    0.0431026541013237,
    0.043107725972912625,
    0.0431130590813258
  ],
  "test_recon_loss": [
    0.01085046777587791,
    0.0108476583278511,
    0.010841738141118353,
    0.010846231214921264,
    0.010843504601776474,
    0.01084468250374208,
    0.010847479134344128,
    0.010849268171748444,
    0.010848140334240905,
    0.010837286065074326,
    0.010845360796147284,
    0.010836487418791953,
    0.010844315378731038,
    0.010842667794747263,
    0.01085148034069468,
    0.010840232337300642,
    0.010837584780920454,
    0.01084806298359665,
    0.01084277279549787,
    0.010838256996250203,
    0.010835474867671103,
    0.01084741235303716,
    0.010849674651007942,
    0.010843177969731829,
    0.010833091932121947,
    0.010842773758125406,
    0.010838594295460136,
    0.010844604898745022,
    0.010841827863091682,
    0.010852282524437588,
    0.010840911201021377,
    0.010845166509736236,
    0.010841118829215275,
    0.010841039134612103,
    0.010842263592923639,
    0.010849925247216676,
    0.01084046033719758,
    0.010837230449855453,
    0.010848841301220305,
    0.010847613411102476
  ]
}