{"Accuracy":38.29,"chance_level":10,"Time Taken to Run the Code(Mins)":9.234765430291494,"_wandb":{"runtime":552},"_runtime":552,"_step":12,"_timestamp":1.757950102679945e+09,"Timestep":10}