{"MediaLogs/s&p_0.02":{"path":"media/images/MediaLogs/s&p_0.02_0_6d9678668fc378e1951b.png","format":"png","width":138,"height":70,"caption":"Noisy Images: s&p 0.02","_type":"image-file","sha256":"6d9678668fc378e1951bb630f4f538672833bbd927b8b3128ea48471d230098d","size":19693},"_runtime":16.13416993,"_wandb":{"runtime":16},"_step":12,"chance_level":10,"Timestep":10,"_timestamp":1.751638656760695e+09,"Time Taken to Run the Code(Mins)":0.2739568591117859,"Accuracy":42.97}