{"_step":12,"Timestep":10,"Accuracy":38.24,"chance_level":10,"Time Taken to Run the Code(Mins)":9.412991340955099,"_wandb":{"runtime":562},"_runtime":562,"_timestamp":1.7579436988342104e+09}