{"chance_level":10,"Time Taken to Run the Code(Mins)":6.868141273657481,"_wandb":{"runtime":410},"_runtime":410,"_timestamp":1.758218069348398e+09,"_step":12,"Timestep":10,"Accuracy":37.92}