{"chance_level":10,"Time Taken to Run the Code(Mins)":0.3558194359143575,"_wandb":{"runtime":20},"_runtime":20,"_step":12,"_timestamp":1.7574393650049307e+09,"Timestep":10,"Accuracy":37.12}