{"chance_level":10,"Timestep":10,"Accuracy":38.13,"Time Taken to Run the Code(Mins)":0.33593839406967163,"_wandb":{"runtime":18},"_runtime":18,"_step":12,"_timestamp":1.7574230552439961e+09}