{"_timestamp":1.7570845946583924e+09,"_step":12,"Timestep":10,"Accuracy":32.31,"chance_level":10,"Time Taken to Run the Code(Mins)":5.48686816294988,"_wandb":{"runtime":327},"_runtime":327}