{"_wandb":{"runtime":20},"_runtime":20,"_timestamp":1.757418148118307e+09,"_step":12,"Timestep":10,"Accuracy":38.39,"chance_level":10,"Time Taken to Run the Code(Mins)":0.35324317614237466}