{"_runtime":497,"_timestamp":1.7579344108956892e+09,"_step":12,"Timestep":10,"Accuracy":37.56,"chance_level":10,"Time Taken to Run the Code(Mins)":8.305860861142476,"_wandb":{"runtime":497}}