{"_wandb":{"runtime":362},"_runtime":362,"_step":12,"_timestamp":1.7582142640192876e+09,"Timestep":10,"Accuracy":35.27,"chance_level":10,"Time Taken to Run the Code(Mins)":6.062090520064036}