{"Timestep":10,"Accuracy":30.31,"Time Taken to Run the Code(Mins)":7.928362615903219,"_wandb":{"runtime":474},"_runtime":474,"_timestamp":1.7582099278272898e+09,"_step":12,"chance_level":10}