{"chance_level":10,"Time Taken to Run the Code(Mins)":0.32561670541763305,"_wandb":{"runtime":18},"_runtime":18,"_timestamp":1.7574321434489362e+09,"_step":12,"Timestep":10,"Accuracy":38.28}