{"_step":12,"Timestep":10,"Accuracy":34.24,"chance_level":10,"Time Taken to Run the Code(Mins)":7.499060690402985,"_wandb":{"runtime":448},"_runtime":448,"_timestamp":1.7581898397645698e+09}