{"Timestep":10,"Accuracy":30.56,"chance_level":10,"Time Taken to Run the Code(Mins)":6.288277061780294,"_wandb":{"runtime":375},"_runtime":375,"_timestamp":1.7582229436766443e+09,"_step":12}