{"_wandb":{"runtime":15},"Accuracy":50.83,"chance_level":10,"Timestep":10,"_step":12,"Time Taken to Run the Code(Mins)":0.27108910083770754,"MediaLogs/gauss_0.6000000000000001":{"caption":"Noisy Images: gauss 0.6000000000000001","_type":"image-file","sha256":"71e7e49c617876a92187f5f8ac37579a945a9374c00d35e39fc54ca17076c745","size":21734,"path":"media/images/MediaLogs/gauss_0.6000000000000001_0_71e7e49c617876a92187.png","format":"png","width":138,"height":70},"_timestamp":1.7516504524001546e+09,"_runtime":15.964060658}