{"_wandb":{"runtime":428},"_runtime":428,"_timestamp":1.7582189756710713e+09,"_step":12,"Timestep":10,"Accuracy":35.88,"chance_level":10,"Time Taken to Run the Code(Mins)":7.157612844308217}