{"Time Taken to Run the Code(Mins)":0.3259167393048604,"_wandb":{"runtime":18},"_runtime":18,"_timestamp":1.7574214705414746e+09,"_step":12,"Timestep":10,"Accuracy":38.38,"chance_level":10}