{"_timestamp":1.7579489335348039e+09,"_step":12,"Timestep":10,"Accuracy":36.12,"chance_level":10,"Time Taken to Run the Code(Mins)":9.470956798394521,"_wandb":{"runtime":565},"_runtime":565}