{"Accuracy":38.33,"chance_level":10,"Time Taken to Run the Code(Mins)":0.34567583799362184,"_wandb":{"runtime":19},"_runtime":19,"_timestamp":1.7574188012062867e+09,"_step":12,"Timestep":10}