{"Timestep":10,"Time Taken to Run the Code(Mins)":0.320895246664683,"_wandb":{"runtime":18},"_runtime":18,"_step":12,"_timestamp":1.7574317097070858e+09,"Accuracy":38.41,"chance_level":10}