{"_wandb":{"runtime":19},"_runtime":19,"_step":11,"_timestamp":1.761149547763037e+09,"Timestep":10,"Accuracy":51.948507164008916,"chance_level":10}