{"chance_level":10,"Time Taken to Run the Code(Mins)":0.3297865668932597,"_wandb":{"runtime":18},"_runtime":18,"_timestamp":1.7574251306757784e+09,"_step":12,"Timestep":10,"Accuracy":37.52}