{"Accuracy":37.04,"chance_level":10,"Time Taken to Run the Code(Mins)":0.32434388001759845,"_wandb":{"runtime":18},"_runtime":18,"_step":12,"_timestamp":1.7574295037767112e+09,"Timestep":10}