{"_timestamp":1.7513837459228485e+09,"_runtime":15.6330857,"_step":11,"Time Taken to Run the Code(Mins)":0.26457680463790895,"_wandb":{"runtime":15},"Timestep":10,"Accuracy":61.75}