{"_runtime":18,"_timestamp":1.757423716493839e+09,"_step":12,"Timestep":10,"Accuracy":37.72,"chance_level":10,"Time Taken to Run the Code(Mins)":0.32605812946955365,"_wandb":{"runtime":18}}