{"Accuracy":38.38,"chance_level":10,"Time Taken to Run the Code(Mins)":9.534298626581828,"_wandb":{"runtime":571},"_runtime":571,"_step":12,"_timestamp":1.7579238148798425e+09,"Timestep":10}