{"Accuracy":37.74,"chance_level":10,"Time Taken to Run the Code(Mins)":0.3340802590052287,"_wandb":{"runtime":18},"_runtime":18,"_timestamp":1.7574235534119256e+09,"_step":12,"Timestep":10}