{"Timestep":10,"Accuracy":31.44,"chance_level":10,"Time Taken to Run the Code(Mins)":9.844312461217244,"_wandb":{"runtime":589},"_runtime":589,"_step":12,"_timestamp":1.758200347413603e+09}