{"_step":12,"_timestamp":1.7582182774482381e+09,"Timestep":10,"Accuracy":37.86,"chance_level":10,"Time Taken to Run the Code(Mins)":6.887744192282359,"_wandb":{"runtime":411},"_runtime":411}