{"chance_level":10,"Time Taken to Run the Code(Mins)":0.3323143720626831,"_wandb":{"runtime":18},"_runtime":18,"_step":12,"_timestamp":1.7574297489750903e+09,"Timestep":10,"Accuracy":37.03}