{"Accuracy":37.01,"chance_level":10,"Time Taken to Run the Code(Mins)":3.433683435122172,"_wandb":{"runtime":204},"_runtime":204,"_step":12,"_timestamp":1.7579601291601214e+09,"Timestep":10}