{"Accuracy":31.88,"chance_level":10,"Timestep":10,"Time Taken to Run the Code(Mins)":5.384511387348175,"_wandb":{"runtime":321},"_runtime":321,"_timestamp":1.7570855766782572e+09,"_step":12}