{"_wandb":{"runtime":254},"_runtime":254,"_timestamp":1.757090840515711e+09,"_step":12,"Timestep":10,"Accuracy":32.32,"chance_level":10,"Time Taken to Run the Code(Mins)":4.263196953137716}