{"Time Taken to Run the Code(Mins)":6.637306861082712,"_wandb":{"runtime":396},"_runtime":396,"_timestamp":1.757951825881535e+09,"_step":12,"Timestep":10,"Accuracy":37.08,"chance_level":10}