{"_step":12,"Timestep":10,"Accuracy":38.37,"chance_level":10,"Time Taken to Run the Code(Mins)":8.922765231132507,"_wandb":{"runtime":534},"_runtime":534,"_timestamp":1.7579247746429129e+09}