{"Timestep":10,"Accuracy":36.92,"chance_level":10,"Time Taken to Run the Code(Mins)":8.956751664479574,"_wandb":{"runtime":535},"_runtime":535,"_timestamp":1.7579537405760713e+09,"_step":12}