{"_wandb":{"runtime":682},"_runtime":682,"_timestamp":1.7579358828707633e+09,"_step":12,"Timestep":10,"Accuracy":38.38,"chance_level":10,"Time Taken to Run the Code(Mins)":11.392859331766765}