{"_step":12,"Timestep":10,"Accuracy":31.23,"chance_level":10,"Time Taken to Run the Code(Mins)":7.06339324315389,"_wandb":{"runtime":422},"_runtime":422,"_timestamp":1.758215639144189e+09}