{"_runtime":534,"_timestamp":1.75795420273698e+09,"_step":12,"chance_level":10,"Timestep":10,"Accuracy":36.01,"Time Taken to Run the Code(Mins)":8.937487208843232,"_wandb":{"runtime":534}}