{"chance_level":10,"Timestep":10,"Accuracy":37.25,"Time Taken to Run the Code(Mins)":7.918887182076772,"_wandb":{"runtime":473},"_runtime":473,"_timestamp":1.7579465465203075e+09,"_step":12}