{"Timestep":10,"Accuracy":37.54,"chance_level":10,"Time Taken to Run the Code(Mins)":0.3422172983487447,"_wandb":{"runtime":19},"_runtime":19,"_step":12,"_timestamp":1.7574254265601692e+09}