{"_timestamp":1.7581858435006602e+09,"_step":12,"chance_level":10,"Timestep":10,"Accuracy":37.25,"Time Taken to Run the Code(Mins)":0.728590460618337,"_wandb":{"runtime":41},"_runtime":41}