{"_step":12,"Accuracy":33.83,"chance_level":10,"Timestep":10,"Time Taken to Run the Code(Mins)":6.6959969719251,"_wandb":{"runtime":400},"_runtime":400,"_timestamp":1.758191971833369e+09}