{"chance_level":10,"Timestep":10,"Time Taken to Run the Code(Mins)":0.3294848958651225,"_wandb":{"runtime":18},"_runtime":18,"_timestamp":1.7574209019581647e+09,"_step":12,"Accuracy":38.39}