{"_wandb":{"runtime":18},"_runtime":18,"_timestamp":1.7574238264062026e+09,"_step":12,"Timestep":10,"Accuracy":37.73,"chance_level":10,"Time Taken to Run the Code(Mins)":0.32431490818659464}