{"Time Taken to Run the Code(Mins)":8.966409715016683,"_wandb":{"runtime":536},"_runtime":536,"_timestamp":1.7579454219348516e+09,"_step":12,"Timestep":10,"Accuracy":37.7,"chance_level":10}