{"Accuracy":36.84,"_wandb":{"runtime":16},"Time Taken to Run the Code(Mins)":0.2721196174621582,"_runtime":16.029489801,"MediaLogs/gauss_0.04":{"size":18834,"path":"media/images/MediaLogs/gauss_0.04_0_bc6a87b22c7ea2ae3c6b.png","format":"png","width":138,"height":70,"caption":"Noisy Images: gauss 0.04","_type":"image-file","sha256":"bc6a87b22c7ea2ae3c6b1a757398b7c4a6f48fe11c0f65de8a9386900ca6d63b"},"_timestamp":1.751554299401896e+09,"_step":12,"chance_level":10,"Timestep":10}