{"chance_level":10,"Time Taken to Run the Code(Mins)":0.3244921286900838,"_wandb":{"runtime":18},"_runtime":18,"_timestamp":1.7574333362494154e+09,"_step":12,"Timestep":10,"Accuracy":37.44}