{"_wandb":{"runtime":484},"_runtime":484,"_timestamp":1.757952851311077e+09,"_step":12,"Timestep":10,"Accuracy":37.22,"chance_level":10,"Time Taken to Run the Code(Mins)":8.098828184604645}