{"_timestamp":1.7516455138569188e+09,"Time Taken to Run the Code(Mins)":0.2701852520306905,"Accuracy":48.37,"_step":12,"Timestep":10,"_wandb":{"runtime":15},"MediaLogs/s&p_0.04":{"sha256":"baea8452707910ea8f11d21702ce13dee1e2cd0558f06ac1145b6522d5554591","size":20448,"path":"media/images/MediaLogs/s&p_0.04_0_baea8452707910ea8f11.png","format":"png","width":138,"height":70,"caption":"Noisy Images: s&p 0.04","_type":"image-file"},"chance_level":10,"_runtime":15.905201107}