{"_timestamp":1.7581879560954828e+09,"chance_level":10,"Timestep":10,"Accuracy":35.73,"Time Taken to Run the Code(Mins)":7.961762924989064,"_wandb":{"runtime":476},"_runtime":476,"_step":12}