{"Time Taken to Run the Code(Mins)":8.037736880779267,"_wandb":{"runtime":480},"_runtime":480,"_timestamp":1.7581967154986794e+09,"_step":12,"Timestep":10,"Accuracy":31.33,"chance_level":10}