{"Time Taken to Run the Code(Mins)":7.577816239992777,"_wandb":{"runtime":452},"_runtime":452,"_timestamp":1.757959900751424e+09,"_step":12,"Timestep":10,"Accuracy":36.37,"chance_level":10}