{"_timestamp":1.7579252786689079e+09,"_step":12,"Timestep":10,"Accuracy":38.36,"chance_level":10,"Time Taken to Run the Code(Mins)":9.260818461577097,"_wandb":{"runtime":553},"_runtime":553}