{"Time Taken to Run the Code(Mins)":11.347292987505595,"_wandb":{"runtime":679},"_runtime":679,"_timestamp":1.7579388478011656e+09,"_step":12,"Timestep":10,"Accuracy":37.63,"chance_level":10}