{"_wandb":{"runtime":558},"_runtime":558,"_step":12,"_timestamp":1.7579512254551148e+09,"Timestep":10,"Accuracy":37.68,"chance_level":10,"Time Taken to Run the Code(Mins)":9.321037789185842}