{"chance_level":10,"Timestep":10,"Accuracy":33.16,"Time Taken to Run the Code(Mins)":5.153222747643789,"_wandb":{"runtime":308},"_runtime":308,"_step":12,"_timestamp":1.7570874537852497e+09}