{"Time Taken to Run the Code(Mins)":6.1198712905248005,"_wandb":{"runtime":365},"_runtime":365,"_timestamp":1.758212645469125e+09,"_step":12,"Timestep":10,"Accuracy":37.5,"chance_level":10}