{"_timestamp":1.757926907540919e+09,"_step":12,"Timestep":10,"Accuracy":38.4,"chance_level":10,"Time Taken to Run the Code(Mins)":9.029029126962026,"_wandb":{"runtime":539},"_runtime":539}