{"_runtime":19,"_timestamp":1.7574413695332532e+09,"_step":12,"Timestep":10,"Accuracy":36.12,"chance_level":10,"Time Taken to Run the Code(Mins)":0.3393432140350342,"_wandb":{"runtime":19}}