{"_timestamp":1.7513770785151608e+09,"_runtime":16.168414325,"_step":11,"Time Taken to Run the Code(Mins)":0.2740843137105306,"_wandb":{"runtime":16},"Timestep":10,"Accuracy":67.34}