{"_step":12,"_timestamp":1.758213176881072e+09,"Timestep":10,"Accuracy":37.64,"chance_level":10,"Time Taken to Run the Code(Mins)":8.604203089078267,"_wandb":{"runtime":514},"_runtime":514}