{"Timestep":10,"Accuracy":33.12,"chance_level":10,"Time Taken to Run the Code(Mins)":5.167203064759573,"_wandb":{"runtime":309},"_runtime":309,"_step":12,"_timestamp":1.7570748734635367e+09}