{"_step":12,"Timestep":10,"Accuracy":36,"chance_level":10,"Time Taken to Run the Code(Mins)":7.677828641732534,"_wandb":{"runtime":459},"_runtime":459,"_timestamp":1.7582193898507018e+09}