{"Time Taken to Run the Code(Mins)":14.04538277387619,"_wandb":{"runtime":841},"_runtime":841,"_timestamp":1.7582026851121116e+09,"_step":12,"Accuracy":30.66,"chance_level":10,"Timestep":10}