{"_wandb":{"runtime":919},"_runtime":919,"_step":12,"_timestamp":1.7582036825987222e+09,"Timestep":10,"Accuracy":29.92,"chance_level":10,"Time Taken to Run the Code(Mins)":15.357872478167216}