{"_timestamp":1.7574350180956616e+09,"_step":12,"Timestep":10,"Accuracy":36.22,"chance_level":10,"Time Taken to Run the Code(Mins)":0.32213098208109536,"_wandb":{"runtime":18},"_runtime":18}