{"chance_level":10,"Time Taken to Run the Code(Mins)":0.34702420632044473,"_wandb":{"runtime":19},"_runtime":19,"_timestamp":1.7574170332747223e+09,"_step":12,"Timestep":10,"Accuracy":38.06}