{"Time Taken to Run the Code(Mins)":9.027279082934061,"_wandb":{"runtime":540},"_runtime":540,"_timestamp":1.7579247542966964e+09,"_step":12,"Timestep":10,"Accuracy":38.37,"chance_level":10}