{"_wandb":{"runtime":457},"_runtime":457,"_step":12,"_timestamp":1.7582177334542205e+09,"Timestep":10,"Accuracy":29.69,"chance_level":10,"Time Taken to Run the Code(Mins)":7.652558986345927}