{"_runtime":19,"_step":12,"_timestamp":1.7574422662349832e+09,"Timestep":10,"Accuracy":38.43,"chance_level":10,"Time Taken to Run the Code(Mins)":0.3329824288686117,"_wandb":{"runtime":19}}