{"chance_level":10,"Time Taken to Run the Code(Mins)":0.34814980427424114,"_wandb":{"runtime":19},"_runtime":19,"_timestamp":1.757435208664895e+09,"_step":12,"Timestep":10,"Accuracy":36.25}