{"_wandb":{"runtime":476},"_runtime":476,"_timestamp":1.7579455224086363e+09,"_step":12,"Timestep":10,"Accuracy":37.72,"chance_level":10,"Time Taken to Run the Code(Mins)":7.955181964238485}