{"_timestamp":1.7579501276668181e+09,"_step":12,"Timestep":10,"Accuracy":38.34,"chance_level":10,"Time Taken to Run the Code(Mins)":9.206980248292288,"_wandb":{"runtime":551},"_runtime":551}