{"Time Taken to Run the Code(Mins)":7.147458883126577,"_wandb":{"runtime":427},"_runtime":427,"_timestamp":1.7582155182707171e+09,"_step":12,"Timestep":10,"Accuracy":31.13,"chance_level":10}