{"Time Taken to Run the Code(Mins)":0.3326895316441854,"_wandb":{"runtime":18},"_runtime":18,"_timestamp":1.75742779947776e+09,"_step":12,"Timestep":10,"Accuracy":37.94,"chance_level":10}