{"_timestamp":1.7574272815598989e+09,"_step":12,"chance_level":10,"Timestep":10,"Accuracy":38.4,"Time Taken to Run the Code(Mins)":0.3404683113098145,"_wandb":{"runtime":19},"_runtime":19}