{"Accuracy":38.33,"chance_level":10,"Time Taken to Run the Code(Mins)":0.33138585488001504,"_wandb":{"runtime":18},"_runtime":18,"_timestamp":1.7574319253946025e+09,"_step":12,"Timestep":10}