{"_runtime":19,"_step":12,"_timestamp":1.7574327127326148e+09,"Timestep":10,"Accuracy":38.06,"chance_level":10,"Time Taken to Run the Code(Mins)":0.34828169345855714,"_wandb":{"runtime":19}}