{"_runtime":19,"_step":12,"_timestamp":1.7574232486761346e+09,"chance_level":10,"Timestep":10,"Accuracy":38.15,"Time Taken to Run the Code(Mins)":0.34655877749125164,"_wandb":{"runtime":19}}