{"_step":12,"Timestep":10,"Accuracy":32.23,"chance_level":10,"Time Taken to Run the Code(Mins)":6.7202215115229285,"_wandb":{"runtime":402},"_runtime":402,"_timestamp":1.7582210382375793e+09}