{"_step":11,"Time Taken to Run the Code(Mins)":0.2627167741457621,"_wandb":{"runtime":15},"Timestep":10,"Accuracy":65.77,"_timestamp":1.7513771946842973e+09,"_runtime":15.524734761}