{"_runtime":19,"_timestamp":1.7574437795016365e+09,"_step":12,"Accuracy":37.96,"chance_level":10,"Timestep":10,"Time Taken to Run the Code(Mins)":0.3404989322026571,"_wandb":{"runtime":19}}