{"Accuracy":31.29,"chance_level":10,"Time Taken to Run the Code(Mins)":4.764175279935201,"_wandb":{"runtime":284},"_runtime":284,"_step":12,"_timestamp":1.7570899472481055e+09,"Timestep":10}