{"_step":12,"Timestep":10,"Accuracy":36.27,"chance_level":10,"Time Taken to Run the Code(Mins)":0.3422827323277791,"_wandb":{"runtime":19},"_runtime":19,"_timestamp":1.757430808951912e+09}