{"_step":12,"_timestamp":1.7574300453863792e+09,"Timestep":10,"Accuracy":36.67,"chance_level":10,"Time Taken to Run the Code(Mins)":0.32988935311635337,"_wandb":{"runtime":18},"_runtime":18}