{"_timestamp":1.7574201348392866e+09,"Timestep":10,"Accuracy":38.42,"chance_level":10,"Time Taken to Run the Code(Mins)":0.33873520692189535,"_wandb":{"runtime":19},"_runtime":19,"_step":12}