{"chance_level":10,"Time Taken to Run the Code(Mins)":9.6235715786616,"_wandb":{"runtime":576},"_runtime":576,"_step":12,"_timestamp":1.7582079135022905e+09,"Timestep":10,"Accuracy":34.26}