{"Accuracy":38.21,"chance_level":10,"Time Taken to Run the Code(Mins)":8.750391709804536,"_wandb":{"runtime":523},"_runtime":523,"_step":12,"_timestamp":1.7579442440157983e+09,"Timestep":10}