{"Time Taken to Run the Code(Mins)":8.314733584721884,"_wandb":{"runtime":474},"_runtime":474,"_step":12,"_timestamp":1.7579264654708707e+09,"chance_level":10,"Timestep":10,"Accuracy":38.42}