{"Timestep":10,"Accuracy":31.71,"Time Taken to Run the Code(Mins)":6.8530276338259375,"_wandb":{"runtime":409},"_runtime":409,"_timestamp":1.7581953089766176e+09,"_step":12,"chance_level":10}