{"_wandb":{"runtime":514},"_runtime":514,"_timestamp":1.7582000911919932e+09,"_step":12,"Timestep":10,"Accuracy":33.88,"chance_level":10,"Time Taken to Run the Code(Mins)":8.594535529613495}