{"MediaLogs/gauss_0.02":{"width":138,"height":70,"caption":"Noisy Images: gauss 0.02","_type":"image-file","sha256":"5e20f382c4cf0c521504d5dacaefd9b6ba260472feb927e28d65237353ec6f3f","size":18675,"path":"media/images/MediaLogs/gauss_0.02_0_5e20f382c4cf0c521504.png","format":"png"},"_timestamp":1.7515442101196852e+09,"_step":12,"_wandb":{"runtime":15},"chance_level":10,"Time Taken to Run the Code(Mins)":0.27125131686528525,"_runtime":15.970928779,"Timestep":10,"Accuracy":69.02}