{"_step":11,"Timestep":10,"Accuracy":60.37,"Time Taken to Run the Code(Mins)":0.263202436765035,"_wandb":{"runtime":15},"_timestamp":1.7513833489138572e+09,"_runtime":15.556149493}