{"_step":12,"Timestep":10,"Accuracy":37.6,"chance_level":10,"Time Taken to Run the Code(Mins)":7.482741641998291,"_wandb":{"runtime":447},"_runtime":447,"_timestamp":1.757958520249504e+09}