{"_timestamp":1.7568259023427608e+09,"_step":11,"Time Taken to Run the Code(Mins)":2.2251554409662884,"_wandb":{"runtime":131},"_runtime":131,"Timestep":10,"Accuracy":10,"chance_level":10}