{"Timestep":10,"Accuracy":38.28,"chance_level":10,"Time Taken to Run the Code(Mins)":0.3288003206253052,"_wandb":{"runtime":18},"_runtime":18,"_timestamp":1.7574320621604288e+09,"_step":12}