{"_timestamp":1.7574290980139074e+09,"_step":12,"Timestep":10,"Accuracy":37.44,"chance_level":10,"Time Taken to Run the Code(Mins)":0.3436356584231059,"_wandb":{"runtime":19},"_runtime":19}