{"_wandb":{"runtime":19},"_runtime":19,"_timestamp":1.757427471938892e+09,"_step":12,"Timestep":10,"Accuracy":38.38,"chance_level":10,"Time Taken to Run the Code(Mins)":0.34951452414194745}