{"_runtime":669,"_timestamp":1.7579347775550356e+09,"_step":12,"Timestep":10,"Accuracy":37.52,"chance_level":10,"Time Taken to Run the Code(Mins)":11.185099538167318,"_wandb":{"runtime":669}}