{"chance_level":10,"Timestep":10,"Accuracy":36.16,"Time Taken to Run the Code(Mins)":8.473270189762115,"_wandb":{"runtime":506},"_runtime":506,"_timestamp":1.7579546433646185e+09,"_step":12}