{"_timestamp":1.757438610797618e+09,"_step":12,"Timestep":10,"Accuracy":37.69,"chance_level":10,"Time Taken to Run the Code(Mins)":0.3230040510495504,"_wandb":{"runtime":18},"_runtime":18}