{"_wandb":{"runtime":16},"Time Taken to Run the Code(Mins)":0.27342754205067954,"chance_level":10,"_timestamp":1.7515337512813847e+09,"_runtime":16.09595156,"_step":12,"Accuracy":64.96,"MediaLogs/gauss_0.04":{"width":138,"height":70,"caption":"Noisy Images: gauss 0.04","_type":"image-file","sha256":"bc6a87b22c7ea2ae3c6b1a757398b7c4a6f48fe11c0f65de8a9386900ca6d63b","size":18834,"path":"media/images/MediaLogs/gauss_0.04_0_bc6a87b22c7ea2ae3c6b.png","format":"png"},"Timestep":10}