{"Accuracy":34.15,"chance_level":10,"Timestep":10,"Time Taken to Run the Code(Mins)":7.241929682095845,"_wandb":{"runtime":433},"_runtime":433,"_timestamp":1.7582206133265874e+09,"_step":12}