{"_runtime":19,"_timestamp":1.7574314057212713e+09,"_step":12,"Timestep":10,"Accuracy":36.36,"chance_level":10,"Time Taken to Run the Code(Mins)":0.3461946169535319,"_wandb":{"runtime":19}}