{"_runtime":19,"_step":12,"_timestamp":1.757442726575954e+09,"Timestep":10,"Accuracy":38.47,"chance_level":10,"Time Taken to Run the Code(Mins)":0.3405916770299276,"_wandb":{"runtime":19}}