{"Accuracy":38.01,"chance_level":10,"Time Taken to Run the Code(Mins)":8.759859387079874,"_wandb":{"runtime":524},"_runtime":524,"_timestamp":1.757416219105585e+09,"_step":12,"Timestep":10}