{"Time Taken to Run the Code(Mins)":0.3428356687227885,"_wandb":{"runtime":19},"_runtime":19,"_timestamp":1.757445422912586e+09,"_step":12,"Timestep":10,"Accuracy":36.94,"chance_level":10}