{"_step":12,"_timestamp":1.751544914875399e+09,"Timestep":10,"Accuracy":18,"Time Taken to Run the Code(Mins)":0.267859156926473,"MediaLogs/s&p_0.2":{"format":"png","width":138,"height":70,"caption":"Noisy Images: s&p 0.2","_type":"image-file","sha256":"258790cc567a266b10ae4c3402110f4a77c2a2ad20e989f48a1132a7e187dd37","size":22652,"path":"media/images/MediaLogs/s&p_0.2_0_258790cc567a266b10ae.png"},"chance_level":10,"_runtime":15.79472605,"_wandb":{"runtime":15}}