{"chance_level":10,"Timestep":10,"Accuracy":35.98,"Time Taken to Run the Code(Mins)":0.3330938418706258,"_wandb":{"runtime":18},"_runtime":18,"_timestamp":1.7574409941319244e+09,"_step":12}