{"_wandb":{"runtime":535},"_runtime":535,"_timestamp":1.75818692303614e+09,"_step":12,"Timestep":10,"Accuracy":37.24,"chance_level":10,"Time Taken to Run the Code(Mins)":8.983658452828726}