{"Time Taken to Run the Code(Mins)":0.3314648707707723,"_wandb":{"runtime":18},"_runtime":18,"_timestamp":1.7574206840530095e+09,"_step":12,"Timestep":10,"Accuracy":38.39,"chance_level":10}