{"_wandb":{"runtime":19},"_runtime":19,"_timestamp":1.7574421564501565e+09,"_step":12,"Accuracy":38.23,"chance_level":10,"Timestep":10,"Time Taken to Run the Code(Mins)":0.3339728315671285}