{"_wandb":{"runtime":441},"_runtime":441,"_timestamp":1.758191183759248e+09,"_step":12,"chance_level":10,"Timestep":10,"Accuracy":34.07,"Time Taken to Run the Code(Mins)":7.381838885943095}