{"_timestamp":1.758204020511362e+09,"_step":12,"Timestep":10,"Accuracy":29.92,"chance_level":10,"Time Taken to Run the Code(Mins)":12.943337988853454,"_wandb":{"runtime":773},"_runtime":773}