{"Accuracy":36.67,"chance_level":10,"Time Taken to Run the Code(Mins)":7.872897799809774,"_wandb":{"runtime":471},"_runtime":471,"_timestamp":1.7581987324711134e+09,"_step":12,"Timestep":10}