{"_runtime":309,"_timestamp":1.7570842362096095e+09,"_step":12,"Accuracy":33.18,"chance_level":10,"Timestep":10,"Time Taken to Run the Code(Mins)":5.175633263587952,"_wandb":{"runtime":309}}