{"_wandb":{"runtime":576},"_runtime":576,"_timestamp":1.7579364460341668e+09,"_step":12,"Accuracy":38.24,"chance_level":10,"Timestep":10,"Time Taken to Run the Code(Mins)":9.624747629960378}