{"_step":12,"chance_level":10,"Timestep":10,"Accuracy":31.67,"Time Taken to Run the Code(Mins)":4.684797330697378,"_wandb":{"runtime":279},"_runtime":279,"_timestamp":1.7570866764128675e+09}