{"_wandb":{"runtime":514},"_runtime":514,"_timestamp":1.7582126482571874e+09,"_step":12,"Timestep":10,"Accuracy":37.35,"chance_level":10,"Time Taken to Run the Code(Mins)":8.603413009643555}