{"MediaLogs/gauss_0.6":{"height":70,"caption":"Noisy Images: gauss 0.6","_type":"image-file","sha256":"71e7e49c617876a92187f5f8ac37579a945a9374c00d35e39fc54ca17076c745","size":21734,"path":"media/images/MediaLogs/gauss_0.6_0_71e7e49c617876a92187.png","format":"png","width":138},"chance_level":10,"_timestamp":1.7519771879682496e+09,"Accuracy":26.49,"_step":12,"Timestep":10,"_runtime":16.141818274,"_wandb":{"runtime":16},"Time Taken to Run the Code(Mins)":0.27422273556391397}