{"chance_level":10,"Timestep":10,"Time Taken to Run the Code(Mins)":10.774253324667614,"_wandb":{"runtime":644},"_runtime":644,"_timestamp":1.7579519263144581e+09,"_step":12,"Accuracy":37.83}