{"_timestamp":1.7579238288024318e+09,"_step":12,"Timestep":10,"Accuracy":38.37,"chance_level":10,"Time Taken to Run the Code(Mins)":9.70053410132726,"_wandb":{"runtime":580},"_runtime":580}