{"Time Taken to Run the Code(Mins)":4.0205954790115355,"_wandb":{"runtime":240},"_runtime":240,"_timestamp":1.7570892694876099e+09,"_step":12,"Timestep":10,"Accuracy":32.78,"chance_level":10}