{"Accuracy":33.05,"chance_level":10,"Time Taken to Run the Code(Mins)":4.031521077950796,"_wandb":{"runtime":240},"_runtime":240,"_timestamp":1.757083047528721e+09,"_step":12,"Timestep":10}