{"_wandb":{"runtime":18},"_runtime":18,"_step":12,"_timestamp":1.7574195915769103e+09,"chance_level":10,"Timestep":10,"Accuracy":38.32,"Time Taken to Run the Code(Mins)":0.33538640340169273}