{"_runtime":15.710910896,"_step":11,"Timestep":10,"Accuracy":69.87,"_timestamp":1.7513767743188744e+09,"Time Taken to Run the Code(Mins)":0.2658584435780843,"_wandb":{"runtime":15}}