{"_timestamp":1.7582155393523517e+09,"Timestep":10,"Accuracy":31.17,"chance_level":10,"Time Taken to Run the Code(Mins)":7.17234069108963,"_wandb":{"runtime":428},"_runtime":428,"_step":12}