{"_step":12,"_timestamp":1.757430781494878e+09,"Timestep":10,"Accuracy":36.26,"chance_level":10,"Time Taken to Run the Code(Mins)":0.35713128646214803,"_wandb":{"runtime":19},"_runtime":19}