{"Time Taken to Run the Code(Mins)":0.33505505323410034,"_wandb":{"runtime":19},"_runtime":19,"_timestamp":1.7574305623477893e+09,"_step":12,"Timestep":10,"Accuracy":36.72,"chance_level":10}