{"_runtime":578,"_timestamp":1.7579353946682096e+09,"_step":12,"Timestep":10,"Accuracy":37.49,"chance_level":10,"Time Taken to Run the Code(Mins)":9.680798625946045,"_wandb":{"runtime":578}}