{"_wandb":{"runtime":19},"_runtime":19,"_timestamp":1.7574453684531167e+09,"_step":12,"Timestep":10,"Accuracy":36.93,"chance_level":10,"Time Taken to Run the Code(Mins)":0.3346662720044454}