{"_runtime":18,"_step":12,"_timestamp":1.7574262470930717e+09,"Timestep":10,"Accuracy":37.52,"chance_level":10,"Time Taken to Run the Code(Mins)":0.33317752679189044,"_wandb":{"runtime":18}}