{"_step":12,"Time Taken to Run the Code(Mins)":0.27832849820454914,"_timestamp":1.7514659841890645e+09,"Timestep":10,"_runtime":16.412862705,"Accuracy":19.02,"MediaLogs/s&p_0.6000000000000001":{"sha256":"698e315362b6ccbd9c79b1c2ac20021c439ba41b9c5e0e51e8c65c93082dd334","size":14570,"path":"media/images/MediaLogs/s&p_0.6000000000000001_0_698e315362b6ccbd9c79.png","format":"png","width":138,"height":70,"caption":"Noisy Images: s&p 0.6000000000000001","_type":"image-file"},"chance_level":10,"_wandb":{"runtime":16}}