{"_timestamp":1.7581958762473974e+09,"_step":12,"chance_level":10,"Timestep":10,"Accuracy":31.74,"Time Taken to Run the Code(Mins)":7.862521370251973,"_wandb":{"runtime":470},"_runtime":470}