{"_runtime":18,"_timestamp":1.7574182016676674e+09,"_step":12,"Timestep":10,"Accuracy":38.41,"chance_level":10,"Time Taken to Run the Code(Mins)":0.3266589522361755,"_wandb":{"runtime":18}}