{"Accuracy":37.63,"chance_level":10,"Time Taken to Run the Code(Mins)":7.5726402242978414,"_wandb":{"runtime":452},"_runtime":452,"_timestamp":1.757932774759715e+09,"_step":12,"Timestep":10}