{"_runtime":622,"_timestamp":1.7579391333222406e+09,"_step":12,"Timestep":10,"Accuracy":37.05,"chance_level":10,"Time Taken to Run the Code(Mins)":10.401824180285136,"_wandb":{"runtime":622}}