{"chance_level":10,"Time Taken to Run the Code(Mins)":3.122872229417165,"_wandb":{"runtime":186},"_runtime":186,"_step":12,"_timestamp":1.7570783841293972e+09,"Timestep":10,"Accuracy":33.07}