{"_wandb":{"runtime":19},"_runtime":19,"_timestamp":1.757418856898973e+09,"_step":12,"Timestep":10,"Accuracy":38.34,"chance_level":10,"Time Taken to Run the Code(Mins)":0.34754691918691}