{"Timestep":10,"Time Taken to Run the Code(Mins)":7.609002848466237,"_wandb":{"runtime":455},"_runtime":455,"_timestamp":1.757959449996623e+09,"_step":12,"Accuracy":37.13,"chance_level":10}