{"_runtime":19,"_timestamp":1.7574364270039692e+09,"_step":12,"Timestep":10,"Accuracy":36.04,"chance_level":10,"Time Taken to Run the Code(Mins)":0.336922816435496,"_wandb":{"runtime":19}}