{"Time Taken to Run the Code(Mins)":0.2661810636520386,"_wandb":{"runtime":15},"Timestep":10,"Accuracy":68.03,"_timestamp":1.7513769613840334e+09,"_runtime":15.693409096,"_step":11}