{"_runtime":382,"_timestamp":1.7582135344871964e+09,"_step":12,"Timestep":10,"Accuracy":34.98,"chance_level":10,"Time Taken to Run the Code(Mins)":6.397867898146312,"_wandb":{"runtime":382}}