{"Time Taken to Run the Code(Mins)":0.33877285321553546,"_wandb":{"runtime":19},"_runtime":19,"_step":12,"_timestamp":1.7574178774450972e+09,"Accuracy":38.39,"chance_level":10,"Timestep":10}