{"_step":12,"chance_level":10,"Timestep":10,"Accuracy":32.4,"Time Taken to Run the Code(Mins)":7.301490529378255,"_wandb":{"runtime":436},"_runtime":436,"_timestamp":1.7582211773431349e+09}