{"Accuracy":38.36,"chance_level":10,"Time Taken to Run the Code(Mins)":9.350071974595387,"_wandb":{"runtime":559},"_runtime":559,"_timestamp":1.7579284871905653e+09,"_step":12,"Timestep":10}