{"Accuracy":54.74,"chance_level":10,"_wandb":{"runtime":15},"_runtime":15.897084938,"Timestep":10,"Time Taken to Run the Code(Mins)":0.26993051369984944,"_step":12,"_timestamp":1.7519679950893354e+09,"MediaLogs/gauss_0.4":{"sha256":"9e1134f3eccd4afbd08f42ea855354228da2f6401a3ca3d434708c91e5131886","size":21177,"path":"media/images/MediaLogs/gauss_0.4_0_9e1134f3eccd4afbd08f.png","format":"png","width":138,"height":70,"caption":"Noisy Images: gauss 0.4","_type":"image-file"}}