{"Time Taken to Run the Code(Mins)":0.3303087512652079,"_wandb":{"runtime":18},"_runtime":18,"_step":12,"_timestamp":1.7574354531834826e+09,"Accuracy":36.36,"chance_level":10,"Timestep":10}