{"Timestep":10,"Accuracy":38.38,"chance_level":10,"Time Taken to Run the Code(Mins)":8.833484367529552,"_wandb":{"runtime":528},"_runtime":528,"_timestamp":1.757927980553808e+09,"_step":12}