{"Accuracy":30.11,"Time Taken to Run the Code(Mins)":7.184272782007853,"_wandb":{"runtime":429},"_runtime":429,"_timestamp":1.7582228282757096e+09,"_step":12,"chance_level":10,"Timestep":10}