{"Time Taken to Run the Code(Mins)":6.686935265858968,"_wandb":{"runtime":399},"_runtime":399,"_timestamp":1.7579515900110536e+09,"_step":12,"Timestep":10,"Accuracy":37.75,"chance_level":10}