{"_step":12,"chance_level":10,"Timestep":10,"Accuracy":29.65,"Time Taken to Run the Code(Mins)":12.700254527727763,"_wandb":{"runtime":760},"_runtime":760,"_timestamp":1.7582054619759786e+09}