{"_timestamp":1.758192525893154e+09,"_step":12,"Timestep":10,"Accuracy":36.36,"chance_level":10,"Time Taken to Run the Code(Mins)":7.303522074222565,"_wandb":{"runtime":436},"_runtime":436}