{"Timestep":10,"Time Taken to Run the Code(Mins)":8.575749286015828,"_wandb":{"runtime":512},"_runtime":512,"_timestamp":1.7579529928039353e+09,"_step":12,"Accuracy":37.3,"chance_level":10}