{"Time Taken to Run the Code(Mins)":8.42027872800827,"_wandb":{"runtime":503},"_runtime":503,"_timestamp":1.7581874347510016e+09,"_step":12,"chance_level":10,"Timestep":10,"Accuracy":37.22}