{"_runtime":514,"_step":12,"_timestamp":1.7579547139606085e+09,"Timestep":10,"Accuracy":36.18,"chance_level":10,"Time Taken to Run the Code(Mins)":8.598919685681661,"_wandb":{"runtime":514}}