{"_timestamp":1.7581941715291457e+09,"Accuracy":32.46,"chance_level":10,"Timestep":10,"Time Taken to Run the Code(Mins)":6.320250900586446,"_wandb":{"runtime":377},"_runtime":377,"_step":12}