{"_step":12,"Timestep":10,"Accuracy":37.66,"chance_level":10,"Time Taken to Run the Code(Mins)":7.895287724335988,"_wandb":{"runtime":472},"_runtime":472,"_timestamp":1.7579453317391071e+09}