{"Accuracy":62.248345947368065,"_wandb":{"runtime":120},"_runtime":120,"_timestamp":1.7611502153392382e+09,"_step":101,"chance_level":10,"Timestep":100}