{"_timestamp":1.7581979449732451e+09,"_step":12,"Timestep":10,"Accuracy":31.08,"chance_level":10,"Time Taken to Run the Code(Mins)":8.550180379549662,"_wandb":{"runtime":511},"_runtime":511}