{"_step":12,"Time Taken to Run the Code(Mins)":0.27369710206985476,"_wandb":{"runtime":16},"Timestep":10,"Accuracy":39.14,"MediaLogs/gauss_0.6000000000000001":{"height":70,"caption":"Noisy Images: gauss 0.6000000000000001","_type":"image-file","sha256":"71e7e49c617876a92187f5f8ac37579a945a9374c00d35e39fc54ca17076c745","size":21734,"path":"media/images/MediaLogs/gauss_0.6000000000000001_0_71e7e49c617876a92187.png","format":"png","width":138},"_timestamp":1.75164362346322e+09,"chance_level":10,"_runtime":16.120070544}