{"_runtime":479,"_step":12,"_timestamp":1.7581959599576583e+09,"Timestep":10,"Accuracy":31.73,"chance_level":10,"Time Taken to Run the Code(Mins)":8.022959121068318,"_wandb":{"runtime":479}}