{"chance_level":10,"Time Taken to Run the Code(Mins)":7.941044048468272,"_wandb":{"runtime":474},"_runtime":474,"_step":12,"_timestamp":1.7581879885498695e+09,"Timestep":10,"Accuracy":35.72}