{"_wandb":{"runtime":18},"_runtime":18,"_step":12,"_timestamp":1.7574237716968796e+09,"Timestep":10,"Accuracy":37.74,"chance_level":10,"Time Taken to Run the Code(Mins)":0.33909911712010704}