{"chance_level":10,"Time Taken to Run the Code(Mins)":7.044970579942068,"_wandb":{"runtime":420},"_runtime":420,"_timestamp":1.7581950197977188e+09,"_step":12,"Timestep":10,"Accuracy":31.66}