{"_wandb":{"runtime":15},"_runtime":15.878423588,"_timestamp":1.7519653976176624e+09,"_step":12,"Timestep":10,"Accuracy":51.03,"Time Taken to Run the Code(Mins)":0.2696575085322062,"MediaLogs/s&p_0.02":{"format":"png","width":138,"height":70,"caption":"Noisy Images: s&p 0.02","_type":"image-file","sha256":"6d9678668fc378e1951bb630f4f538672833bbd927b8b3128ea48471d230098d","size":19693,"path":"media/images/MediaLogs/s&p_0.02_0_6d9678668fc378e1951b.png"},"chance_level":10}