{"chance_level":10,"Time Taken to Run the Code(Mins)":6.775371980667114,"_wandb":{"runtime":405},"_runtime":405,"_timestamp":1.7582160394766688e+09,"_step":12,"Timestep":10,"Accuracy":31.5}