{"_runtime":527,"_timestamp":1.7579261969046242e+09,"_step":12,"Timestep":10,"Accuracy":38.34,"chance_level":10,"Time Taken to Run the Code(Mins)":8.806912672519683,"_wandb":{"runtime":527}}