{"_step":12,"Timestep":10,"Accuracy":33.8,"chance_level":10,"Time Taken to Run the Code(Mins)":5.764212691783905,"_wandb":{"runtime":344},"_runtime":344,"_timestamp":1.7581913913823423e+09}