{"_wandb":{"runtime":562},"_runtime":562,"_timestamp":1.7579465972790532e+09,"_step":12,"Timestep":10,"Accuracy":37.23,"chance_level":10,"Time Taken to Run the Code(Mins)":9.398565566539764}