{"_timestamp":1.7515444274823587e+09,"Timestep":10,"Time Taken to Run the Code(Mins)":0.2725643595059713,"_step":12,"MediaLogs/gauss_0.02":{"caption":"Noisy Images: gauss 0.02","_type":"image-file","sha256":"5e20f382c4cf0c521504d5dacaefd9b6ba260472feb927e28d65237353ec6f3f","size":18675,"path":"media/images/MediaLogs/gauss_0.02_0_5e20f382c4cf0c521504.png","format":"png","width":138,"height":70},"_wandb":{"runtime":16},"_runtime":16.048219524,"chance_level":10,"Accuracy":61.91}