{"_step":12,"Timestep":10,"Accuracy":36.42,"chance_level":10,"Time Taken to Run the Code(Mins)":6.584890627861023,"_wandb":{"runtime":393},"_runtime":393,"_timestamp":1.7581928923681371e+09}