{"_runtime":604,"_step":12,"_timestamp":1.7579372094470153e+09,"Timestep":10,"Accuracy":37.99,"chance_level":10,"Time Taken to Run the Code(Mins)":10.110189366340638,"_wandb":{"runtime":604}}