{"Time Taken to Run the Code(Mins)":5.102965994675954,"_wandb":{"runtime":304},"_runtime":304,"_timestamp":1.7570861968984954e+09,"_step":12,"chance_level":10,"Timestep":10,"Accuracy":32.56}