{"_wandb":{"runtime":433},"_runtime":433,"_timestamp":1.7579589913962705e+09,"_step":12,"Timestep":10,"Accuracy":36.99,"chance_level":10,"Time Taken to Run the Code(Mins)":7.254434204101562}