{"Time Taken to Run the Code(Mins)":0.3383869489034017,"_wandb":{"runtime":19},"_runtime":19,"_timestamp":1.757444851955213e+09,"_step":12,"Timestep":10,"Accuracy":36.86,"chance_level":10}