{"Accuracy":36.5,"chance_level":10,"Time Taken to Run the Code(Mins)":10.617743730545044,"_wandb":{"runtime":635},"_runtime":635,"_timestamp":1.7579424166601691e+09,"_step":12,"Timestep":10}