{"Accuracy":31.42,"chance_level":10,"Time Taken to Run the Code(Mins)":7.858062477906545,"_wandb":{"runtime":470},"_runtime":470,"_timestamp":1.7582002062921546e+09,"_step":12,"Timestep":10}