{"Accuracy":31.31,"Time Taken to Run the Code(Mins)":8.325497651100159,"_wandb":{"runtime":498},"_runtime":498,"_step":12,"_timestamp":1.758196866040683e+09,"chance_level":10,"Timestep":10}