{"_timestamp":1.7582155068895106e+09,"_step":12,"Timestep":10,"Accuracy":31.11,"chance_level":10,"Time Taken to Run the Code(Mins)":6.991916306813558,"_wandb":{"runtime":418},"_runtime":418}