{"_wandb":{"runtime":16},"_step":12,"chance_level":10,"MediaLogs/gauss_0.0":{"width":138,"height":70,"caption":"Noisy Images: gauss 0.0","_type":"image-file","sha256":"1351f578828d886452347dc6a8a5d01cff2cec649d66f35cdd7f696cc437603a","size":18482,"path":"media/images/MediaLogs/gauss_0.0_0_1351f578828d88645234.png","format":"png"},"_runtime":16.075777644,"Timestep":10,"_timestamp":1.7516389683101993e+09,"Accuracy":68.49,"Time Taken to Run the Code(Mins)":0.27297952175140383}