{"_step":12,"Timestep":10,"Accuracy":29.67,"chance_level":10,"Time Taken to Run the Code(Mins)":12.769348057111104,"_wandb":{"runtime":764},"_runtime":764,"_timestamp":1.7582054662732232e+09}