{"Timestep":10,"Time Taken to Run the Code(Mins)":0.27308103640874226,"_runtime":16.080007161,"chance_level":10,"MediaLogs/gauss_0.6000000000000001":{"caption":"Noisy Images: gauss 0.6000000000000001","_type":"image-file","sha256":"71e7e49c617876a92187f5f8ac37579a945a9374c00d35e39fc54ca17076c745","size":21734,"path":"media/images/MediaLogs/gauss_0.6000000000000001_0_71e7e49c617876a92187.png","format":"png","width":138,"height":70},"_step":12,"_wandb":{"runtime":16},"Accuracy":49.01,"_timestamp":1.7516526255052116e+09}