{"chance_level":10,"Time Taken to Run the Code(Mins)":8.86559491554896,"_wandb":{"runtime":530},"_runtime":530,"_timestamp":1.757928659842678e+09,"_step":12,"Timestep":10,"Accuracy":38.34}