{"_runtime":567,"_timestamp":1.757925037865451e+09,"_step":12,"chance_level":10,"Timestep":10,"Accuracy":38.39,"Time Taken to Run the Code(Mins)":9.47696772813797,"_wandb":{"runtime":567}}