{"_wandb":{"runtime":547},"_runtime":547,"_timestamp":1.7582101807740498e+09,"_step":12,"Timestep":10,"Accuracy":30.5,"chance_level":10,"Time Taken to Run the Code(Mins)":9.155047861735026}