{"_wandb":{"runtime":16},"MediaLogs/gauss_0.0":{"sha256":"1351f578828d886452347dc6a8a5d01cff2cec649d66f35cdd7f696cc437603a","size":18482,"path":"media/images/MediaLogs/gauss_0.0_0_1351f578828d88645234.png","format":"png","width":138,"height":70,"caption":"Noisy Images: gauss 0.0","_type":"image-file"},"_timestamp":1.751644387991357e+09,"chance_level":10,"_step":12,"_runtime":16.148670582,"Timestep":10,"Accuracy":67.79,"Time Taken to Run the Code(Mins)":0.2742411295572917}