{"_timestamp":1.757429179875257e+09,"_step":12,"Accuracy":37.07,"chance_level":10,"Timestep":10,"Time Taken to Run the Code(Mins)":0.3421204209327698,"_wandb":{"runtime":19},"_runtime":19}