{"Time Taken to Run the Code(Mins)":9.706701735655466,"_wandb":{"runtime":580},"_runtime":580,"_timestamp":1.7582079140401795e+09,"_step":12,"Timestep":10,"Accuracy":34.28,"chance_level":10}