{"_step":0,"Time Taken to Run the Code(Mins)":0.26551615794499717,"_timestamp":1.757071194674018e+09,"_wandb":{"runtime":14},"_runtime":14}