{"Time Taken to Run the Code(Mins)":8.905369301637014,"_wandb":{"runtime":532},"_runtime":532,"_step":12,"_timestamp":1.758198028339299e+09,"Timestep":10,"Accuracy":36.42,"chance_level":10}