{"_wandb":{"runtime":18},"_runtime":18,"_timestamp":1.757422341102231e+09,"_step":12,"Timestep":10,"Accuracy":38.33,"chance_level":10,"Time Taken to Run the Code(Mins)":0.3296473185221354}