{"_timestamp":1.7513838386902416e+09,"_runtime":15.528833572,"_step":11,"Time Taken to Run the Code(Mins)":0.26280623277028403,"_wandb":{"runtime":15},"Timestep":10,"Accuracy":59.73}