{"Time Taken to Run the Code(Mins)":0.3265627900759379,"_wandb":{"runtime":18},"_runtime":18,"_timestamp":1.7574258089297385e+09,"_step":12,"Accuracy":37.6,"chance_level":10,"Timestep":10}