{"_runtime":352,"_timestamp":1.758213879136196e+09,"_step":12,"Timestep":10,"Accuracy":35.14,"chance_level":10,"Time Taken to Run the Code(Mins)":5.901024389266968,"_wandb":{"runtime":352}}