{"_timestamp":1.7579381858872838e+09,"_step":12,"Timestep":10,"Accuracy":37.47,"chance_level":10,"Time Taken to Run the Code(Mins)":7.654651828606924,"_wandb":{"runtime":457},"_runtime":457}