{"Timestep":10,"Accuracy":38.27,"chance_level":10,"Time Taken to Run the Code(Mins)":9.139140899976095,"_wandb":{"runtime":546},"_runtime":546,"_timestamp":1.7579432843583093e+09,"_step":12}