{"Accuracy":37.04,"chance_level":10,"Time Taken to Run the Code(Mins)":0.3372376004854838,"_wandb":{"runtime":19},"_runtime":19,"_step":12,"_timestamp":1.7574298028907475e+09,"Timestep":10}