{"chance_level":10,"Time Taken to Run the Code(Mins)":0.3414994994799296,"_wandb":{"runtime":19},"_runtime":19,"_timestamp":1.7574380001694093e+09,"_step":12,"Timestep":10,"Accuracy":38.28}