{"chance_level":10,"_timestamp":1.7568273833366938e+09,"_step":11,"Timestep":10,"Accuracy":37.806,"Time Taken to Run the Code(Mins)":1.739436642328898,"_wandb":{"runtime":102},"_runtime":102}