{"_step":12,"Timestep":10,"Accuracy":38.31,"chance_level":10,"Time Taken to Run the Code(Mins)":0.32814319531122843,"_wandb":{"runtime":18},"_runtime":18,"_timestamp":1.757436889027273e+09}