{"Accuracy":33.88,"chance_level":10,"Time Taken to Run the Code(Mins)":7.693779146671295,"_wandb":{"runtime":460},"_runtime":460,"_step":12,"_timestamp":1.758192117474099e+09,"Timestep":10}