{"_step":12,"_timestamp":1.7579460165034199e+09,"Accuracy":37.17,"chance_level":10,"Timestep":10,"Time Taken to Run the Code(Mins)":8.14244794845581,"_wandb":{"runtime":487},"_runtime":487}