{"_wandb":{"runtime":277},"_runtime":277,"_timestamp":1.7570876898063843e+09,"_step":12,"Timestep":10,"Accuracy":32.42,"chance_level":10,"Time Taken to Run the Code(Mins)":4.637786030769348}