{"_wandb":{"runtime":451},"_runtime":451,"_step":12,"_timestamp":1.7579565487991152e+09,"Timestep":10,"Accuracy":38.42,"chance_level":10,"Time Taken to Run the Code(Mins)":7.548790168762207}