{"Time Taken to Run the Code(Mins)":7.474347376823426,"_wandb":{"runtime":447},"_runtime":447,"_timestamp":1.7581977230153084e+09,"_step":12,"Timestep":10,"Accuracy":31.09,"chance_level":10}