{"_step":11,"Timestep":10,"Accuracy":68.53,"_timestamp":1.7513749868198962e+09,"Time Taken to Run the Code(Mins)":0.25848693450291954,"_wandb":{"runtime":15},"_runtime":15.268443429}