{"_runtime":458,"_step":12,"_timestamp":1.758219464936494e+09,"Timestep":10,"Accuracy":36.07,"chance_level":10,"Time Taken to Run the Code(Mins)":7.673100340366363,"_wandb":{"runtime":458}}