{"_timestamp":1.7570907348241072e+09,"Timestep":10,"Accuracy":33.03,"chance_level":10,"Time Taken to Run the Code(Mins)":4.652668662865957,"_wandb":{"runtime":277},"_runtime":277,"_step":12}