{"MediaLogs/s&p_0.0":{"height":70,"caption":"Noisy Images: s&p 0.0","_type":"image-file","sha256":"1351f578828d886452347dc6a8a5d01cff2cec649d66f35cdd7f696cc437603a","size":18482,"path":"media/images/MediaLogs/s&p_0.0_0_1351f578828d88645234.png","format":"png","width":138},"_timestamp":1.7516474095633044e+09,"_runtime":15.976430715,"_step":12,"chance_level":10,"Timestep":10,"Time Taken to Run the Code(Mins)":0.2713218728701274,"_wandb":{"runtime":15},"Accuracy":58.23}