{"chance_level":10,"Time Taken to Run the Code(Mins)":7.001524599393209,"_wandb":{"runtime":418},"_runtime":418,"_step":12,"_timestamp":1.7581911250298629e+09,"Timestep":10,"Accuracy":34.06}