{"_timestamp":1.7515308151563802e+09,"MediaLogs/s&p_0.0":{"size":18482,"path":"media/images/MediaLogs/s&p_0.0_0_1351f578828d88645234.png","format":"png","width":138,"height":70,"caption":"Noisy Images: s&p 0.0","_type":"image-file","sha256":"1351f578828d886452347dc6a8a5d01cff2cec649d66f35cdd7f696cc437603a"},"_step":12,"Accuracy":66.84,"_runtime":15.905117147,"Timestep":10,"Time Taken to Run the Code(Mins)":0.270088259379069,"_wandb":{"runtime":15},"chance_level":10}