{"Timestep":10,"Accuracy":34,"chance_level":10,"Time Taken to Run the Code(Mins)":7.261379134654999,"_wandb":{"runtime":433},"_runtime":433,"_timestamp":1.7582197740070927e+09,"_step":12}