{"Time Taken to Run the Code(Mins)":9.232951056957244,"_wandb":{"runtime":552},"_runtime":552,"_timestamp":1.7579512282596488e+09,"_step":12,"Timestep":10,"Accuracy":37.69,"chance_level":10}