{"Timestep":10,"Time Taken to Run the Code(Mins)":11.138392424583435,"_wandb":{"runtime":666},"_runtime":666,"_timestamp":1.7579424732261775e+09,"_step":12,"Accuracy":36.51,"chance_level":10}