{"_wandb":{"runtime":474},"_runtime":474,"_timestamp":1.7581985645460308e+09,"_step":12,"Timestep":10,"Accuracy":36.59,"chance_level":10,"Time Taken to Run the Code(Mins)":7.932766882578532}