{"_timestamp":1.757433692075213e+09,"_step":12,"chance_level":10,"Timestep":10,"Accuracy":37.42,"Time Taken to Run the Code(Mins)":0.3687923550605774,"_wandb":{"runtime":19},"_runtime":19}