{"Accuracy":38.27,"chance_level":10,"Time Taken to Run the Code(Mins)":0.32955109278361,"_wandb":{"runtime":18},"_runtime":18,"_timestamp":1.7574377282203124e+09,"_step":12,"Timestep":10}