{"_timestamp":1.7574352622066174e+09,"_step":12,"Accuracy":36.28,"chance_level":10,"Timestep":10,"Time Taken to Run the Code(Mins)":0.3268869400024414,"_wandb":{"runtime":18},"_runtime":18}