{"Timestep":10,"Accuracy":33.07,"chance_level":10,"Time Taken to Run the Code(Mins)":4.027911567687989,"_wandb":{"runtime":240},"_runtime":240,"_step":12,"_timestamp":1.757083046093179e+09}