{"_runtime":494,"_step":12,"_timestamp":1.7579349242929096e+09,"Timestep":10,"Accuracy":37.58,"chance_level":10,"Time Taken to Run the Code(Mins)":8.275418329238892,"_wandb":{"runtime":494}}