{"_timestamp":1.7582203714125473e+09,"Timestep":10,"Accuracy":34.2,"chance_level":10,"Time Taken to Run the Code(Mins)":6.682413709163666,"_wandb":{"runtime":399},"_runtime":399,"_step":12}