{"Time Taken to Run the Code(Mins)":0.2724504788716634,"MediaLogs/gauss_0.0":{"format":"png","width":138,"height":70,"caption":"Noisy Images: gauss 0.0","_type":"image-file","sha256":"1351f578828d886452347dc6a8a5d01cff2cec649d66f35cdd7f696cc437603a","size":18482,"path":"media/images/MediaLogs/gauss_0.0_0_1351f578828d88645234.png"},"_timestamp":1.7514670645539331e+09,"_step":12,"Accuracy":57.77,"_wandb":{"runtime":16},"_runtime":16.064213884,"Timestep":10,"chance_level":10}