{"_timestamp":1.751383534341971e+09,"_runtime":15.44654867,"_step":11,"Timestep":10,"Time Taken to Run the Code(Mins)":0.2614735126495361,"_wandb":{"runtime":15},"Accuracy":56.16}