{"_runtime":600,"_timestamp":1.7579401339934967e+09,"_step":12,"Timestep":10,"Accuracy":37.03,"chance_level":10,"Time Taken to Run the Code(Mins)":10.039757176240284,"_wandb":{"runtime":600}}