{"Time Taken to Run the Code(Mins)":9.226898662249248,"_wandb":{"runtime":551},"_runtime":551,"_timestamp":1.7579501130891862e+09,"_step":12,"Timestep":10,"Accuracy":38.27,"chance_level":10}