{"Time Taken to Run the Code(Mins)":0.2663071592648824,"_wandb":{"runtime":15},"_timestamp":1.7516374867296712e+09,"Accuracy":49.42,"MediaLogs/s&p_0.02":{"width":138,"height":70,"caption":"Noisy Images: s&p 0.02","_type":"image-file","sha256":"6d9678668fc378e1951bb630f4f538672833bbd927b8b3128ea48471d230098d","size":19693,"path":"media/images/MediaLogs/s&p_0.02_0_6d9678668fc378e1951b.png","format":"png"},"_runtime":15.677865842,"_step":12,"chance_level":10,"Timestep":10}