{"Time Taken to Run the Code(Mins)":6.554812324047089,"_wandb":{"runtime":392},"_runtime":392,"_timestamp":1.7582135456232176e+09,"_step":12,"chance_level":10,"Timestep":10,"Accuracy":34.98}