{"_wandb":{"runtime":18},"_runtime":18,"_timestamp":1.7574284766328297e+09,"_step":12,"Timestep":10,"Accuracy":37.3,"chance_level":10,"Time Taken to Run the Code(Mins)":0.3257852037747701}