{"Accuracy":33.17,"chance_level":10,"Timestep":10,"Time Taken to Run the Code(Mins)":4.9072488903999325,"_wandb":{"runtime":292},"_runtime":292,"_timestamp":1.757082797451498e+09,"_step":12}