{"_step":12,"Timestep":10,"Accuracy":31.75,"chance_level":10,"Time Taken to Run the Code(Mins)":8.10325131813685,"_wandb":{"runtime":484},"_runtime":484,"_timestamp":1.758195956814419e+09}