{"Timestep":10,"Accuracy":37.69,"chance_level":10,"Time Taken to Run the Code(Mins)":10.078798532485962,"_wandb":{"runtime":603},"_runtime":603,"_step":12,"_timestamp":1.7579311881796587e+09}