{"_step":12,"Timestep":10,"Accuracy":37.56,"chance_level":10,"Time Taken to Run the Code(Mins)":0.330951996644338,"_wandb":{"runtime":18},"_runtime":18,"_timestamp":1.7574264649166045e+09}