{"Time Taken to Run the Code(Mins)":10.052176642417908,"_wandb":{"runtime":601},"_runtime":601,"_step":12,"_timestamp":1.7582067057255018e+09,"Timestep":10,"Accuracy":37,"chance_level":10}