{"_timestamp":1.75821785723171e+09,"Timestep":10,"Accuracy":29.8,"chance_level":10,"Time Taken to Run the Code(Mins)":7.506110843022665,"_wandb":{"runtime":449},"_runtime":449,"_step":12}