{"_step":12,"_timestamp":1.7570748383868513e+09,"Timestep":10,"Accuracy":31.68,"chance_level":10,"Time Taken to Run the Code(Mins)":4.61310201883316,"_wandb":{"runtime":275},"_runtime":275}