{"chance_level":10,"Time Taken to Run the Code(Mins)":0.32847103277842205,"_wandb":{"runtime":18},"_runtime":18,"_timestamp":1.7574430459230244e+09,"_step":12,"Timestep":10,"Accuracy":38.5}