{"_step":12,"Accuracy":37.68,"chance_level":10,"Timestep":10,"Time Taken to Run the Code(Mins)":5.4658289829889934,"_wandb":{"runtime":326},"_runtime":326,"_timestamp":1.758213290086007e+09}