{"Accuracy":36.5,"chance_level":10,"Timestep":10,"Time Taken to Run the Code(Mins)":6.3183999021848045,"_wandb":{"runtime":377},"_runtime":377,"_timestamp":1.757960073755834e+09,"_step":12}