{"_step":12,"Timestep":10,"Accuracy":36.3,"chance_level":10,"Time Taken to Run the Code(Mins)":0.34290071328481037,"_wandb":{"runtime":19},"_runtime":19,"_timestamp":1.7574309978366268e+09}