{"_step":12,"Timestep":10,"Accuracy":37.14,"chance_level":10,"Time Taken to Run the Code(Mins)":7.045382078488668,"_wandb":{"runtime":421},"_runtime":421,"_timestamp":1.7579520324534385e+09}