{"Time Taken to Run the Code(Mins)":0.3485600670178731,"_wandb":{"runtime":19},"_runtime":19,"_step":12,"_timestamp":1.757419782873327e+09,"chance_level":10,"Timestep":10,"Accuracy":38.33}