{"chance_level":10,"Time Taken to Run the Code(Mins)":6.359101148446401,"_wandb":{"runtime":380},"_runtime":380,"_timestamp":1.7582136964944234e+09,"_step":12,"Timestep":10,"Accuracy":35.17}