{"chance_level":10,"Time Taken to Run the Code(Mins)":9.086965537071228,"_wandb":{"runtime":543},"_runtime":543,"_step":12,"_timestamp":1.7581984891512847e+09,"Timestep":10,"Accuracy":36.47}