{"chance_level":10,"Time Taken to Run the Code(Mins)":9.104576361179351,"_wandb":{"runtime":545},"_runtime":545,"_timestamp":1.7582090523443847e+09,"_step":12,"Timestep":10,"Accuracy":31.99}