{"_step":12,"MediaLogs/gauss_0.8":{"sha256":"3e6aae1b7f1783e24a2fdf2fafdfc8cb8009c8ddbf7b5ed78fc7284d6a1d7e55","size":22076,"path":"media/images/MediaLogs/gauss_0.8_0_3e6aae1b7f1783e24a2f.png","format":"png","width":138,"height":70,"caption":"Noisy Images: gauss 0.8","_type":"image-file"},"_wandb":{"runtime":16},"_timestamp":1.7516437433461225e+09,"Accuracy":30.96,"chance_level":10,"Timestep":10,"_runtime":16.25115951,"Time Taken to Run the Code(Mins)":0.2759671449661255}