{"Accuracy":66.3,"Time Taken to Run the Code(Mins)":0.27042766014734904,"_runtime":15.920521198,"chance_level":10,"MediaLogs/gauss_0.0":{"sha256":"1351f578828d886452347dc6a8a5d01cff2cec649d66f35cdd7f696cc437603a","size":18482,"path":"media/images/MediaLogs/gauss_0.0_0_1351f578828d88645234.png","format":"png","width":138,"height":70,"caption":"Noisy Images: gauss 0.0","_type":"image-file"},"_step":12,"_wandb":{"runtime":15},"_timestamp":1.751529551055304e+09,"Timestep":10}