{"_timestamp":1.757442484043009e+09,"_step":12,"chance_level":10,"Timestep":10,"Accuracy":38.51,"Time Taken to Run the Code(Mins)":0.3459812641143799,"_wandb":{"runtime":19},"_runtime":19}