{"_timestamp":1.7582229684373636e+09,"_step":12,"Timestep":10,"Accuracy":30.64,"chance_level":10,"Time Taken to Run the Code(Mins)":2.0037776708602903,"_wandb":{"runtime":118},"_runtime":118}