{"Accuracy":37.21,"chance_level":10,"Timestep":10,"Time Taken to Run the Code(Mins)":9.202340412139893,"_wandb":{"runtime":551},"_runtime":551,"_timestamp":1.7581874845493562e+09,"_step":12}