{"Timestep":10,"Accuracy":37.06,"Time Taken to Run the Code(Mins)":0.3276565432548523,"_wandb":{"runtime":18},"_runtime":18,"_timestamp":1.7574293405072882e+09,"_step":12,"chance_level":10}