{"Timestep":10,"Time Taken to Run the Code(Mins)":0.33498619397481283,"_wandb":{"runtime":19},"_runtime":19,"_timestamp":1.7574215771980712e+09,"_step":12,"Accuracy":38.39,"chance_level":10}