{"_step":12,"Timestep":10,"Accuracy":37.67,"chance_level":10,"Time Taken to Run the Code(Mins)":0.33190990686416627,"_wandb":{"runtime":18},"_runtime":18,"_timestamp":1.7574385573425386e+09}