{"Accuracy":29.82,"chance_level":10,"Time Taken to Run the Code(Mins)":12.555055189132691,"_wandb":{"runtime":751},"_runtime":751,"_timestamp":1.7582060516222267e+09,"_step":12,"Timestep":10}