{"Timestep":10,"Time Taken to Run the Code(Mins)":4.795052492618561,"_wandb":{"runtime":286},"_runtime":286,"_step":12,"_timestamp":1.7570900260560443e+09,"Accuracy":31.33,"chance_level":10}