{"_wandb":{"runtime":19},"_runtime":19,"_timestamp":1.7574371322477949e+09,"_step":12,"chance_level":10,"Timestep":10,"Accuracy":38.26,"Time Taken to Run the Code(Mins)":0.3431437134742737}