{"Timestep":10,"Accuracy":37.74,"chance_level":10,"Time Taken to Run the Code(Mins)":0.33173206249872844,"_wandb":{"runtime":18},"_runtime":18,"_timestamp":1.757423743878264e+09,"_step":12}