{"Accuracy":35.15,"chance_level":10,"Time Taken to Run the Code(Mins)":8.382247336705525,"_wandb":{"runtime":501},"_runtime":501,"_step":12,"_timestamp":1.758213691905659e+09,"Timestep":10}