{"Time Taken to Run the Code(Mins)":3.918442110220591,"_wandb":{"runtime":233},"_runtime":233,"_step":12,"_timestamp":1.757084484132867e+09,"Timestep":10,"Accuracy":32.5,"chance_level":10}