{"_runtime":922,"_step":12,"_timestamp":1.7582036477274408e+09,"Timestep":10,"Accuracy":29.89,"chance_level":10,"Time Taken to Run the Code(Mins)":15.408364383379618,"_wandb":{"runtime":922}}