{"_timestamp":1.7581911712064164e+09,"Timestep":10,"Accuracy":34.07,"chance_level":10,"Time Taken to Run the Code(Mins)":7.254213627179464,"_wandb":{"runtime":434},"_runtime":434,"_step":12}