{"_timestamp":1.7579447837776356e+09,"_step":12,"Timestep":10,"Accuracy":38.21,"chance_level":10,"Time Taken to Run the Code(Mins)":8.558888828754425,"_wandb":{"runtime":507},"_runtime":507}