{"_runtime":606,"_timestamp":1.7579244443353748e+09,"_step":12,"chance_level":10,"Timestep":10,"Accuracy":38.34,"Time Taken to Run the Code(Mins)":10.128758776187897,"_wandb":{"runtime":606}}