{"Time Taken to Run the Code(Mins)":6.9981910745302836,"_wandb":{"runtime":418},"_runtime":418,"_timestamp":1.7582211553576384e+09,"_step":12,"Timestep":10,"Accuracy":32.4,"chance_level":10}