{"_runtime":506,"_timestamp":1.7581988414459844e+09,"_step":12,"Timestep":10,"Accuracy":36.69,"chance_level":10,"Time Taken to Run the Code(Mins)":8.466731282075246,"_wandb":{"runtime":506}}