{"Time Taken to Run the Code(Mins)":8.782932535807292,"_wandb":{"runtime":525},"_runtime":525,"_timestamp":1.7579534904012446e+09,"_step":12,"Timestep":10,"Accuracy":36.72,"chance_level":10}