{"Accuracy":38.08,"Time Taken to Run the Code(Mins)":0.34925769567489623,"_wandb":{"runtime":19},"_runtime":19,"_timestamp":1.7574228345252779e+09,"_step":12,"chance_level":10,"Timestep":10}