{"_step":12,"Accuracy":29.44,"chance_level":10,"Timestep":10,"Time Taken to Run the Code(Mins)":6.944651329517365,"_wandb":{"runtime":415},"_runtime":415,"_timestamp":1.75821725159006e+09}