{"Accuracy":37.01,"chance_level":10,"Time Taken to Run the Code(Mins)":11.173826666673024,"_wandb":{"runtime":667},"_runtime":667,"_step":12,"_timestamp":1.757941153615744e+09,"Timestep":10}