{"Timestep":10,"Accuracy":37.55,"chance_level":10,"Time Taken to Run the Code(Mins)":10.088695236047108,"_wandb":{"runtime":603},"_runtime":603,"_timestamp":1.7579325630022538e+09,"_step":12}