{"_timestamp":1.757444467184205e+09,"_step":12,"Timestep":10,"Accuracy":37.3,"chance_level":10,"Time Taken to Run the Code(Mins)":0.33316651185353596,"_wandb":{"runtime":18},"_runtime":18}