{"Timestep":10,"Accuracy":37.14,"chance_level":10,"Time Taken to Run the Code(Mins)":9.040189556280772,"_wandb":{"runtime":541},"_runtime":541,"_timestamp":1.7579460468395045e+09,"_step":12}