{"Accuracy":38.02,"chance_level":10,"Time Taken to Run the Code(Mins)":10.438376180330913,"_wandb":{"runtime":624},"_runtime":624,"_step":12,"_timestamp":1.7579225675394785e+09,"Timestep":10}