{"_timestamp":1.7579384798327348e+09,"_step":12,"Timestep":10,"Accuracy":37.55,"chance_level":10,"Time Taken to Run the Code(Mins)":10.608018934726715,"_wandb":{"runtime":634},"_runtime":634}