{"_runtime":551,"_step":12,"_timestamp":1.7579530001876e+09,"chance_level":10,"Timestep":10,"Accuracy":37.23,"Time Taken to Run the Code(Mins)":9.212573305765789,"_wandb":{"runtime":551}}