{"Time Taken to Run the Code(Mins)":4.815140748023987,"_wandb":{"runtime":287},"_runtime":287,"_timestamp":1.758211881727368e+09,"_step":12,"Timestep":10,"Accuracy":29.09,"chance_level":10}