{"_timestamp":1.757421821411871e+09,"_step":12,"chance_level":10,"Timestep":10,"Accuracy":38.35,"Time Taken to Run the Code(Mins)":0.33620635271072385,"_wandb":{"runtime":19},"_runtime":19}