{"Time Taken to Run the Code(Mins)":16.085849138100944,"_wandb":{"runtime":962},"_runtime":962,"_step":12,"_timestamp":1.7582034062072222e+09,"Timestep":10,"Accuracy":30.79,"chance_level":10}