{"_runtime":18,"_timestamp":1.7574440283849971e+09,"_step":12,"Accuracy":37.3,"chance_level":10,"Timestep":10,"Time Taken to Run the Code(Mins)":0.3345571001370748,"_wandb":{"runtime":18}}