{"chance_level":10,"Time Taken to Run the Code(Mins)":0.334564753373464,"_wandb":{"runtime":19},"_runtime":19,"_step":12,"_timestamp":1.7574186653540478e+09,"Timestep":10,"Accuracy":38.33}