{"_runtime":398,"_timestamp":1.7582179543871052e+09,"_step":12,"chance_level":10,"Timestep":10,"Accuracy":37.91,"Time Taken to Run the Code(Mins)":6.671972918510437,"_wandb":{"runtime":398}}