{"_step":12,"Timestep":10,"Accuracy":38.36,"chance_level":10,"Time Taken to Run the Code(Mins)":8.857243883609772,"_wandb":{"runtime":530},"_runtime":530,"_timestamp":1.7579258354131005e+09}