{"Timestep":10,"Accuracy":38.37,"chance_level":10,"Time Taken to Run the Code(Mins)":9.11851540406545,"_wandb":{"runtime":545},"_runtime":545,"_timestamp":1.757924113145578e+09,"_step":12}