{"Time Taken to Run the Code(Mins)":8.205358052253723,"_wandb":{"runtime":490},"_runtime":490,"_step":12,"_timestamp":1.7582141900515542e+09,"Timestep":10,"Accuracy":35.2,"chance_level":10}