{"Timestep":10,"Accuracy":37.01,"Time Taken to Run the Code(Mins)":0.33477075894673664,"_wandb":{"runtime":19},"_runtime":19,"_timestamp":1.757434176479501e+09,"_step":12,"chance_level":10}