{"_wandb":{"runtime":521},"_runtime":521,"_timestamp":1.7579540847287142e+09,"_step":12,"Timestep":10,"Accuracy":36.94,"chance_level":10,"Time Taken to Run the Code(Mins)":8.713502061367034}