{"Accuracy":64.12,"chance_level":10,"MediaLogs/gauss_0.0":{"caption":"Noisy Images: gauss 0.0","_type":"image-file","sha256":"1351f578828d886452347dc6a8a5d01cff2cec649d66f35cdd7f696cc437603a","size":18482,"path":"media/images/MediaLogs/gauss_0.0_0_1351f578828d88645234.png","format":"png","width":138,"height":70},"_runtime":15.996118755,"Time Taken to Run the Code(Mins)":0.2716341376304626,"Timestep":10,"_timestamp":1.7515303866091774e+09,"_wandb":{"runtime":15},"_step":12}