{"_timestamp":1.7514727032956836e+09,"Time Taken to Run the Code(Mins)":0.26857935190200805,"Timestep":10,"chance_level":10,"_runtime":15.809528678,"Accuracy":59.17,"MediaLogs/gauss_0.06":{"_type":"image-file","sha256":"fb4f18abaa786478c902089c03246b573543818264d6cd766815c05412f01760","size":18959,"path":"media/images/MediaLogs/gauss_0.06_0_fb4f18abaa786478c902.png","format":"png","width":138,"height":70,"caption":"Noisy Images: gauss 0.06"},"_step":12,"_wandb":{"runtime":15}}