{"chance_level":10,"Time Taken to Run the Code(Mins)":0.3316359281539917,"_wandb":{"runtime":18},"_runtime":18,"_step":12,"_timestamp":1.7574204636388106e+09,"Timestep":10,"Accuracy":38.41}