{"Timestep":10,"Accuracy":36.11,"chance_level":10,"Time Taken to Run the Code(Mins)":9.461761530240377,"_wandb":{"runtime":566},"_runtime":566,"_step":12,"_timestamp":1.7579483778062823e+09}