{"_step":12,"Timestep":10,"Accuracy":38.16,"chance_level":10,"Time Taken to Run the Code(Mins)":10.086413963635762,"_wandb":{"runtime":604},"_runtime":604,"_timestamp":1.757929954340702e+09}