{"_timestamp":1.7574437243495078e+09,"_step":12,"Timestep":10,"Accuracy":37.98,"chance_level":10,"Time Taken to Run the Code(Mins)":0.33018890221913655,"_wandb":{"runtime":18},"_runtime":18}