{"_step":12,"Timestep":10,"Accuracy":38.35,"chance_level":10,"Time Taken to Run the Code(Mins)":8.768849651018778,"_wandb":{"runtime":524},"_runtime":524,"_timestamp":1.757926185362008e+09}