{"chance_level":10,"Time Taken to Run the Code(Mins)":8.989185504118602,"_wandb":{"runtime":537},"_runtime":537,"_step":12,"_timestamp":1.757947167140412e+09,"Timestep":10,"Accuracy":36.41}