{"Accuracy":31.75,"chance_level":10,"Time Taken to Run the Code(Mins)":5.985819796721141,"_wandb":{"runtime":357},"_runtime":357,"_timestamp":1.75819574044073e+09,"_step":12,"Timestep":10}