{"_wandb":{"runtime":18},"_runtime":18,"_timestamp":1.757426683788305e+09,"_step":12,"Timestep":10,"Accuracy":38.34,"chance_level":10,"Time Taken to Run the Code(Mins)":0.33247994979222617}