{"Timestep":10,"Accuracy":37.49,"chance_level":10,"Time Taken to Run the Code(Mins)":7.816551220417023,"_wandb":{"runtime":467},"_runtime":467,"_timestamp":1.7579323007358928e+09,"_step":12}