{"Time Taken to Run the Code(Mins)":6.706659495830536,"_wandb":{"runtime":400},"_runtime":400,"_timestamp":1.7581944573252141e+09,"_step":12,"Timestep":10,"Accuracy":32.58,"chance_level":10}