{"Time Taken to Run the Code(Mins)":4.177794233957926,"_wandb":{"runtime":249},"_runtime":249,"_step":12,"_timestamp":1.7570836406375475e+09,"Timestep":10,"Accuracy":32.75,"chance_level":10}