{"_timestamp":1.7579495425287187e+09,"_step":12,"chance_level":10,"Timestep":10,"Accuracy":38.23,"Time Taken to Run the Code(Mins)":9.123737565676372,"_wandb":{"runtime":545},"_runtime":545}