{"Accuracy":38.14,"chance_level":10,"Time Taken to Run the Code(Mins)":0.3359078844388326,"_wandb":{"runtime":19},"_runtime":19,"_timestamp":1.7574329839321783e+09,"_step":12,"Timestep":10}