{"_timestamp":1.7579243244734795e+09,"_step":12,"Timestep":10,"Accuracy":38.39,"chance_level":10,"Time Taken to Run the Code(Mins)":8.312932316462199,"_wandb":{"runtime":497},"_runtime":497}