{"chance_level":10,"Time Taken to Run the Code(Mins)":8.105466290314991,"_wandb":{"runtime":484},"_runtime":484,"_timestamp":1.7582093765080807e+09,"_step":12,"Timestep":10,"Accuracy":32.07}