{"Timestep":10,"Accuracy":38.16,"chance_level":10,"Time Taken to Run the Code(Mins)":0.3454227010409037,"_wandb":{"runtime":19},"_runtime":19,"_step":12,"_timestamp":1.7574232766639178e+09}