{"_timestamp":1.7574428852253947e+09,"_step":12,"Accuracy":38.53,"chance_level":10,"Timestep":10,"Time Taken to Run the Code(Mins)":0.3225839296976725,"_wandb":{"runtime":18},"_runtime":18}