{"_runtime":552,"_timestamp":1.7579459740903707e+09,"_step":12,"Accuracy":37.02,"chance_level":10,"Timestep":10,"Time Taken to Run the Code(Mins)":9.233341081937153,"_wandb":{"runtime":552}}