{"Timestep":10,"Accuracy":30.26,"chance_level":10,"Time Taken to Run the Code(Mins)":6.944871358076731,"_wandb":{"runtime":415},"_runtime":415,"_step":12,"_timestamp":1.7582229296244407e+09}