{"_timestamp":1.7579597048750658e+09,"_step":12,"Timestep":10,"Accuracy":36.15,"chance_level":10,"Time Taken to Run the Code(Mins)":7.505355032285054,"_wandb":{"runtime":448},"_runtime":448}