{"Time Taken to Run the Code(Mins)":6.730157601833343,"_wandb":{"runtime":402},"_runtime":402,"_timestamp":1.758215606903887e+09,"_step":12,"Timestep":10,"Accuracy":31.24,"chance_level":10}