{"_wandb":{"runtime":605},"_runtime":605,"_step":12,"_timestamp":1.757941451432449e+09,"Timestep":10,"Accuracy":37.03,"chance_level":10,"Time Taken to Run the Code(Mins)":10.13581821123759}