{"chance_level":10,"Timestep":10,"Time Taken to Run the Code(Mins)":8.238969890276591,"_wandb":{"runtime":492},"_runtime":492,"_step":12,"_timestamp":1.7581985055730848e+09,"Accuracy":36.53}