{"chance_level":10,"Time Taken to Run the Code(Mins)":8.063733331362407,"_wandb":{"runtime":482},"_runtime":482,"_step":12,"_timestamp":1.7581940173096192e+09,"Timestep":10,"Accuracy":33.92}