{"Accuracy":37.11,"chance_level":10,"Time Taken to Run the Code(Mins)":0.3351812998453776,"_wandb":{"runtime":19},"_runtime":19,"_timestamp":1.7574392822461796e+09,"_step":12,"Timestep":10}