{"chance_level":10,"Time Taken to Run the Code(Mins)":6.81654014190038,"_wandb":{"runtime":407},"_runtime":407,"_timestamp":1.7582160597228966e+09,"_step":12,"Timestep":10,"Accuracy":29.81}