{"Accuracy":35.94,"chance_level":10,"Time Taken to Run the Code(Mins)":0.32992053429285684,"_wandb":{"runtime":18},"_runtime":18,"_step":12,"_timestamp":1.7574360491633377e+09,"Timestep":10}