{"_wandb":{"runtime":443},"_runtime":443,"_timestamp":1.7579555166034148e+09,"_step":12,"Timestep":10,"Accuracy":38.22,"chance_level":10,"Time Taken to Run the Code(Mins)":7.416883027553558}