{"_wandb":{"runtime":292},"_runtime":292,"_timestamp":1.757086986923432e+09,"_step":12,"Timestep":10,"Accuracy":31.36,"chance_level":10,"Time Taken to Run the Code(Mins)":4.893294099966685}