{"_step":11,"Timestep":10,"Accuracy":69.54,"_timestamp":1.751374963825092e+09,"Time Taken to Run the Code(Mins)":0.26164153814315794,"_wandb":{"runtime":15},"_runtime":15.459009049}