{"_timestamp":1.7582198293727887e+09,"_step":12,"Timestep":10,"Accuracy":33.98,"chance_level":10,"Time Taken to Run the Code(Mins)":6.679086796442667,"_wandb":{"runtime":399},"_runtime":399}