{"Time Taken to Run the Code(Mins)":0.3338084856669108,"_wandb":{"runtime":18},"_runtime":18,"_timestamp":1.7574286657756743e+09,"_step":12,"Timestep":10,"Accuracy":37.33,"chance_level":10}