{"_step":12,"chance_level":10,"Timestep":10,"Accuracy":31.35,"Time Taken to Run the Code(Mins)":8.004874189694723,"_wandb":{"runtime":478},"_runtime":478,"_timestamp":1.758195962258525e+09}