{"_wandb":{"runtime":19},"_runtime":19,"_timestamp":1.7574423489777737e+09,"_step":12,"Timestep":10,"Accuracy":38.45,"chance_level":10,"Time Taken to Run the Code(Mins)":0.3356660008430481}