{"_wandb":{"runtime":17},"Accuracy":69.79,"_step":12,"MediaLogs/gauss_0.06":{"height":70,"caption":"Noisy Images: gauss 0.06","_type":"image-file","sha256":"fb4f18abaa786478c902089c03246b573543818264d6cd766815c05412f01760","size":18959,"path":"media/images/MediaLogs/gauss_0.06_0_fb4f18abaa786478c902.png","format":"png","width":138},"Timestep":10,"_runtime":17.545942939,"chance_level":10,"_timestamp":1.751553205334593e+09,"Time Taken to Run the Code(Mins)":0.29756856759389244}