{"Accuracy":38.36,"Time Taken to Run the Code(Mins)":0.3322851498921712,"_wandb":{"runtime":18},"_runtime":18,"_timestamp":1.7574221784961667e+09,"_step":12,"chance_level":10,"Timestep":10}