{"_timestamp":1.7513773349077992e+09,"_runtime":15.652237765,"_step":11,"Timestep":10,"Accuracy":69.69,"Time Taken to Run the Code(Mins)":0.2648130774497986,"_wandb":{"runtime":15}}