{"Accuracy":37.97,"chance_level":10,"Time Taken to Run the Code(Mins)":8.027144165833791,"_wandb":{"runtime":480},"_runtime":480,"_timestamp":1.7579569455063598e+09,"_step":12,"Timestep":10}