{"_runtime":472,"_timestamp":1.7579482445870197e+09,"_step":12,"Timestep":10,"Accuracy":36.06,"chance_level":10,"Time Taken to Run the Code(Mins)":7.897718485196432,"_wandb":{"runtime":472}}