{"Accuracy":38,"chance_level":10,"Time Taken to Run the Code(Mins)":6.743416762351989,"_wandb":{"runtime":403},"_runtime":403,"_timestamp":1.757957151690384e+09,"_step":12,"Timestep":10}