{"Accuracy":38.17,"chance_level":10,"Time Taken to Run the Code(Mins)":9.213047556082408,"_wandb":{"runtime":551},"_runtime":551,"_timestamp":1.7579495939378505e+09,"_step":12,"Timestep":10}