{"Timestep":10,"Accuracy":38.37,"chance_level":10,"Time Taken to Run the Code(Mins)":11.298947620391846,"_wandb":{"runtime":676},"_runtime":676,"_timestamp":1.7579358786326509e+09,"_step":12}