{"Timestep":10,"Accuracy":30.1,"chance_level":10,"Time Taken to Run the Code(Mins)":16.220080852508545,"_wandb":{"runtime":971},"_runtime":971,"_step":12,"_timestamp":1.7582046756235123e+09}