{"_timestamp":1.757418472032967e+09,"_step":12,"chance_level":10,"Timestep":10,"Accuracy":38.34,"Time Taken to Run the Code(Mins)":0.3332144101460775,"_wandb":{"runtime":19},"_runtime":19}