{"Timestep":10,"Accuracy":37.97,"chance_level":10,"Time Taken to Run the Code(Mins)":0.33622425397237143,"_wandb":{"runtime":19},"_runtime":19,"_timestamp":1.757443751757619e+09,"_step":12}