{"_step":12,"chance_level":10,"Time Taken to Run the Code(Mins)":0.2722824414571126,"MediaLogs/gauss_0.04":{"size":18834,"path":"media/images/MediaLogs/gauss_0.04_0_bc6a87b22c7ea2ae3c6b.png","format":"png","width":138,"height":70,"caption":"Noisy Images: gauss 0.04","_type":"image-file","sha256":"bc6a87b22c7ea2ae3c6b1a757398b7c4a6f48fe11c0f65de8a9386900ca6d63b"},"Timestep":10,"Accuracy":67.27,"_runtime":16.036207922,"_wandb":{"runtime":16},"_timestamp":1.7515354938554513e+09}