{"_runtime":18,"_timestamp":1.75743061661329e+09,"_step":12,"Timestep":10,"Accuracy":36.72,"chance_level":10,"Time Taken to Run the Code(Mins)":0.324230694770813,"_wandb":{"runtime":18}}