{"_wandb":{"runtime":16},"_timestamp":1.7516402637967947e+09,"Timestep":10,"chance_level":10,"MediaLogs/gauss_0.4":{"format":"png","width":138,"height":70,"caption":"Noisy Images: gauss 0.4","_type":"image-file","sha256":"9e1134f3eccd4afbd08f42ea855354228da2f6401a3ca3d434708c91e5131886","size":21177,"path":"media/images/MediaLogs/gauss_0.4_0_9e1134f3eccd4afbd08f.png"},"Time Taken to Run the Code(Mins)":0.27396193742752073,"_step":12,"Accuracy":54.74,"_runtime":16.135087727}