{"chance_level":10,"Timestep":10,"Time Taken to Run the Code(Mins)":7.407158172130584,"_wandb":{"runtime":442},"_runtime":442,"_timestamp":1.7581963444266517e+09,"_step":12,"Accuracy":31.43}