{"Timestep":10,"Accuracy":38.17,"Time Taken to Run the Code(Mins)":8.403990304470062,"_wandb":{"runtime":502},"_runtime":502,"_timestamp":1.757944148126416e+09,"_step":12,"chance_level":10}