{"Time Taken to Run the Code(Mins)":4.689493175347646,"_wandb":{"runtime":279},"_runtime":279,"_timestamp":1.7570887284772773e+09,"_step":12,"Timestep":10,"Accuracy":30.91,"chance_level":10}