{"Accuracy":38.39,"chance_level":10,"Time Taken to Run the Code(Mins)":0.33180689414342246,"_wandb":{"runtime":18},"_runtime":18,"_timestamp":1.757420875055174e+09,"_step":12,"Timestep":10}