{"Time Taken to Run the Code(Mins)":6.891979495684306,"_wandb":{"runtime":412},"_runtime":412,"_timestamp":1.7582160309116683e+09,"_step":12,"Timestep":10,"Accuracy":31.49,"chance_level":10}