{"chance_level":10,"Time Taken to Run the Code(Mins)":0.3354049563407898,"_wandb":{"runtime":19},"_runtime":19,"_timestamp":1.757443862423366e+09,"_step":12,"Timestep":10,"Accuracy":37.96}