{"chance_level":10,"Time Taken to Run the Code(Mins)":8.841886794567108,"_wandb":{"runtime":529},"_runtime":529,"_timestamp":1.7579247904925559e+09,"_step":12,"Timestep":10,"Accuracy":38.37}