{"Timestep":10,"Accuracy":29.92,"chance_level":10,"Time Taken to Run the Code(Mins)":7.340317424138387,"_wandb":{"runtime":439},"_runtime":439,"_timestamp":1.7582163099154632e+09,"_step":12}