{"Accuracy":36.29,"chance_level":10,"Time Taken to Run the Code(Mins)":0.33657373587290446,"_wandb":{"runtime":19},"_runtime":19,"_timestamp":1.7574308897000084e+09,"_step":12,"Timestep":10}