{"Time Taken to Run the Code(Mins)":0.32862886985143025,"_wandb":{"runtime":18},"_runtime":18,"_step":12,"_timestamp":1.7574231653398306e+09,"Timestep":10,"Accuracy":38.12,"chance_level":10}