{"_runtime":584,"_timestamp":1.7579417788372264e+09,"_step":12,"chance_level":10,"Timestep":10,"Accuracy":36.36,"Time Taken to Run the Code(Mins)":9.76338990132014,"_wandb":{"runtime":584}}