{"_timestamp":1.757934377995169e+09,"chance_level":10,"Timestep":10,"Accuracy":37.51,"Time Taken to Run the Code(Mins)":8.467313194274903,"_wandb":{"runtime":506},"_runtime":506,"_step":12}