{"chance_level":10,"_wandb":{"runtime":15},"Timestep":10,"Accuracy":53.7,"_step":12,"_runtime":15.911061491,"Time Taken to Run the Code(Mins)":0.27026484807332357,"_timestamp":1.75164182413033e+09,"MediaLogs/s&p_0.02":{"width":138,"height":70,"caption":"Noisy Images: s&p 0.02","_type":"image-file","sha256":"6d9678668fc378e1951bb630f4f538672833bbd927b8b3128ea48471d230098d","size":19693,"path":"media/images/MediaLogs/s&p_0.02_0_6d9678668fc378e1951b.png","format":"png"}}