{"_timestamp":1.7570745561866424e+09,"_step":12,"Timestep":10,"Accuracy":33.18,"chance_level":10,"Time Taken to Run the Code(Mins)":5.053731874624888,"_wandb":{"runtime":302},"_runtime":302}