{"Accuracy":38.39,"chance_level":10,"Timestep":10,"Time Taken to Run the Code(Mins)":0.32007023493448894,"_wandb":{"runtime":18},"_runtime":18,"_timestamp":1.7574214968185039e+09,"_step":12}