{"_wandb":{"runtime":8952},"_step":199,"_runtime":8952,"Fine_Tuning_With_Classification/test_loss":1.6540077295303344,"Fine_Tuning_With_Classification/Test_Accuracy":38.540000000000006,"Fine_Tuning_With_Classification/Recon_Training_loss":0.00019875748390331866,"Fine_Tuning_With_Classification/train_loss":1.6574136341094972,"Fine_Tuning_With_Classification/Training_accuracy":38.141000000000005,"Fine_Tuning_With_Classification/Recon_Testing_loss":4.959079343825579e-05,"_timestamp":1.7597717054484515e+09}