{"_runtime":19,"_timestamp":1.7574271456303086e+09,"_step":12,"Timestep":10,"Accuracy":38.44,"chance_level":10,"Time Taken to Run the Code(Mins)":0.3457224090894063,"_wandb":{"runtime":19}}