{"_timestamp":1.7582116089350686e+09,"_step":12,"Timestep":10,"Accuracy":29.99,"chance_level":10,"Time Taken to Run the Code(Mins)":7.552658661206563,"_wandb":{"runtime":452},"_runtime":452}