{"Time Taken to Run the Code(Mins)":0.34330522616704306,"_wandb":{"runtime":19},"_runtime":19,"_timestamp":1.757422889789578e+09,"_step":12,"Accuracy":38.1,"chance_level":10,"Timestep":10}