{"chance_level":10,"Time Taken to Run the Code(Mins)":7.618924899895986,"_wandb":{"runtime":455},"_runtime":455,"_timestamp":1.7582176762512913e+09,"_step":12,"Timestep":10,"Accuracy":29.64}