{"_runtime":425,"_timestamp":1.757955073046939e+09,"_step":12,"Timestep":10,"Accuracy":38.28,"chance_level":10,"Time Taken to Run the Code(Mins)":7.1142324805259705,"_wandb":{"runtime":425}}