{"_wandb":{"runtime":449},"_runtime":449,"_timestamp":1.7582207148439937e+09,"_step":12,"Timestep":10,"Accuracy":31.95,"chance_level":10,"Time Taken to Run the Code(Mins)":7.582187990347545}