{"_runtime":594,"_timestamp":1.757933771256349e+09,"_step":12,"Timestep":10,"Accuracy":37.65,"chance_level":10,"Time Taken to Run the Code(Mins)":9.937489553292592,"_wandb":{"runtime":594}}