{"Time Taken to Run the Code(Mins)":8.594144594669341,"_wandb":{"runtime":513},"_runtime":513,"_step":12,"_timestamp":1.7579512181704812e+09,"Timestep":10,"Accuracy":37.73,"chance_level":10}