{"Timestep":10,"Accuracy":32.78,"chance_level":10,"Time Taken to Run the Code(Mins)":7.136602473258972,"_wandb":{"runtime":426},"_runtime":426,"_timestamp":1.7582144147994113e+09,"_step":12}