{"Timestep":10,"Accuracy":37.25,"chance_level":10,"Time Taken to Run the Code(Mins)":9.202459041277567,"_wandb":{"runtime":550},"_runtime":550,"_timestamp":1.7579530515204349e+09,"_step":12}