{"Accuracy":38.11,"chance_level":10,"Time Taken to Run the Code(Mins)":9.42761492729187,"_wandb":{"runtime":564},"_runtime":564,"_timestamp":1.7579305621631887e+09,"_step":12,"Timestep":10}