{"_wandb":{"runtime":525},"_runtime":525,"_step":12,"_timestamp":1.7579377754488227e+09,"chance_level":10,"Timestep":10,"Accuracy":38.09,"Time Taken to Run the Code(Mins)":8.800117441018422}