{"_timestamp":1.7574216855998287e+09,"_step":12,"chance_level":10,"Timestep":10,"Accuracy":38.39,"Time Taken to Run the Code(Mins)":0.33175022999445597,"_wandb":{"runtime":18},"_runtime":18}