{"Timestep":10,"Accuracy":31.11,"chance_level":10,"Time Taken to Run the Code(Mins)":3.344866422812144,"_wandb":{"runtime":199},"_runtime":199,"_timestamp":1.7570914862958112e+09,"_step":12}