{"_timestamp":1.7513737410170062e+09,"_runtime":15.469110244,"_step":11,"Timestep":10,"Accuracy":69.69,"Time Taken to Run the Code(Mins)":0.26181697050730385,"_wandb":{"runtime":15}}