{"_runtime":16.942643484,"chance_level":10,"Time Taken to Run the Code(Mins)":0.2874394098917643,"_step":12,"_wandb":{"runtime":16},"MediaLogs/gauss_0.6":{"width":138,"height":70,"caption":"Noisy Images: gauss 0.6","_type":"image-file","sha256":"71e7e49c617876a92187f5f8ac37579a945a9374c00d35e39fc54ca17076c745","size":21734,"path":"media/images/MediaLogs/gauss_0.6_0_71e7e49c617876a92187.png","format":"png"},"Timestep":10,"Accuracy":42.66,"_timestamp":1.7527558962054157e+09}