{"chance_level":10,"Time Taken to Run the Code(Mins)":0.3229970137278239,"_wandb":{"runtime":18},"_runtime":18,"_timestamp":1.7574429913813062e+09,"_step":12,"Timestep":10,"Accuracy":38.49}