{"Time Taken to Run the Code(Mins)":6.828927926222483,"_wandb":{"runtime":408},"_runtime":408,"_timestamp":1.7582107952306128e+09,"_step":12,"Timestep":10,"Accuracy":29.49,"chance_level":10}