{"Timestep":10,"Accuracy":37.16,"chance_level":10,"Time Taken to Run the Code(Mins)":8.600449534257253,"_wandb":{"runtime":513},"_runtime":513,"_timestamp":1.757952434417995e+09,"_step":12}