{"_wandb":{"runtime":376},"_runtime":376,"_step":12,"_timestamp":1.7582119910789597e+09,"Timestep":10,"Accuracy":29.12,"chance_level":10,"Time Taken to Run the Code(Mins)":6.289364449183146}