{"_step":12,"Timestep":10,"Accuracy":38.33,"chance_level":10,"Time Taken to Run the Code(Mins)":0.3306737462679545,"_wandb":{"runtime":18},"_runtime":18,"_timestamp":1.7574187732650683e+09}