{"Time Taken to Run the Code(Mins)":6.527425909042359,"_wandb":{"runtime":390},"_runtime":390,"_timestamp":1.7582185215172617e+09,"_step":12,"Timestep":10,"Accuracy":37.93,"chance_level":10}