{"Timestep":10,"Accuracy":36.93,"chance_level":10,"Time Taken to Run the Code(Mins)":10.819353822867075,"_wandb":{"runtime":647},"_runtime":647,"_timestamp":1.757940923643839e+09,"_step":12}