{"Accuracy":36.4,"Time Taken to Run the Code(Mins)":6.982649008433024,"_wandb":{"runtime":417},"_runtime":417,"_timestamp":1.7581925539316509e+09,"_step":12,"chance_level":10,"Timestep":10}