{"_runtime":18,"_timestamp":1.7574403476820862e+09,"_step":12,"Timestep":10,"Accuracy":36.52,"chance_level":10,"Time Taken to Run the Code(Mins)":0.3306416789690653,"_wandb":{"runtime":18}}