{"_timestamp":1.7581897531675494e+09,"_step":12,"Timestep":10,"Accuracy":34.24,"chance_level":10,"Time Taken to Run the Code(Mins)":6.998112793763479,"_wandb":{"runtime":418},"_runtime":418}