{"_runtime":16.005245456,"Time Taken to Run the Code(Mins)":0.27175053358078005,"MediaLogs/gauss_0.0":{"width":138,"height":70,"caption":"Noisy Images: gauss 0.0","_type":"image-file","sha256":"1351f578828d886452347dc6a8a5d01cff2cec649d66f35cdd7f696cc437603a","size":18482,"path":"media/images/MediaLogs/gauss_0.0_0_1351f578828d88645234.png","format":"png"},"_wandb":{"runtime":16},"_timestamp":1.7516433333285103e+09,"_step":12,"Timestep":10,"Accuracy":67.09,"chance_level":10}