{"chance_level":10,"Timestep":10,"Accuracy":31.36,"Time Taken to Run the Code(Mins)":7.192730752627055,"_wandb":{"runtime":430},"_runtime":430,"_timestamp":1.7581964258232448e+09,"_step":12}