{"Time Taken to Run the Code(Mins)":0.3316599607467651,"_wandb":{"runtime":18},"_runtime":18,"_timestamp":1.7574386375396097e+09,"_step":12,"Timestep":10,"Accuracy":37.69,"chance_level":10}