{"_wandb":{"runtime":614},"_runtime":614,"_timestamp":1.7579400907653337e+09,"_step":12,"Timestep":10,"Accuracy":37.04,"chance_level":10,"Time Taken to Run the Code(Mins)":10.273492606480916}