{"chance_level":10,"Time Taken to Run the Code(Mins)":10.714557870229084,"_wandb":{"runtime":641},"_runtime":641,"_timestamp":1.7579232209942331e+09,"_step":12,"Timestep":10,"Accuracy":38.01}