{"Timestep":10,"Accuracy":31.17,"chance_level":10,"Time Taken to Run the Code(Mins)":4.9706871509552,"_wandb":{"runtime":296},"_runtime":296,"_timestamp":1.757087251593897e+09,"_step":12}