{"chance_level":10,"Time Taken to Run the Code(Mins)":6.6612417260805765,"_wandb":{"runtime":398},"_runtime":398,"_timestamp":1.7582155862652535e+09,"_step":12,"Timestep":10,"Accuracy":31.19}