{"Accuracy":32.31,"chance_level":10,"Time Taken to Run the Code(Mins)":4.671417367458344,"_wandb":{"runtime":278},"_runtime":278,"_step":12,"_timestamp":1.7570847803904645e+09,"Timestep":10}