{"Timestep":10,"Accuracy":36.51,"chance_level":10,"Time Taken to Run the Code(Mins)":8.897034188111624,"_wandb":{"runtime":532},"_runtime":532,"_timestamp":1.7579475887331192e+09,"_step":12}