{"chance_level":10,"Timestep":10,"Accuracy":36.71,"Time Taken to Run the Code(Mins)":10.614957908789316,"_wandb":{"runtime":635},"_runtime":635,"_timestamp":1.7579403897566648e+09,"_step":12}