{"_runtime":547,"_timestamp":1.7582090546845622e+09,"_step":12,"Accuracy":32.01,"chance_level":10,"Timestep":10,"Time Taken to Run the Code(Mins)":9.150732251008352,"_wandb":{"runtime":547}}