{"_wandb":{"runtime":409},"_runtime":409,"_timestamp":1.7581948928798323e+09,"_step":12,"Accuracy":32.58,"chance_level":10,"Timestep":10,"Time Taken to Run the Code(Mins)":6.843519000212352}