{"_step":12,"chance_level":10,"Timestep":10,"Accuracy":30.84,"Time Taken to Run the Code(Mins)":7.684431958198547,"_wandb":{"runtime":459},"_runtime":459,"_timestamp":1.7582106611718054e+09}