{"_step":12,"Timestep":10,"Accuracy":37.04,"chance_level":10,"Time Taken to Run the Code(Mins)":9.990137692292532,"_wandb":{"runtime":598},"_runtime":598,"_timestamp":1.7579391513068168e+09}