{"chance_level":10,"Time Taken to Run the Code(Mins)":0.333440371354421,"_wandb":{"runtime":18},"_runtime":18,"_step":12,"_timestamp":1.7574190742761056e+09,"Timestep":10,"Accuracy":38.37}