{"_runtime":434,"_timestamp":1.758215209061496e+09,"_step":12,"Timestep":10,"Accuracy":30.93,"chance_level":10,"Time Taken to Run the Code(Mins)":7.262879999478658,"_wandb":{"runtime":434}}