{"Time Taken to Run the Code(Mins)":8.805488455295563,"_wandb":{"runtime":526},"_runtime":526,"_timestamp":1.7579261859445198e+09,"_step":12,"Timestep":10,"Accuracy":38.35,"chance_level":10}