{"chance_level":10,"Time Taken to Run the Code(Mins)":8.646311151981354,"_wandb":{"runtime":517},"_runtime":517,"_timestamp":1.757947087697686e+09,"_step":12,"Timestep":10,"Accuracy":36.35}