{"Accuracy":38.33,"Time Taken to Run the Code(Mins)":10.155745462576549,"_wandb":{"runtime":607},"_runtime":607,"_timestamp":1.7579244528373952e+09,"_step":12,"chance_level":10,"Timestep":10}