{"Accuracy":36.65,"chance_level":10,"Time Taken to Run the Code(Mins)":10.399397846062978,"_wandb":{"runtime":622},"_runtime":622,"_timestamp":1.7579403637028985e+09,"_step":12,"Timestep":10}