{"Time Taken to Run the Code(Mins)":7.041886055469513,"_wandb":{"runtime":421},"_runtime":421,"_timestamp":1.758195011522751e+09,"_step":12,"Timestep":10,"Accuracy":31.61,"chance_level":10}