{"Time Taken to Run the Code(Mins)":0.33090580304463707,"_wandb":{"runtime":18},"_runtime":18,"_timestamp":1.7574175232383623e+09,"_step":12,"chance_level":10,"Timestep":10,"Accuracy":38.02}