{"Timestep":10,"Accuracy":38.08,"chance_level":10,"Time Taken to Run the Code(Mins)":7.882736889521281,"_wandb":{"runtime":471},"_runtime":471,"_step":12,"_timestamp":1.7579574433931465e+09}