{"_wandb":{"runtime":110},"_runtime":110,"_timestamp":1.7582229688093824e+09,"_step":12,"Timestep":10,"Accuracy":30.67,"chance_level":10,"Time Taken to Run the Code(Mins)":1.8653077244758607}