{"chance_level":10,"Timestep":10,"Time Taken to Run the Code(Mins)":0.3304750402768453,"_wandb":{"runtime":18},"_runtime":18,"_timestamp":1.757418013838951e+09,"_step":12,"Accuracy":38.4}