{"Timestep":10,"Accuracy":33.07,"chance_level":10,"Time Taken to Run the Code(Mins)":4.14035925467809,"_wandb":{"runtime":247},"_runtime":247,"_timestamp":1.7570890081532526e+09,"_step":12}