{"_runtime":296,"_timestamp":1.7570857942376792e+09,"_step":12,"Timestep":10,"Accuracy":33.13,"chance_level":10,"Time Taken to Run the Code(Mins)":4.963392047087352,"_wandb":{"runtime":296}}