{"_wandb":{"runtime":16},"MediaLogs/s&p_0.04":{"width":138,"height":70,"caption":"Noisy Images: s&p 0.04","_type":"image-file","sha256":"baea8452707910ea8f11d21702ce13dee1e2cd0558f06ac1145b6522d5554591","size":20448,"path":"media/images/MediaLogs/s&p_0.04_0_baea8452707910ea8f11.png","format":"png"},"_runtime":16.048902065,"_step":12,"Accuracy":41.35,"Timestep":10,"_timestamp":1.7516408882277708e+09,"chance_level":10,"Time Taken to Run the Code(Mins)":0.2725330313046773}