{"_step":12,"Timestep":10,"Accuracy":38.38,"chance_level":10,"Time Taken to Run the Code(Mins)":0.33773748874664306,"_wandb":{"runtime":19},"_runtime":19,"_timestamp":1.7574268751422584e+09}