{"_timestamp":1.757935490305081e+09,"_step":12,"Timestep":10,"Accuracy":37.51,"chance_level":10,"Time Taken to Run the Code(Mins)":9.862598208586375,"_wandb":{"runtime":590},"_runtime":590}