{"_timestamp":1.7582182919045072e+09,"Accuracy":37.87,"chance_level":10,"Timestep":10,"Time Taken to Run the Code(Mins)":6.956701866785685,"_wandb":{"runtime":416},"_runtime":416,"_step":12}