{"_step":12,"chance_level":10,"_timestamp":1.7514669691746457e+09,"Accuracy":15.51,"Time Taken to Run the Code(Mins)":0.2756892760594686,"MediaLogs/s&p_0.8":{"format":"png","width":138,"height":70,"caption":"Noisy Images: s&p 0.8","_type":"image-file","sha256":"c5de290bc607a4d3a958a7bbf55c32825b481e2e8eecb255f8d00ebb9a0e0de2","size":7046,"path":"media/images/MediaLogs/s&p_0.8_0_c5de290bc607a4d3a958.png"},"Timestep":10,"_runtime":16.246162435,"_wandb":{"runtime":16}}