{"_runtime":543,"_timestamp":1.7582096022672336e+09,"_step":12,"Timestep":10,"Accuracy":32.29,"chance_level":10,"Time Taken to Run the Code(Mins)":9.07249163389206,"_wandb":{"runtime":543}}