{"_timestamp":1.7574382341782515e+09,"Timestep":10,"Accuracy":37.5,"chance_level":10,"Time Taken to Run the Code(Mins)":0.33776172002156574,"_wandb":{"runtime":18},"_runtime":18,"_step":12}