{"Time Taken to Run the Code(Mins)":7.2141467769940695,"_wandb":{"runtime":431},"_runtime":431,"_timestamp":1.7579577345934215e+09,"_step":12,"chance_level":10,"Timestep":10,"Accuracy":37.31}