{"Time Taken to Run the Code(Mins)":8.857368763287862,"_wandb":{"runtime":530},"_runtime":530,"_timestamp":1.7579511612158208e+09,"_step":12,"Timestep":10,"Accuracy":37.51,"chance_level":10}