{"_step":12,"Timestep":10,"Accuracy":29.7,"chance_level":10,"Time Taken to Run the Code(Mins)":9.222174676259359,"_wandb":{"runtime":551},"_runtime":551,"_timestamp":1.7582053169330046e+09}