{"_timestamp":1.7579573568825388e+09,"_step":12,"Timestep":10,"Accuracy":38.03,"chance_level":10,"Time Taken to Run the Code(Mins)":7.002437599500021,"_wandb":{"runtime":418},"_runtime":418}