{"chance_level":10,"Time Taken to Run the Code(Mins)":8.681960272789002,"_wandb":{"runtime":519},"_runtime":519,"_timestamp":1.7581969845840406e+09,"_step":12,"Timestep":10,"Accuracy":31.13}