{"chance_level":10,"Time Taken to Run the Code(Mins)":7.077626971403758,"_wandb":{"runtime":423},"_runtime":423,"_timestamp":1.757956743877683e+09,"_step":12,"Timestep":10,"Accuracy":38.37}