{"Time Taken to Run the Code(Mins)":10.251474344730378,"_wandb":{"runtime":612},"_runtime":612,"_timestamp":1.757940547114107e+09,"_step":12,"Timestep":10,"Accuracy":36.72,"chance_level":10}