{"_step":12,"_timestamp":1.7582096106365511e+09,"Timestep":10,"Accuracy":32.3,"chance_level":10,"Time Taken to Run the Code(Mins)":9.12783379952113,"_wandb":{"runtime":546},"_runtime":546}