{"Time Taken to Run the Code(Mins)":8.497816185156504,"_wandb":{"runtime":508},"_runtime":508,"_step":12,"_timestamp":1.7579529663429842e+09,"Timestep":10,"Accuracy":37.29,"chance_level":10}