{"_timestamp":1.75795717606044e+09,"Timestep":10,"Accuracy":38,"chance_level":10,"Time Taken to Run the Code(Mins)":6.8071896513303125,"_wandb":{"runtime":406},"_runtime":406,"_step":12}