{"_wandb":{"runtime":462},"_runtime":462,"_timestamp":1.7579594901398299e+09,"_step":12,"Timestep":10,"Accuracy":37.16,"chance_level":10,"Time Taken to Run the Code(Mins)":7.744079581896464}