{"Time Taken to Run the Code(Mins)":0.27271121740341187,"MediaLogs/s&p_0.8":{"height":70,"caption":"Noisy Images: s&p 0.8","_type":"image-file","sha256":"c5de290bc607a4d3a958a7bbf55c32825b481e2e8eecb255f8d00ebb9a0e0de2","size":7046,"path":"media/images/MediaLogs/s&p_0.8_0_c5de290bc607a4d3a958.png","format":"png","width":138},"chance_level":10,"_timestamp":1.7515334850229254e+09,"Accuracy":14.23,"_step":12,"_wandb":{"runtime":16},"_runtime":16.059792524,"Timestep":10}