{"Time Taken to Run the Code(Mins)":7.745209928353628,"_wandb":{"runtime":463},"_runtime":463,"_step":12,"_timestamp":1.7582165101097996e+09,"Timestep":10,"Accuracy":30.2,"chance_level":10}