{"_runtime":15.735991978,"_step":11,"Time Taken to Run the Code(Mins)":0.26688875754674274,"_wandb":{"runtime":15},"Timestep":10,"Accuracy":68.97,"_timestamp":1.7513770546616495e+09}