{"Timestep":10,"Accuracy":38.19,"Time Taken to Run the Code(Mins)":7.211930815378825,"_wandb":{"runtime":431},"_runtime":431,"_step":12,"_timestamp":1.7579555196032126e+09,"chance_level":10}