{"_timestamp":1.7574168668424056e+09,"_step":12,"Timestep":10,"Accuracy":38.07,"chance_level":10,"Time Taken to Run the Code(Mins)":0.334676456451416,"_wandb":{"runtime":19},"_runtime":19}