{"Accuracy":33.32,"chance_level":10,"Time Taken to Run the Code(Mins)":6.844698512554169,"_wandb":{"runtime":409},"_runtime":409,"_timestamp":1.7582148811740305e+09,"_step":12,"Timestep":10}