{"_runtime":425,"_step":12,"_timestamp":1.7579583348167517e+09,"Accuracy":37.47,"chance_level":10,"Timestep":10,"Time Taken to Run the Code(Mins)":7.1169029434521995,"_wandb":{"runtime":425}}