{"Timestep":10,"Accuracy":38.01,"chance_level":10,"Time Taken to Run the Code(Mins)":8.342370045185088,"_wandb":{"runtime":498},"_runtime":498,"_timestamp":1.7579438334772418e+09,"_step":12}