{"Time Taken to Run the Code(Mins)":0.34255828857421877,"_wandb":{"runtime":19},"_runtime":19,"_step":12,"_timestamp":1.7574398293249102e+09,"Accuracy":36.4,"chance_level":10,"Timestep":10}