{"_timestamp":1.7516490888269155e+09,"_runtime":16.402544144,"Timestep":10,"MediaLogs/gauss_0.2":{"height":70,"caption":"Noisy Images: gauss 0.2","_type":"image-file","sha256":"45f4dc678aa706151bebfea1540f5a37a816d74589f6ccf6fdeedb9f2f08c515","size":20156,"path":"media/images/MediaLogs/gauss_0.2_0_45f4dc678aa706151beb.png","format":"png","width":138},"_step":12,"Time Taken to Run the Code(Mins)":0.2783946593602498,"chance_level":10,"Accuracy":59.36,"_wandb":{"runtime":16}}