{"_timestamp":1.757960125357595e+09,"_step":12,"Accuracy":36.69,"chance_level":10,"Timestep":10,"Time Taken to Run the Code(Mins)":5.5065752545992535,"_wandb":{"runtime":328},"_runtime":328}