{"_runtime":379,"_timestamp":1.7581942483539176e+09,"_step":12,"Accuracy":32.55,"chance_level":10,"Timestep":10,"Time Taken to Run the Code(Mins)":6.355713256200155,"_wandb":{"runtime":379}}