{"_step":12,"_timestamp":1.7574432082844765e+09,"Timestep":10,"Accuracy":37.95,"chance_level":10,"Time Taken to Run the Code(Mins)":0.33940702279408774,"_wandb":{"runtime":19},"_runtime":19}