{"Accuracy":35.73,"chance_level":10,"Timestep":10,"Time Taken to Run the Code(Mins)":8.390706368287404,"_wandb":{"runtime":501},"_runtime":501,"_timestamp":1.7581880513846045e+09,"_step":12}