{"_runtime":521,"_timestamp":1.7579501261828976e+09,"_step":12,"Timestep":10,"Accuracy":38.27,"chance_level":10,"Time Taken to Run the Code(Mins)":8.7073295712471,"_wandb":{"runtime":521}}