{"_wandb":{"runtime":19},"_runtime":19,"_timestamp":1.7574232204625638e+09,"_step":12,"Timestep":10,"Accuracy":38.16,"chance_level":10,"Time Taken to Run the Code(Mins)":0.34119919935862225}