{"Timestep":10,"Accuracy":34.26,"Time Taken to Run the Code(Mins)":7.987673302491506,"_wandb":{"runtime":477},"_runtime":477,"_timestamp":1.7581902311392372e+09,"_step":12,"chance_level":10}