{"chance_level":10,"Time Taken to Run the Code(Mins)":9.791677415370941,"_wandb":{"runtime":586},"_runtime":586,"_timestamp":1.7579238325964496e+09,"_step":12,"Timestep":10,"Accuracy":38.36}