{"Time Taken to Run the Code(Mins)":0.3233207106590271,"_wandb":{"runtime":18},"_runtime":18,"_timestamp":1.7574263006413133e+09,"_step":12,"Timestep":10,"Accuracy":37.52,"chance_level":10}