{"_runtime":481,"_step":12,"_timestamp":1.7579475034566188e+09,"Accuracy":36.5,"chance_level":10,"Timestep":10,"Time Taken to Run the Code(Mins)":8.051712985833486,"_wandb":{"runtime":481}}