{"_runtime":430,"_timestamp":1.7582187463178585e+09,"_step":12,"Accuracy":37.95,"chance_level":10,"Timestep":10,"Time Taken to Run the Code(Mins)":7.202740263938904,"_wandb":{"runtime":430}}