{"_wandb":{"runtime":510},"_runtime":510,"_timestamp":1.7582126317041845e+09,"_step":12,"Timestep":10,"Accuracy":37.41,"chance_level":10,"Time Taken to Run the Code(Mins)":8.527750464280446}