{"_timestamp":1.7582135114195943e+09,"_step":12,"Timestep":10,"Accuracy":37.63,"chance_level":10,"Time Taken to Run the Code(Mins)":6.1186884562174475,"_wandb":{"runtime":365},"_runtime":365}