{"Accuracy":36.07,"chance_level":10,"Time Taken to Run the Code(Mins)":0.3284498453140259,"_wandb":{"runtime":18},"_runtime":18,"_timestamp":1.7574412880988328e+09,"_step":12,"Timestep":10}