{"_runtime":538,"_timestamp":1.7581984811155388e+09,"_step":12,"Timestep":10,"Accuracy":36.51,"chance_level":10,"Time Taken to Run the Code(Mins)":9.005550869305928,"_wandb":{"runtime":538}}