{"chance_level":10,"Time Taken to Run the Code(Mins)":4.89516883691152,"_wandb":{"runtime":292},"_runtime":292,"_timestamp":1.7570827967118125e+09,"_step":12,"Timestep":10,"Accuracy":33.17}