{"_runtime":18,"_timestamp":1.75744577283228e+09,"_step":12,"Timestep":10,"Accuracy":36.12,"chance_level":10,"Time Taken to Run the Code(Mins)":0.33172179063161217,"_wandb":{"runtime":18}}