{"_timestamp":1.7579414062006228e+09,"_step":12,"Timestep":10,"Accuracy":37.02,"chance_level":10,"Time Taken to Run the Code(Mins)":10.560732368628184,"_wandb":{"runtime":631},"_runtime":631}