{"_runtime":426,"_timestamp":1.7579599432620096e+09,"_step":12,"Timestep":10,"Accuracy":36.31,"chance_level":10,"Time Taken to Run the Code(Mins)":7.134706354141235,"_wandb":{"runtime":426}}