{"Time Taken to Run the Code(Mins)":9.685440282026926,"_wandb":{"runtime":578},"_runtime":578,"_timestamp":1.7579329345964751e+09,"_step":12,"Accuracy":37.61,"chance_level":10,"Timestep":10}