{"_wandb":{"runtime":16},"_timestamp":1.7514680462728386e+09,"_runtime":16.255497151,"Time Taken to Run the Code(Mins)":0.27589391469955443,"_step":12,"Timestep":10,"chance_level":10,"MediaLogs/gauss_0.02":{"width":138,"height":70,"caption":"Noisy Images: gauss 0.02","_type":"image-file","sha256":"5e20f382c4cf0c521504d5dacaefd9b6ba260472feb927e28d65237353ec6f3f","size":18675,"path":"media/images/MediaLogs/gauss_0.02_0_5e20f382c4cf0c521504.png","format":"png"},"Accuracy":57.92}