{"chance_level":10,"Time Taken to Run the Code(Mins)":8.033655027548471,"_wandb":{"runtime":481},"_runtime":481,"_timestamp":1.7574161757601552e+09,"_step":12,"Timestep":10,"Accuracy":38.06}