{"_wandb":{"runtime":18},"_runtime":18,"_step":12,"_timestamp":1.757422505243726e+09,"Timestep":10,"Accuracy":38.33,"chance_level":10,"Time Taken to Run the Code(Mins)":0.33632358312606814}