{"chance_level":10,"Time Taken to Run the Code(Mins)":9.17798065741857,"_wandb":{"runtime":549},"_runtime":549,"_timestamp":1.7582096244318814e+09,"_step":12,"Timestep":10,"Accuracy":32.37}