{"Accuracy":37.97,"Time Taken to Run the Code(Mins)":0.3363779147466024,"_wandb":{"runtime":18},"_runtime":18,"_step":12,"_timestamp":1.7574433435881863e+09,"chance_level":10,"Timestep":10}