{"_timestamp":1.758200938770733e+09,"Timestep":10,"Accuracy":31.57,"chance_level":10,"Time Taken to Run the Code(Mins)":13.550640288988749,"_wandb":{"runtime":811},"_runtime":811,"_step":12}