{"_step":12,"Accuracy":36.63,"chance_level":10,"Timestep":10,"Time Taken to Run the Code(Mins)":0.3367346962292989,"_wandb":{"runtime":19},"_runtime":19,"_timestamp":1.7574406164955943e+09}