{"_timestamp":1.7579595997931824e+09,"Timestep":10,"Accuracy":36.19,"chance_level":10,"Time Taken to Run the Code(Mins)":7.584820318222046,"_wandb":{"runtime":452},"_runtime":452,"_step":12}