{"_timestamp":1.7516423539469774e+09,"_wandb":{"runtime":16},"Time Taken to Run the Code(Mins)":0.2852859258651733,"MediaLogs/gauss_0.2":{"height":70,"caption":"Noisy Images: gauss 0.2","_type":"image-file","sha256":"45f4dc678aa706151bebfea1540f5a37a816d74589f6ccf6fdeedb9f2f08c515","size":20156,"path":"media/images/MediaLogs/gauss_0.2_0_45f4dc678aa706151beb.png","format":"png","width":138},"_runtime":16.816378646,"Timestep":10,"Accuracy":63.02,"chance_level":10,"_step":12}