{"chance_level":10,"Time Taken to Run the Code(Mins)":9.317459948857625,"_wandb":{"runtime":557},"_runtime":557,"_step":12,"_timestamp":1.7579252766771564e+09,"Timestep":10,"Accuracy":38.37}