{"_step":12,"Timestep":10,"Accuracy":34.29,"chance_level":10,"Time Taken to Run the Code(Mins)":7.974125508467356,"_wandb":{"runtime":476},"_runtime":476,"_timestamp":1.7581903293059344e+09}