{"Accuracy":38.03,"chance_level":10,"Time Taken to Run the Code(Mins)":6.936608815193177,"_wandb":{"runtime":413},"_runtime":413,"_step":12,"_timestamp":1.7579223570362737e+09,"Timestep":10}