{"_runtime":434,"_timestamp":1.7582187385660794e+09,"_step":12,"Timestep":10,"Accuracy":37.91,"chance_level":10,"Time Taken to Run the Code(Mins)":7.26042335430781,"_wandb":{"runtime":434}}