{"Timestep":10,"Time Taken to Run the Code(Mins)":6.960452695687612,"_wandb":{"runtime":416},"_runtime":416,"_timestamp":1.7581929764206758e+09,"_step":12,"Accuracy":36.5,"chance_level":10}