{"Reconstruction_Training_with_Timesteps 1/test_loss":0.00019836317375302316,"_timestamp":1.759755447938873e+09,"_step":199,"_wandb":{"runtime":5304},"_runtime":5304,"Reconstruction_Training_with_Timesteps 1/train_loss":0.00017612208016216756}