{"Accuracy":30.96,"chance_level":10,"Time Taken to Run the Code(Mins)":4.631072274843851,"_wandb":{"runtime":276},"_runtime":276,"_timestamp":1.7570887341273925e+09,"_step":12,"Timestep":10}