{"_timestamp":1.7574352357106562e+09,"Timestep":10,"Accuracy":36.3,"chance_level":10,"Time Taken to Run the Code(Mins)":0.3323299845059713,"_wandb":{"runtime":18},"_runtime":18,"_step":12}