{"_wandb":{"runtime":19},"_runtime":19,"_timestamp":1.757436076386176e+09,"_step":12,"Timestep":10,"Accuracy":35.99,"chance_level":10,"Time Taken to Run the Code(Mins)":0.33523721297581993}