{"Accuracy":38.38,"chance_level":10,"Time Taken to Run the Code(Mins)":8.781612996260325,"_wandb":{"runtime":525},"_runtime":525,"_timestamp":1.757924655601292e+09,"_step":12,"Timestep":10}