{"_timestamp":1.751533920009058e+09,"Timestep":10,"Time Taken to Run the Code(Mins)":0.27012261549631755,"chance_level":10,"_wandb":{"runtime":15},"_runtime":15.899800635,"_step":12,"Accuracy":67.91,"MediaLogs/s&p_0.0":{"format":"png","width":138,"height":70,"caption":"Noisy Images: s&p 0.0","_type":"image-file","sha256":"1351f578828d886452347dc6a8a5d01cff2cec649d66f35cdd7f696cc437603a","size":18482,"path":"media/images/MediaLogs/s&p_0.0_0_1351f578828d88645234.png"}}