{"Time Taken to Run the Code(Mins)":6.84576682249705,"_wandb":{"runtime":409},"_runtime":409,"_timestamp":1.7582216318463724e+09,"_step":12,"Timestep":10,"Accuracy":30.84,"chance_level":10}