{"Timestep":10,"Accuracy":36.39,"chance_level":10,"Time Taken to Run the Code(Mins)":0.32748305797576904,"_wandb":{"runtime":18},"_runtime":18,"_timestamp":1.7574355336919668e+09,"_step":12}