{"Time Taken to Run the Code(Mins)":4.513659556706746,"_wandb":{"runtime":269},"_runtime":269,"_timestamp":1.757090566295694e+09,"_step":12,"Timestep":10,"Accuracy":33.1,"chance_level":10}