{"Timestep":10,"Accuracy":38.2,"chance_level":10,"Time Taken to Run the Code(Mins)":8.679955319563549,"_wandb":{"runtime":518},"_runtime":518,"_step":12,"_timestamp":1.7579447020432765e+09}