{"Timestep":10,"Accuracy":31.11,"chance_level":10,"Time Taken to Run the Code(Mins)":9.070544270674388,"_wandb":{"runtime":542},"_runtime":542,"_step":12,"_timestamp":1.7581974039248552e+09}