{"Time Taken to Run the Code(Mins)":7.821365896860758,"_wandb":{"runtime":466},"_runtime":466,"_timestamp":1.757934866308015e+09,"_step":12,"Timestep":10,"Accuracy":37.6,"chance_level":10}