{"chance_level":10,"Timestep":10,"Accuracy":38.15,"Time Taken to Run the Code(Mins)":0.32503837744394937,"_wandb":{"runtime":18},"_runtime":18,"_timestamp":1.7574330366999283e+09,"_step":12}