{"Accuracy":35.17,"chance_level":10,"Time Taken to Run the Code(Mins)":7.697289049625397,"_wandb":{"runtime":460},"_runtime":460,"_timestamp":1.7582140350326269e+09,"_step":12,"Timestep":10}