{"Time Taken to Run the Code(Mins)":3.03969544172287,"_wandb":{"runtime":181},"_runtime":181,"_timestamp":1.7570785448761432e+09,"_step":12,"Timestep":10,"Accuracy":33.08,"chance_level":10}