{"_wandb":{"runtime":19},"_runtime":19,"_timestamp":1.7574291255012925e+09,"_step":12,"chance_level":10,"Timestep":10,"Accuracy":37.1,"Time Taken to Run the Code(Mins)":0.33577547868092855}