{"chance_level":10,"Time Taken to Run the Code(Mins)":8.404667894045511,"_wandb":{"runtime":502},"_runtime":502,"_timestamp":1.7579524551193616e+09,"_step":12,"Timestep":10,"Accuracy":37.19}