{"_wandb":{"runtime":18},"_runtime":18,"_timestamp":1.7574187463276696e+09,"_step":12,"chance_level":10,"Timestep":10,"Accuracy":38.33,"Time Taken to Run the Code(Mins)":0.3263845920562744}