{"_timestamp":1.758209388242636e+09,"Timestep":10,"Accuracy":32.15,"chance_level":10,"Time Taken to Run the Code(Mins)":8.118271704514822,"_wandb":{"runtime":485},"_runtime":485,"_step":12}