{"Accuracy":63.18,"Timestep":10,"_timestamp":1.7516489411949298e+09,"Time Taken to Run the Code(Mins)":0.2750165303548177,"_runtime":16.196725913,"_step":12,"chance_level":10,"MediaLogs/gauss_0.0":{"size":18482,"path":"media/images/MediaLogs/gauss_0.0_0_1351f578828d88645234.png","format":"png","width":138,"height":70,"caption":"Noisy Images: gauss 0.0","_type":"image-file","sha256":"1351f578828d886452347dc6a8a5d01cff2cec649d66f35cdd7f696cc437603a"},"_wandb":{"runtime":16}}