{"_timestamp":1.7579469993964744e+09,"_step":12,"Timestep":10,"Accuracy":36.26,"chance_level":10,"Time Taken to Run the Code(Mins)":8.675469136238098,"_wandb":{"runtime":519},"_runtime":519}