{"Accuracy":30.1,"chance_level":10,"Timestep":10,"Time Taken to Run the Code(Mins)":16.252001122633615,"_wandb":{"runtime":973},"_runtime":973,"_timestamp":1.7582046776716125e+09,"_step":12}