{"_wandb":{"runtime":371},"_runtime":371,"_timestamp":1.758214308784743e+09,"_step":12,"Accuracy":32.76,"chance_level":10,"Timestep":10,"Time Taken to Run the Code(Mins)":6.208379101753235}