{"Accuracy":36.11,"chance_level":10,"Time Taken to Run the Code(Mins)":9.575556151072185,"_wandb":{"runtime":572},"_runtime":572,"_step":12,"_timestamp":1.7579483584055033e+09,"Timestep":10}