{"Time Taken to Run the Code(Mins)":0.336447795232137,"_wandb":{"runtime":19},"_runtime":19,"_step":12,"_timestamp":1.7574203809376216e+09,"Accuracy":38.42,"chance_level":10,"Timestep":10}