{"_wandb":{"runtime":401},"_runtime":401,"_step":12,"_timestamp":1.7582171915386705e+09,"Timestep":10,"Accuracy":29.29,"chance_level":10,"Time Taken to Run the Code(Mins)":6.722295987606048}