{"Accuracy":37.31,"chance_level":10,"Time Taken to Run the Code(Mins)":7.23195514678955,"_wandb":{"runtime":432},"_runtime":432,"_timestamp":1.7579578916248384e+09,"_step":12,"Timestep":10}