{"_runtime":426,"_timestamp":1.757955045720788e+09,"_step":12,"Timestep":10,"Accuracy":36.39,"chance_level":10,"Time Taken to Run the Code(Mins)":7.13889654080073,"_wandb":{"runtime":426}}