{"_step":12,"Accuracy":31.36,"chance_level":10,"Timestep":10,"Time Taken to Run the Code(Mins)":4.428061139583588,"_wandb":{"runtime":264},"_runtime":264,"_timestamp":1.7570869349932132e+09}