{"_timestamp":1.757927896707311e+09,"_step":12,"Timestep":10,"Accuracy":38.39,"chance_level":10,"Time Taken to Run the Code(Mins)":8.716692105929058,"_wandb":{"runtime":521},"_runtime":521}