{"chance_level":10,"Time Taken to Run the Code(Mins)":0.33512930075327557,"_wandb":{"runtime":19},"_runtime":19,"_timestamp":1.7574217937851965e+09,"_step":12,"Timestep":10,"Accuracy":38.35}