{"Time Taken to Run the Code(Mins)":8.542530059814453,"_wandb":{"runtime":509},"_runtime":509,"_timestamp":1.7579377242786367e+09,"_step":12,"Timestep":10,"Accuracy":38.06,"chance_level":10}