{"_runtime":555,"_timestamp":1.7579490537082376e+09,"_step":12,"Timestep":10,"Accuracy":38.27,"chance_level":10,"Time Taken to Run the Code(Mins)":9.289979859193165,"_wandb":{"runtime":555}}