{"_step":12,"Timestep":10,"Accuracy":37.56,"chance_level":10,"Time Taken to Run the Code(Mins)":10.758378334840138,"_wandb":{"runtime":644},"_runtime":644,"_timestamp":1.7579351600469108e+09}