{"_step":12,"MediaLogs/gauss_0.6":{"caption":"Noisy Images: gauss 0.6","_type":"image-file","sha256":"71e7e49c617876a92187f5f8ac37579a945a9374c00d35e39fc54ca17076c745","size":21734,"path":"media/images/MediaLogs/gauss_0.6_0_71e7e49c617876a92187.png","format":"png","width":138,"height":70},"chance_level":10,"Time Taken to Run the Code(Mins)":0.2744419097900391,"Accuracy":43.27,"_wandb":{"runtime":16},"_timestamp":1.7519687550097609e+09,"Timestep":10,"_runtime":16.166778585}