{"_wandb":{"runtime":522},"_runtime":522,"_timestamp":1.7574162163114429e+09,"_step":12,"Accuracy":38.01,"chance_level":10,"Timestep":10,"Time Taken to Run the Code(Mins)":8.72004668712616}