{"MediaLogs/gauss_0.6":{"height":70,"caption":"Noisy Images: gauss 0.6","_type":"image-file","sha256":"71e7e49c617876a92187f5f8ac37579a945a9374c00d35e39fc54ca17076c745","size":21734,"path":"media/images/MediaLogs/gauss_0.6_0_71e7e49c617876a92187.png","format":"png","width":138},"Timestep":10,"Accuracy":53.9,"_timestamp":1.7519636210435414e+09,"_wandb":{"runtime":16},"_step":12,"chance_level":10,"Time Taken to Run the Code(Mins)":0.2762044866879781,"_runtime":16.272487247}