{"Time Taken to Run the Code(Mins)":8.83049822251002,"_wandb":{"runtime":527},"_runtime":527,"_timestamp":1.757926200348976e+09,"_step":12,"Timestep":10,"Accuracy":38.32,"chance_level":10}