{"_step":12,"chance_level":10,"Timestep":10,"Accuracy":38.2,"Time Taken to Run the Code(Mins)":9.46627577940623,"_wandb":{"runtime":566},"_runtime":566,"_timestamp":1.7579437116348736e+09}