{"Accuracy":32.12,"chance_level":10,"Time Taken to Run the Code(Mins)":5.002226769924164,"_wandb":{"runtime":299},"_runtime":299,"_timestamp":1.7570745531690323e+09,"_step":12,"Timestep":10}