{"Time Taken to Run the Code(Mins)":2.999451184272766,"_wandb":{"runtime":178},"_runtime":178,"_timestamp":1.7570748853064427e+09,"_step":12,"Timestep":10,"Accuracy":33.05,"chance_level":10}