{"_wandb":{"runtime":447},"_runtime":447,"_timestamp":1.7579327184031222e+09,"_step":12,"Timestep":10,"Accuracy":37.55,"chance_level":10,"Time Taken to Run the Code(Mins)":7.477770145734151}