{"chance_level":10,"Time Taken to Run the Code(Mins)":0.3225473443667094,"_wandb":{"runtime":18},"_runtime":18,"_timestamp":1.7574253716014814e+09,"_step":12,"Timestep":10,"Accuracy":37.53}