{"_step":12,"Accuracy":37.68,"chance_level":10,"Timestep":10,"Time Taken to Run the Code(Mins)":0.33329375584920246,"_wandb":{"runtime":18},"_runtime":18,"_timestamp":1.7574385845005012e+09}