{"_step":12,"_timestamp":1.7570881611886048e+09,"Timestep":10,"Accuracy":31.96,"chance_level":10,"Time Taken to Run the Code(Mins)":4.7763542850812275,"_wandb":{"runtime":285},"_runtime":285}