{"Time Taken to Run the Code(Mins)":0.33019866943359377,"_wandb":{"runtime":18},"_runtime":18,"_timestamp":1.7574280448633184e+09,"_step":12,"Timestep":10,"Accuracy":37.99,"chance_level":10}