{"_wandb":{"runtime":489},"_runtime":489,"_timestamp":1.7581940438342721e+09,"_step":12,"Timestep":10,"Accuracy":33.97,"chance_level":10,"Time Taken to Run the Code(Mins)":8.181406088670094}