{"_step":12,"Accuracy":31.69,"chance_level":10,"Timestep":10,"Time Taken to Run the Code(Mins)":13.697559702396394,"_wandb":{"runtime":820},"_runtime":820,"_timestamp":1.7582010762070131e+09}