{"chance_level":10,"Time Taken to Run the Code(Mins)":0.3325738549232483,"_wandb":{"runtime":18},"_runtime":18,"_timestamp":1.757445208608231e+09,"_step":12,"Timestep":10,"Accuracy":36.86}