{"Time Taken to Run the Code(Mins)":5.17738010485967,"_wandb":{"runtime":309},"_runtime":309,"_timestamp":1.7570748742518933e+09,"_step":12,"chance_level":10,"Timestep":10,"Accuracy":32.55}