{"Time Taken to Run the Code(Mins)":6.340128397941589,"_wandb":{"runtime":379},"_runtime":379,"_step":12,"_timestamp":1.7582111957010918e+09,"Timestep":10,"Accuracy":29.96,"chance_level":10}