{"_step":12,"_timestamp":1.7579274548320642e+09,"Accuracy":38.37,"chance_level":10,"Timestep":10,"Time Taken to Run the Code(Mins)":8.42131946881612,"_wandb":{"runtime":504},"_runtime":504}