{"chance_level":10,"Accuracy":42.66,"_wandb":{"runtime":15},"_timestamp":1.7516382403067355e+09,"_runtime":15.942954722,"Time Taken to Run the Code(Mins)":0.2708165407180786,"MediaLogs/gauss_0.6000000000000001":{"_type":"image-file","sha256":"71e7e49c617876a92187f5f8ac37579a945a9374c00d35e39fc54ca17076c745","size":21734,"path":"media/images/MediaLogs/gauss_0.6000000000000001_0_71e7e49c617876a92187.png","format":"png","width":138,"height":70,"caption":"Noisy Images: gauss 0.6000000000000001"},"_step":12,"Timestep":10}