{"chance_level":10,"_step":12,"Timestep":10,"_timestamp":1.7515326934161239e+09,"Time Taken to Run the Code(Mins)":0.2692657430966695,"_wandb":{"runtime":15},"MediaLogs/gauss_0.0":{"width":138,"height":70,"caption":"Noisy Images: gauss 0.0","_type":"image-file","sha256":"1351f578828d886452347dc6a8a5d01cff2cec649d66f35cdd7f696cc437603a","size":18482,"path":"media/images/MediaLogs/gauss_0.0_0_1351f578828d88645234.png","format":"png"},"_runtime":15.866238311,"Accuracy":69.13}