{"chance_level":10,"Timestep":10,"Accuracy":37.59,"Time Taken to Run the Code(Mins)":8.370479381084442,"_wandb":{"runtime":500},"_runtime":500,"_step":12,"_timestamp":1.757934275322575e+09}