{"_runtime":18,"_timestamp":1.7574411003706844e+09,"_step":12,"Accuracy":36.02,"chance_level":10,"Timestep":10,"Time Taken to Run the Code(Mins)":0.33361799716949464,"_wandb":{"runtime":18}}