{"_runtime":766,"_timestamp":1.7582013360733535e+09,"_step":12,"chance_level":10,"Timestep":10,"Accuracy":31.81,"Time Taken to Run the Code(Mins)":12.789950386683147,"_wandb":{"runtime":766}}