{"chance_level":10,"Time Taken to Run the Code(Mins)":3.9748175501823426,"_wandb":{"runtime":237},"_runtime":237,"_timestamp":1.7570886143758535e+09,"_step":12,"Timestep":10,"Accuracy":31.3}