{"_runtime":18,"_step":12,"_timestamp":1.7574322240431385e+09,"Timestep":10,"Accuracy":38.22,"chance_level":10,"Time Taken to Run the Code(Mins)":0.3281856934229533,"_wandb":{"runtime":18}}