{"Timestep":10,"Accuracy":69.69,"_timestamp":1.7513766817602136e+09,"Time Taken to Run the Code(Mins)":0.2628267248471578,"_wandb":{"runtime":15},"_runtime":15.532017209,"_step":11}