{"chance_level":10,"Time Taken to Run the Code(Mins)":9.08090825478236,"_wandb":{"runtime":543},"_runtime":543,"_timestamp":1.7579444042529032e+09,"_step":12,"Timestep":10,"Accuracy":38.17}