{"Time Taken to Run the Code(Mins)":7.338171768188476,"_wandb":{"runtime":439},"_runtime":439,"_timestamp":1.7579477964455132e+09,"_step":12,"Timestep":10,"Accuracy":35.87,"chance_level":10}