{"Timestep":10,"Accuracy":37.25,"chance_level":10,"Time Taken to Run the Code(Mins)":8.914707239468893,"_wandb":{"runtime":533},"_runtime":533,"_timestamp":1.7581873475625584e+09,"_step":12}