{"Time Taken to Run the Code(Mins)":7.127138181527456,"_wandb":{"runtime":426},"_runtime":426,"_timestamp":1.7579591253222084e+09,"_step":12,"Timestep":10,"Accuracy":36.97,"chance_level":10}