{"Time Taken to Run the Code(Mins)":6.690864070256551,"_wandb":{"runtime":400},"_runtime":400,"_step":12,"_timestamp":1.7582169451646338e+09,"Timestep":10,"Accuracy":30.53,"chance_level":10}