{"Accuracy":37.25,"chance_level":10,"Time Taken to Run the Code(Mins)":7.019048245747884,"_wandb":{"runtime":418},"_runtime":418,"_timestamp":1.7581868051606066e+09,"_step":12,"Timestep":10}