{"Accuracy":48.25,"chance_level":10,"Time Taken to Run the Code(Mins)":0.2694505532582601,"_wandb":{"runtime":15},"_timestamp":1.7516519783791301e+09,"Timestep":10,"MediaLogs/s&p_0.04":{"width":138,"height":70,"caption":"Noisy Images: s&p 0.04","_type":"image-file","sha256":"baea8452707910ea8f11d21702ce13dee1e2cd0558f06ac1145b6522d5554591","size":20448,"path":"media/images/MediaLogs/s&p_0.04_0_baea8452707910ea8f11.png","format":"png"},"_runtime":15.855098315,"_step":12}