{"MediaLogs/gauss_0.4":{"_type":"image-file","sha256":"9e1134f3eccd4afbd08f42ea855354228da2f6401a3ca3d434708c91e5131886","size":21177,"path":"media/images/MediaLogs/gauss_0.4_0_9e1134f3eccd4afbd08f.png","format":"png","width":138,"height":70,"caption":"Noisy Images: gauss 0.4"},"_timestamp":1.751645919450124e+09,"_step":12,"Timestep":10,"Time Taken to Run the Code(Mins)":0.27211570739746094,"_wandb":{"runtime":16},"_runtime":16.025978487,"Accuracy":53.74,"chance_level":10}