{"_step":12,"Timestep":10,"Accuracy":34.7,"chance_level":10,"Time Taken to Run the Code(Mins)":6.711352801322937,"_wandb":{"runtime":401},"_runtime":401,"_timestamp":1.7581889089704773e+09}