{"_step":12,"Timestep":10,"Accuracy":31.13,"chance_level":10,"Time Taken to Run the Code(Mins)":6.708302028973898,"_wandb":{"runtime":401},"_runtime":401,"_timestamp":1.758222039339951e+09}