{"Timestep":10,"Accuracy":30.73,"chance_level":10,"Time Taken to Run the Code(Mins)":7.030179297924041,"_wandb":{"runtime":420},"_runtime":420,"_step":12,"_timestamp":1.7582103893687458e+09}