{"Time Taken to Run the Code(Mins)":6.645805529753367,"_wandb":{"runtime":397},"_runtime":397,"_step":12,"_timestamp":1.7582184853645194e+09,"Timestep":10,"Accuracy":37.91,"chance_level":10}