{"Time Taken to Run the Code(Mins)":0.2664786179860433,"_wandb":{"runtime":15},"Timestep":10,"Accuracy":67.51,"_timestamp":1.751378887410854e+09,"_runtime":15.746085715,"_step":11}