{"Accuracy":38.39,"chance_level":10,"Time Taken to Run the Code(Mins)":8.550614511966705,"_wandb":{"runtime":512},"_runtime":512,"_step":12,"_timestamp":1.7579235348255546e+09,"Timestep":10}