{"_timestamp":1.7574210112320297e+09,"_step":12,"Accuracy":38.37,"chance_level":10,"Timestep":10,"Time Taken to Run the Code(Mins)":0.33274683554967244,"_wandb":{"runtime":18},"_runtime":18}