{"_timestamp":1.7519774017278101e+09,"MediaLogs/gauss_0.6":{"size":21734,"path":"media/images/MediaLogs/gauss_0.6_0_71e7e49c617876a92187.png","format":"png","width":138,"height":70,"caption":"Noisy Images: gauss 0.6","_type":"image-file","sha256":"71e7e49c617876a92187f5f8ac37579a945a9374c00d35e39fc54ca17076c745"},"_wandb":{"runtime":16},"_runtime":16.015265211,"Accuracy":50.21,"_step":12,"Timestep":10,"Time Taken to Run the Code(Mins)":0.27190406719843546,"chance_level":10}