{"Timestep":10,"Accuracy":31.73,"chance_level":10,"Time Taken to Run the Code(Mins)":7.670354195435842,"_wandb":{"runtime":458},"_runtime":458,"_step":12,"_timestamp":1.7581957924910116e+09}