{"chance_level":10,"Timestep":10,"MediaLogs/gauss_0.02":{"caption":"Noisy Images: gauss 0.02","_type":"image-file","sha256":"5e20f382c4cf0c521504d5dacaefd9b6ba260472feb927e28d65237353ec6f3f","size":18675,"path":"media/images/MediaLogs/gauss_0.02_0_5e20f382c4cf0c521504.png","format":"png","width":138,"height":70},"_timestamp":1.7514724829273882e+09,"_step":12,"_wandb":{"runtime":16},"Accuracy":56.95,"Time Taken to Run the Code(Mins)":0.2741437355677287,"_runtime":16.140425489}