{"_wandb":{"runtime":19},"_runtime":19,"_timestamp":1.757420107639402e+09,"_step":12,"Timestep":10,"Accuracy":38.42,"chance_level":10,"Time Taken to Run the Code(Mins)":0.34189623991648355}