{"_step":12,"_timestamp":1.7574188784011319e+09,"chance_level":10,"Timestep":10,"Accuracy":37.32,"Time Taken to Run the Code(Mins)":0.3370457967122396,"_wandb":{"runtime":19},"_runtime":19}