{"_wandb":{"runtime":555},"_runtime":555,"_timestamp":1.7579506808616495e+09,"_step":12,"Timestep":10,"Accuracy":38.34,"chance_level":10,"Time Taken to Run the Code(Mins)":9.281147944927216}