{"Accuracy":12.78,"Time Taken to Run the Code(Mins)":0.2703900098800659,"MediaLogs/s&p_0.4":{"sha256":"9c04c5b3bdb267bc4705db6d0e1134ee42345c887749caece81c4aff8a090c3d","size":21658,"path":"media/images/MediaLogs/s&p_0.4_0_9c04c5b3bdb267bc4705.png","format":"png","width":138,"height":70,"caption":"Noisy Images: s&p 0.4","_type":"image-file"},"chance_level":10,"Timestep":10,"_runtime":15.92029895,"_wandb":{"runtime":15},"_step":12,"_timestamp":1.7515441147728138e+09}