{"_wandb":{"runtime":16},"_step":12,"MediaLogs/s&p_0.2":{"caption":"Noisy Images: s&p 0.2","_type":"image-file","sha256":"258790cc567a266b10ae4c3402110f4a77c2a2ad20e989f48a1132a7e187dd37","size":22652,"path":"media/images/MediaLogs/s&p_0.2_0_258790cc567a266b10ae.png","format":"png","width":138,"height":70},"_timestamp":1.7514650982922082e+09,"Timestep":10,"_runtime":16.230113016,"Accuracy":29.04,"chance_level":10,"Time Taken to Run the Code(Mins)":0.2752831220626831}