{"chance_level":10,"Time Taken to Run the Code(Mins)":0.3367402195930481,"_wandb":{"runtime":19},"_runtime":19,"_timestamp":1.7574365648439271e+09,"_step":12,"Timestep":10,"Accuracy":38.39}