{"_wandb":{"runtime":421},"_runtime":421,"_timestamp":1.7579576988028176e+09,"_step":12,"Timestep":10,"Accuracy":37.2,"chance_level":10,"Time Taken to Run the Code(Mins)":7.054214779535929}