{"Time Taken to Run the Code(Mins)":0.33190820217132566,"_wandb":{"runtime":18},"_runtime":18,"_timestamp":1.7574390684635727e+09,"_step":12,"chance_level":10,"Timestep":10,"Accuracy":37.04}