{"_step":12,"Timestep":10,"Accuracy":31.26,"chance_level":10,"Time Taken to Run the Code(Mins)":6.807566678524017,"_wandb":{"runtime":407},"_runtime":407,"_timestamp":1.7582157574540927e+09}