{"_timestamp":1.7579368265082183e+09,"Accuracy":37.92,"chance_level":10,"Timestep":10,"Time Taken to Run the Code(Mins)":10.206368800004324,"_wandb":{"runtime":610},"_runtime":610,"_step":12}