{"_runtime":498,"_step":12,"_timestamp":1.7579473320560262e+09,"Timestep":10,"Accuracy":36.46,"chance_level":10,"Time Taken to Run the Code(Mins)":8.322946723302206,"_wandb":{"runtime":498}}