{"_step":12,"_timestamp":1.757947322954298e+09,"chance_level":10,"Timestep":10,"Accuracy":36.45,"Time Taken to Run the Code(Mins)":8.330017598470052,"_wandb":{"runtime":498},"_runtime":498}