{"Time Taken to Run the Code(Mins)":4.502186826864878,"_wandb":{"runtime":269},"_runtime":269,"_timestamp":1.757086928502143e+09,"_step":12,"Timestep":10,"Accuracy":31.35,"chance_level":10}