{"_timestamp":1.758218716046267e+09,"_step":12,"Timestep":10,"Accuracy":37.89,"chance_level":10,"Time Taken to Run the Code(Mins)":6.65127454996109,"_wandb":{"runtime":397},"_runtime":397}