{"Timestep":10,"Accuracy":36.99,"Time Taken to Run the Code(Mins)":7.361619329452514,"_wandb":{"runtime":440},"_runtime":440,"_timestamp":1.7579590124094124e+09,"_step":12,"chance_level":10}