{"_runtime":569,"_timestamp":1.7579477416562846e+09,"_step":12,"Timestep":10,"Accuracy":36.62,"chance_level":10,"Time Taken to Run the Code(Mins)":9.515215953191122,"_wandb":{"runtime":569}}