{"_step":12,"_timestamp":1.7570899703537626e+09,"Timestep":10,"Accuracy":31.32,"chance_level":10,"Time Taken to Run the Code(Mins)":4.2534902691841125,"_wandb":{"runtime":254},"_runtime":254}