{"_timestamp":1.758191183180464e+09,"Accuracy":34.08,"chance_level":10,"Timestep":10,"Time Taken to Run the Code(Mins)":7.355383570988973,"_wandb":{"runtime":439},"_runtime":439,"_step":12}