{"_timestamp":1.758212090930979e+09,"_step":12,"Timestep":10,"Accuracy":29.22,"chance_level":10,"Time Taken to Run the Code(Mins)":7.923213402430217,"_wandb":{"runtime":473},"_runtime":473}