{"_runtime":19,"_timestamp":1.7574249632148876e+09,"_step":12,"Timestep":10,"Accuracy":37.53,"chance_level":10,"Time Taken to Run the Code(Mins)":0.3362623810768127,"_wandb":{"runtime":19}}