{"_runtime":16.181745254,"_step":11,"Timestep":10,"Time Taken to Run the Code(Mins)":0.2747857610384623,"_wandb":{"runtime":16},"Accuracy":69.69,"_timestamp":1.7513619964769258e+09}