{"_step":12,"Timestep":10,"Accuracy":31.2,"chance_level":10,"Time Taken to Run the Code(Mins)":7.29142522017161,"_wandb":{"runtime":435},"_runtime":435,"_timestamp":1.7582221041415286e+09}