{"_timestamp":1.7579465320389774e+09,"_step":12,"chance_level":10,"Timestep":10,"Accuracy":37.2,"Time Taken to Run the Code(Mins)":8.88670437335968,"_wandb":{"runtime":531},"_runtime":531}