{"_runtime":15.532689099,"_step":11,"Time Taken to Run the Code(Mins)":0.26286224126815794,"_wandb":{"runtime":15},"Timestep":10,"Accuracy":68.89,"_timestamp":1.751374112697747e+09}