{"Time Taken to Run the Code(Mins)":0.33321253061294553,"_wandb":{"runtime":18},"_runtime":18,"_timestamp":1.757426820398124e+09,"_step":12,"Timestep":10,"Accuracy":38.39,"chance_level":10}