{"_wandb":{"runtime":224},"_runtime":224,"_timestamp":1.7570908486338284e+09,"_step":12,"Accuracy":32.39,"chance_level":10,"Timestep":10,"Time Taken to Run the Code(Mins)":3.7630489110946654}