{"chance_level":10,"Time Taken to Run the Code(Mins)":7.569140632947286,"_wandb":{"runtime":452},"_runtime":452,"_timestamp":1.758195660053299e+09,"_step":12,"Timestep":10,"Accuracy":31.73}