{"_step":12,"Timestep":10,"Accuracy":31.53,"chance_level":10,"Time Taken to Run the Code(Mins)":5.007080749670664,"_wandb":{"runtime":299},"_runtime":299,"_timestamp":1.757086520165909e+09}