{"_timestamp":1.757955469814094e+09,"_step":12,"Timestep":10,"Accuracy":38.19,"chance_level":10,"Time Taken to Run the Code(Mins)":7.443303175767263,"_wandb":{"runtime":444},"_runtime":444}