{"Accuracy":30.25,"chance_level":10,"Time Taken to Run the Code(Mins)":7.970101149876912,"_wandb":{"runtime":476},"_runtime":476,"_timestamp":1.758209926086052e+09,"_step":12,"Timestep":10}