{"Time Taken to Run the Code(Mins)":4.294774933656057,"_wandb":{"runtime":256},"_runtime":256,"_timestamp":1.7570881453881867e+09,"_step":12,"Timestep":10,"Accuracy":31.52,"chance_level":10}