{"chance_level":10,"Timestep":10,"Time Taken to Run the Code(Mins)":4.189728697141011,"_wandb":{"runtime":250},"_runtime":250,"_timestamp":1.7570844122698405e+09,"_step":12,"Accuracy":32.52}