{"Accuracy":37.25,"chance_level":10,"Timestep":10,"Time Taken to Run the Code(Mins)":6.303058135509491,"_wandb":{"runtime":376},"_runtime":376,"_timestamp":1.7581867622092261e+09,"_step":12}