{"Time Taken to Run the Code(Mins)":10.561188177267711,"_wandb":{"runtime":632},"_runtime":632,"_timestamp":1.7579351387493193e+09,"_step":12,"Timestep":10,"Accuracy":37.57,"chance_level":10}