{"Time Taken to Run the Code(Mins)":6.510983530680338,"_wandb":{"runtime":389},"_runtime":389,"_timestamp":1.7581883256754227e+09,"_step":12,"Timestep":10,"Accuracy":35.76,"chance_level":10}