{"_runtime":699,"_timestamp":1.7579366120387866e+09,"_step":12,"Timestep":10,"Accuracy":38.27,"chance_level":10,"Time Taken to Run the Code(Mins)":11.687173640727996,"_wandb":{"runtime":699}}