{"Accuracy":37.12,"chance_level":10,"Time Taken to Run the Code(Mins)":10.314854725201924,"_wandb":{"runtime":617},"_runtime":617,"_timestamp":1.7579398022944171e+09,"_step":12,"Timestep":10}