{"_runtime":19,"_timestamp":1.7574393923302362e+09,"_step":12,"Timestep":10,"Accuracy":37.13,"chance_level":10,"Time Taken to Run the Code(Mins)":0.3353697101275126,"_wandb":{"runtime":19}}