{"Timestep":10,"Accuracy":38.25,"chance_level":10,"Time Taken to Run the Code(Mins)":7.197349027792613,"_wandb":{"runtime":430},"_runtime":430,"_timestamp":1.7579551592316236e+09,"_step":12}