{"_timestamp":1.7582196772233593e+09,"_step":12,"Timestep":10,"Accuracy":36.14,"chance_level":10,"Time Taken to Run the Code(Mins)":7.2515804727872215,"_wandb":{"runtime":433},"_runtime":433}