{"Accuracy":38.41,"chance_level":10,"Timestep":10,"Time Taken to Run the Code(Mins)":0.33863293727238974,"_wandb":{"runtime":19},"_runtime":19,"_step":12,"_timestamp":1.7574204365517395e+09}