{"_timestamp":1.7581916481990228e+09,"_step":12,"Timestep":10,"Accuracy":33.82,"chance_level":10,"Time Taken to Run the Code(Mins)":7.547574086983999,"_wandb":{"runtime":451},"_runtime":451}