{"_step":11,"Timestep":10,"Accuracy":69.88,"_timestamp":1.7513746828013766e+09,"Time Taken to Run the Code(Mins)":0.2753586769104004,"_wandb":{"runtime":16},"_runtime":16.24238024}