{"Accuracy":31.37,"chance_level":10,"Timestep":10,"Time Taken to Run the Code(Mins)":4.281431488196055,"_wandb":{"runtime":255},"_runtime":255,"_step":12,"_timestamp":1.7570867919208112e+09}