{"Time Taken to Run the Code(Mins)":10.670092451572419,"_wandb":{"runtime":638},"_runtime":638,"_step":12,"_timestamp":1.7579299266770992e+09,"Timestep":10,"Accuracy":38.13,"chance_level":10}