{"chance_level":10,"Time Taken to Run the Code(Mins)":4.6721038540204365,"_wandb":{"runtime":279},"_runtime":279,"_timestamp":1.757091462329494e+09,"_step":12,"Timestep":10,"Accuracy":31.07}