{"chance_level":10,"Time Taken to Run the Code(Mins)":6.562693452835083,"_wandb":{"runtime":392},"_runtime":392,"_timestamp":1.7582184790192106e+09,"_step":12,"Timestep":10,"Accuracy":37.94}