{"_wandb":{"runtime":527},"_runtime":527,"_step":12,"_timestamp":1.7579279056440952e+09,"Timestep":10,"Accuracy":38.39,"chance_level":10,"Time Taken to Run the Code(Mins)":8.811149982611338}