{"_wandb":{"runtime":612},"_runtime":612,"_timestamp":1.7579372178777742e+09,"_step":12,"Timestep":10,"Accuracy":38.02,"chance_level":10,"Time Taken to Run the Code(Mins)":10.234015154838563}