{"Accuracy":71.37,"_timestamp":1.7513793273004959e+09,"Time Taken to Run the Code(Mins)":0.2771807074546814,"_wandb":{"runtime":16},"_runtime":16.352154181,"_step":11,"Timestep":10}