{"_timestamp":1.7581879507764452e+09,"_step":12,"Timestep":10,"Accuracy":35.67,"chance_level":10,"Time Taken to Run the Code(Mins)":9.341444226106008,"_wandb":{"runtime":558},"_runtime":558}