{"_timestamp":1.7582220427182915e+09,"_step":12,"Timestep":10,"Accuracy":31.2,"chance_level":10,"Time Taken to Run the Code(Mins)":6.594893805185953,"_wandb":{"runtime":394},"_runtime":394}