{"_wandb":{"runtime":456},"_runtime":456,"_timestamp":1.7581935309220803e+09,"_step":12,"Timestep":10,"Accuracy":33.87,"chance_level":10,"Time Taken to Run the Code(Mins)":7.62911403576533}