{"_step":12,"chance_level":10,"Timestep":10,"Accuracy":38.25,"Time Taken to Run the Code(Mins)":0.33267616033554076,"_wandb":{"runtime":18},"_runtime":18,"_timestamp":1.7574422116175156e+09}