{"_step":12,"Timestep":10,"Accuracy":33.19,"chance_level":10,"Time Taken to Run the Code(Mins)":5.023264483610789,"_wandb":{"runtime":300},"_runtime":300,"_timestamp":1.7570858034502382e+09}