{"_timestamp":1.7574319527360716e+09,"chance_level":10,"Timestep":10,"Accuracy":38.33,"Time Taken to Run the Code(Mins)":0.33649301528930664,"_wandb":{"runtime":19},"_runtime":19,"_step":12}