{"Timestep":10,"Accuracy":37.08,"Time Taken to Run the Code(Mins)":0.33403705755869545,"_wandb":{"runtime":18},"_runtime":18,"_timestamp":1.7574345001200647e+09,"_step":12,"chance_level":10}