{"chance_level":10,"Time Taken to Run the Code(Mins)":4.437264454364777,"_wandb":{"runtime":264},"_runtime":264,"_step":12,"_timestamp":1.7570900344893618e+09,"Timestep":10,"Accuracy":30.96}