{"Accuracy":32.56,"chance_level":10,"Timestep":10,"Time Taken to Run the Code(Mins)":7.419166219234467,"_wandb":{"runtime":443},"_runtime":443,"_timestamp":1.7581950026689475e+09,"_step":12}