{"_timestamp":1.7515344908794427e+09,"_runtime":16.056338722,"Time Taken to Run the Code(Mins)":0.2726234277089437,"_step":12,"chance_level":10,"Timestep":10,"Accuracy":67.94,"_wandb":{"runtime":16},"MediaLogs/gauss_0.02":{"height":70,"caption":"Noisy Images: gauss 0.02","_type":"image-file","sha256":"5e20f382c4cf0c521504d5dacaefd9b6ba260472feb927e28d65237353ec6f3f","size":18675,"path":"media/images/MediaLogs/gauss_0.02_0_5e20f382c4cf0c521504.png","format":"png","width":138}}