{"chance_level":10,"Timestep":10,"Accuracy":32.59,"Time Taken to Run the Code(Mins)":7.089957809448242,"_wandb":{"runtime":424},"_runtime":424,"_timestamp":1.7581944782774713e+09,"_step":12}