{"chance_level":10,"Timestep":10,"Time Taken to Run the Code(Mins)":0.32781964937845864,"_wandb":{"runtime":18},"_runtime":18,"_step":12,"_timestamp":1.7574403209017012e+09,"Accuracy":36.5}