{"_runtime":451,"_timestamp":1.7579566081716151e+09,"_step":12,"Timestep":10,"Accuracy":38.41,"chance_level":10,"Time Taken to Run the Code(Mins)":7.545800971984863,"_wandb":{"runtime":451}}