{"chance_level":10,"Time Taken to Run the Code(Mins)":0.3340842207272848,"_wandb":{"runtime":19},"_runtime":19,"_timestamp":1.7574456920615406e+09,"_step":12,"Timestep":10,"Accuracy":36.08}