{"Accuracy":38.4,"chance_level":10,"Time Taken to Run the Code(Mins)":7.72572584549586,"_wandb":{"runtime":462},"_runtime":462,"_timestamp":1.7579231701311345e+09,"_step":12,"Timestep":10}