{"_wandb":{"runtime":240},"_runtime":240,"_timestamp":1.7570892931333964e+09,"_step":12,"Timestep":10,"Accuracy":32.84,"chance_level":10,"Time Taken to Run the Code(Mins)":4.022878420352936}