{"_wandb":{"runtime":465},"_runtime":465,"_timestamp":1.758209921983281e+09,"_step":12,"chance_level":10,"Timestep":10,"Accuracy":30.3,"Time Taken to Run the Code(Mins)":7.78359956741333}