{"MediaLogs/s&p_0.0":{"_type":"image-file","sha256":"667a9f85d7319d735df7ef6ef5d0736cf12b03d46743723befd711478323b815","size":18118,"path":"media/images/MediaLogs/s&p_0.0_0_667a9f85d7319d735df7.png","format":"png","width":138,"height":70,"caption":"Noisy Images: s&p 0.0"},"chance_level":10,"Timestep":10,"Accuracy":1,"Time Taken to Run the Code(Mins)":0.31630019744237264,"_wandb":{"runtime":17},"_timestamp":1.7534469909923873e+09,"_runtime":17,"_step":12}