{"Time Taken to Run the Code(Mins)":6.544533669948578,"_wandb":{"runtime":391},"_runtime":391,"_timestamp":1.7582209177671633e+09,"_step":12,"Timestep":10,"Accuracy":32.15,"chance_level":10}