{"Time Taken to Run the Code(Mins)":3.9910499890645346,"_wandb":{"runtime":238},"_runtime":238,"_step":12,"_timestamp":1.7570832928241627e+09,"chance_level":10,"Timestep":10,"Accuracy":33.08}