{"Accuracy":31.74,"chance_level":10,"Time Taken to Run the Code(Mins)":2.6054778695106506,"_wandb":{"runtime":155},"_runtime":155,"_step":12,"_timestamp":1.7570897201682832e+09,"Timestep":10}