{"_runtime":477,"_step":12,"_timestamp":1.757932248710513e+09,"Timestep":10,"Accuracy":37.53,"chance_level":10,"Time Taken to Run the Code(Mins)":7.982814665635427,"_wandb":{"runtime":477}}