{"_runtime":292,"_step":12,"_timestamp":1.757082796497398e+09,"Timestep":10,"Accuracy":33.14,"chance_level":10,"Time Taken to Run the Code(Mins)":4.892222384611766,"_wandb":{"runtime":292}}