{"_timestamp":1.7582054680049222e+09,"Timestep":10,"Accuracy":29.64,"chance_level":10,"Time Taken to Run the Code(Mins)":12.710346559683481,"_wandb":{"runtime":760},"_runtime":760,"_step":12}