{"_step":12,"_timestamp":1.75744326287454e+09,"Timestep":10,"Accuracy":37.95,"chance_level":10,"Time Taken to Run the Code(Mins)":0.3344552238782247,"_wandb":{"runtime":19},"_runtime":19}