{"Timestep":10,"Accuracy":34.74,"chance_level":10,"Time Taken to Run the Code(Mins)":7.2576449910799665,"_wandb":{"runtime":433},"_runtime":433,"_timestamp":1.758189354465555e+09,"_step":12}