{"Accuracy":37.24,"chance_level":10,"Time Taken to Run the Code(Mins)":8.884918812910716,"_wandb":{"runtime":531},"_runtime":531,"_timestamp":1.7579524114324439e+09,"_step":12,"Timestep":10}