{"_timestamp":1.7516479830518763e+09,"chance_level":10,"Time Taken to Run the Code(Mins)":0.277594780921936,"MediaLogs/gauss_0.2":{"_type":"image-file","sha256":"45f4dc678aa706151bebfea1540f5a37a816d74589f6ccf6fdeedb9f2f08c515","size":20156,"path":"media/images/MediaLogs/gauss_0.2_0_45f4dc678aa706151beb.png","format":"png","width":138,"height":70,"caption":"Noisy Images: gauss 0.2"},"_runtime":16.353253723999998,"_step":12,"Accuracy":56.97,"_wandb":{"runtime":16},"Timestep":10}