{"MediaLogs/s&p_0.0":{"width":138,"height":70,"caption":"Noisy Images: s&p 0.0","_type":"image-file","sha256":"1351f578828d886452347dc6a8a5d01cff2cec649d66f35cdd7f696cc437603a","size":18482,"path":"media/images/MediaLogs/s&p_0.0_0_1351f578828d88645234.png","format":"png"},"_runtime":15.96503125,"_wandb":{"runtime":15},"_step":12,"_timestamp":1.751637368311497e+09,"Timestep":10,"chance_level":10,"Accuracy":66.88,"Time Taken to Run the Code(Mins)":0.27113819122314453}