{"_runtime":252,"_step":12,"_timestamp":1.7570895675402641e+09,"chance_level":10,"Timestep":10,"Accuracy":31.65,"Time Taken to Run the Code(Mins)":4.234252468744914,"_wandb":{"runtime":252}}