{"chance_level":10,"Timestep":10,"Accuracy":31.55,"Time Taken to Run the Code(Mins)":4.756805872917175,"_wandb":{"runtime":284},"_runtime":284,"_timestamp":1.7570866512917912e+09,"_step":12}