{"_timestamp":1.7579382465745049e+09,"_step":12,"chance_level":10,"Timestep":10,"Accuracy":37.53,"Time Taken to Run the Code(Mins)":7.605047953128815,"_wandb":{"runtime":454},"_runtime":454}