{"Timestep":10,"Accuracy":38.22,"chance_level":10,"Time Taken to Run the Code(Mins)":0.34391775528589885,"_wandb":{"runtime":19},"_runtime":19,"_timestamp":1.7574421007427993e+09,"_step":12}