{"_wandb":{"runtime":381},"_runtime":381,"_timestamp":1.7582144469102297e+09,"_step":12,"Timestep":10,"Accuracy":32.84,"chance_level":10,"Time Taken to Run the Code(Mins)":6.373149939378103}