{"Time Taken to Run the Code(Mins)":6.744181211789449,"_wandb":{"runtime":403},"_runtime":403,"_timestamp":1.7582222761482105e+09,"_step":12,"Accuracy":31.26,"chance_level":10,"Timestep":10}