{"Accuracy":36.5,"chance_level":10,"Time Taken to Run the Code(Mins)":6.47306692202886,"_wandb":{"runtime":387},"_runtime":387,"_timestamp":1.7579600660133328e+09,"_step":12,"Timestep":10}