{"_wandb":{"runtime":18},"_runtime":18,"_timestamp":1.7574271726322784e+09,"_step":12,"chance_level":10,"Timestep":10,"Accuracy":38.44,"Time Taken to Run the Code(Mins)":0.3327552080154419}