{"chance_level":10,"Timestep":10,"Time Taken to Run the Code(Mins)":4.270777138074239,"_wandb":{"runtime":255},"_runtime":255,"_timestamp":1.757088874437505e+09,"_step":12,"Accuracy":31.03}