{"chance_level":10,"Timestep":10,"Time Taken to Run the Code(Mins)":0.3415810585021973,"_wandb":{"runtime":19},"_runtime":19,"_timestamp":1.757420026503078e+09,"_step":12,"Accuracy":38.33}