{"_timestamp":1.757428450036298e+09,"_step":12,"Timestep":10,"Accuracy":37.3,"chance_level":10,"Time Taken to Run the Code(Mins)":0.33271199464797974,"_wandb":{"runtime":18},"_runtime":18}