{"_wandb":{"runtime":19},"_runtime":19,"_timestamp":1.7574396886067042e+09,"_step":12,"Timestep":10,"Accuracy":37.23,"chance_level":10,"Time Taken to Run the Code(Mins)":0.34052226940790814}