{"_timestamp":1.757923673584528e+09,"_step":12,"Timestep":10,"Accuracy":38.43,"chance_level":10,"Time Taken to Run the Code(Mins)":8.137575089931488,"_wandb":{"runtime":486},"_runtime":486}