{"_wandb":{"runtime":374},"_runtime":374,"_step":12,"_timestamp":1.7581902742023795e+09,"Accuracy":34.3,"chance_level":10,"Timestep":10,"Time Taken to Run the Code(Mins)":6.2724215666453045}