{"_step":12,"Timestep":10,"Accuracy":36.87,"chance_level":10,"Time Taken to Run the Code(Mins)":7.7062433163324995,"_wandb":{"runtime":461},"_runtime":461,"_timestamp":1.7579586702618344e+09}