{"Time Taken to Run the Code(Mins)":0.3341201901435852,"_wandb":{"runtime":18},"_runtime":18,"_step":12,"_timestamp":1.757428099652628e+09,"Timestep":10,"Accuracy":37.98,"chance_level":10}