{"_timestamp":1.7581888842348783e+09,"Timestep":10,"Accuracy":34.71,"chance_level":10,"Time Taken to Run the Code(Mins)":7.735600304603577,"_wandb":{"runtime":462},"_runtime":462,"_step":12}