{"chance_level":10,"Time Taken to Run the Code(Mins)":5.328183603286743,"_wandb":{"runtime":318},"_runtime":318,"_timestamp":1.7570848930342796e+09,"_step":12,"Timestep":10,"Accuracy":32.09}