{"_timestamp":1.7513739496747012e+09,"_runtime":15.505050138,"Time Taken to Run the Code(Mins)":0.2624351302782694,"_wandb":{"runtime":15},"_step":11,"Timestep":10,"Accuracy":69.87}