{"_wandb":{"runtime":403},"_runtime":403,"_timestamp":1.7582203713706226e+09,"_step":12,"Timestep":10,"Accuracy":34.21,"chance_level":10,"Time Taken to Run the Code(Mins)":6.744302324453989}