{"chance_level":10,"Time Taken to Run the Code(Mins)":6.933194144566854,"_wandb":{"runtime":414},"_runtime":414,"_timestamp":1.7582166543744848e+09,"_step":12,"Timestep":10,"Accuracy":30.36}