{"_runtime":785,"_timestamp":1.757939062012226e+09,"_step":12,"Timestep":10,"Accuracy":37.64,"chance_level":10,"Time Taken to Run the Code(Mins)":13.123821441332499,"_wandb":{"runtime":785}}