{"chance_level":10,"Time Taken to Run the Code(Mins)":4.603201925754547,"_wandb":{"runtime":275},"_runtime":275,"_timestamp":1.7570884386965804e+09,"_step":12,"Timestep":10,"Accuracy":31.24}