{"chance_level":10,"Time Taken to Run the Code(Mins)":0.3430363496144613,"_wandb":{"runtime":19},"_runtime":19,"_timestamp":1.7574424036636055e+09,"_step":12,"Timestep":10,"Accuracy":38.48}