{"Accuracy":69.73,"_timestamp":1.7513619723746927e+09,"_runtime":15.245947111,"_step":11,"Time Taken to Run the Code(Mins)":0.25852938890457156,"_wandb":{"runtime":15},"Timestep":10}