{"_timestamp":1.7581998806847148e+09,"_step":12,"Timestep":10,"Accuracy":33.88,"chance_level":10,"Time Taken to Run the Code(Mins)":8.622934675216674,"_wandb":{"runtime":515},"_runtime":515}