{"_step":12,"_timestamp":1.758196974649043e+09,"Timestep":10,"Accuracy":31.15,"chance_level":10,"Time Taken to Run the Code(Mins)":8.396330451965332,"_wandb":{"runtime":501},"_runtime":501}