{"Timestep":10,"Accuracy":29.12,"chance_level":10,"Time Taken to Run the Code(Mins)":4.5630882223447164,"_wandb":{"runtime":272},"_runtime":272,"_timestamp":1.7582118640890982e+09,"_step":12}