{"_timestamp":1.757074874576228e+09,"_step":12,"Timestep":10,"Accuracy":31.96,"chance_level":10,"Time Taken to Run the Code(Mins)":5.171972036361694,"_wandb":{"runtime":309},"_runtime":309}