{"chance_level":10,"Timestep":10,"Time Taken to Run the Code(Mins)":9.463994483153025,"_wandb":{"runtime":565},"_runtime":565,"_step":12,"_timestamp":1.7579317475707705e+09,"Accuracy":37.87}