{"Time Taken to Run the Code(Mins)":0.2739243984222412,"Accuracy":29.21,"_step":12,"MediaLogs/s&p_0.2":{"width":138,"height":70,"caption":"Noisy Images: s&p 0.2","_type":"image-file","sha256":"258790cc567a266b10ae4c3402110f4a77c2a2ad20e989f48a1132a7e187dd37","size":22652,"path":"media/images/MediaLogs/s&p_0.2_0_258790cc567a266b10ae.png","format":"png"},"_timestamp":1.7514650742937803e+09,"_runtime":16.149716429,"chance_level":10,"_wandb":{"runtime":16},"Timestep":10}