{"_timestamp":1.7516406008518949e+09,"_wandb":{"runtime":16},"_runtime":16.052579878,"chance_level":10,"_step":12,"Accuracy":69.31,"Time Taken to Run the Code(Mins)":0.2725593407948812,"MediaLogs/s&p_0.0":{"path":"media/images/MediaLogs/s&p_0.0_0_1351f578828d88645234.png","format":"png","width":138,"height":70,"caption":"Noisy Images: s&p 0.0","_type":"image-file","sha256":"1351f578828d886452347dc6a8a5d01cff2cec649d66f35cdd7f696cc437603a","size":18482},"Timestep":10}