{"chance_level":10,"Time Taken to Run the Code(Mins)":4.793305365244548,"_wandb":{"runtime":286},"_runtime":286,"_timestamp":1.7570781912011335e+09,"_step":12,"Timestep":10,"Accuracy":33.17}