{"Timestep":10,"Accuracy":58.1,"_timestamp":1.7513832783744614e+09,"_runtime":15.45662335,"_step":11,"Time Taken to Run the Code(Mins)":0.26154266595840453,"_wandb":{"runtime":15}}