{"Timestep":10,"Accuracy":37.94,"chance_level":10,"Time Taken to Run the Code(Mins)":0.3208501100540161,"_wandb":{"runtime":18},"_runtime":18,"_timestamp":1.7574431260750248e+09,"_step":12}