{"Time Taken to Run the Code(Mins)":6.657605695724487,"_wandb":{"runtime":398},"_runtime":398,"_timestamp":1.7581961743528328e+09,"_step":12,"Accuracy":31.46,"chance_level":10,"Timestep":10}