{"chance_level":10,"Time Taken to Run the Code(Mins)":0.33170514901479087,"_wandb":{"runtime":18},"_runtime":18,"_timestamp":1.757425264954873e+09,"_step":12,"Timestep":10,"Accuracy":37.5}