{"_runtime":18,"_timestamp":1.7574254810630696e+09,"_step":12,"Timestep":10,"Accuracy":37.54,"chance_level":10,"Time Taken to Run the Code(Mins)":0.32993822495142616,"_wandb":{"runtime":18}}