{"_wandb":{"runtime":494},"_runtime":494,"_timestamp":1.7579274366408274e+09,"_step":12,"chance_level":10,"Timestep":10,"Accuracy":38.37,"Time Taken to Run the Code(Mins)":8.254074557622273}