{"_timestamp":1.7581894056039774e+09,"Timestep":10,"Accuracy":34.71,"chance_level":10,"Time Taken to Run the Code(Mins)":7.480293234189351,"_wandb":{"runtime":447},"_runtime":447,"_step":12}