{"_step":12,"Timestep":10,"Accuracy":38.36,"chance_level":10,"Time Taken to Run the Code(Mins)":0.32723151445388793,"_wandb":{"runtime":18},"_runtime":18,"_timestamp":1.7574219873906538e+09}