{"_timestamp":1.7579549358631425e+09,"_step":12,"chance_level":10,"Timestep":10,"Accuracy":36.28,"Time Taken to Run the Code(Mins)":7.1683430949846905,"_wandb":{"runtime":428},"_runtime":428}