{"Time Taken to Run the Code(Mins)":8.72841687599818,"_wandb":{"runtime":522},"_runtime":522,"_timestamp":1.7581874535285654e+09,"_step":12,"chance_level":10,"Timestep":10,"Accuracy":37.21}