{"_timestamp":1.7579567189546046e+09,"_step":12,"chance_level":10,"Timestep":10,"Accuracy":38.35,"Time Taken to Run the Code(Mins)":7.1298822124799095,"_wandb":{"runtime":426},"_runtime":426}