{"_timestamp":1.7574162171374214e+09,"_step":12,"Accuracy":38.03,"chance_level":10,"Timestep":10,"Time Taken to Run the Code(Mins)":8.725561686356862,"_wandb":{"runtime":522},"_runtime":522}