{"Accuracy":37.51,"chance_level":10,"Time Taken to Run the Code(Mins)":0.3395181934038798,"_wandb":{"runtime":19},"_runtime":19,"_timestamp":1.7574242907150078e+09,"_step":12,"Timestep":10}