{"Time Taken to Run the Code(Mins)":6.551031895478567,"_wandb":{"runtime":390},"_runtime":390,"_step":12,"_timestamp":1.7581898366514232e+09,"Timestep":10,"Accuracy":34.23,"chance_level":10}