{"Accuracy":36.88,"Time Taken to Run the Code(Mins)":0.3416560053825378,"_wandb":{"runtime":19},"_runtime":19,"_timestamp":1.757444879778601e+09,"_step":12,"chance_level":10,"Timestep":10}