{"_wandb":{"runtime":532},"_runtime":532,"_step":12,"_timestamp":1.7579378105052242e+09,"Timestep":10,"Accuracy":38.09,"chance_level":10,"Time Taken to Run the Code(Mins)":8.908363727728526}