{"Accuracy":31.41,"chance_level":10,"Time Taken to Run the Code(Mins)":6.3025946617126465,"_wandb":{"runtime":376},"_runtime":376,"_timestamp":1.7581959569616244e+09,"_step":12,"Timestep":10}