{"Accuracy":67.51,"_timestamp":1.751379046628447e+09,"_runtime":15.472269374,"_step":11,"Time Taken to Run the Code(Mins)":0.2619277795155843,"_wandb":{"runtime":15},"Timestep":10}