{"_timestamp":1.7579559539483607e+09,"Timestep":10,"Accuracy":38.43,"chance_level":10,"Time Taken to Run the Code(Mins)":7.543204379081726,"_wandb":{"runtime":451},"_runtime":451,"_step":12}