{"_wandb":{"runtime":437},"_runtime":437,"_timestamp":1.7581893723192418e+09,"_step":12,"chance_level":10,"Timestep":10,"Accuracy":34.73,"Time Taken to Run the Code(Mins)":7.318028012911479}