{"_step":12,"_timestamp":1.751552155450106e+09,"Time Taken to Run the Code(Mins)":0.27022698720296223,"Accuracy":58.64,"Timestep":10,"_runtime":15.909986176,"MediaLogs/gauss_0.04":{"path":"media/images/MediaLogs/gauss_0.04_0_bc6a87b22c7ea2ae3c6b.png","format":"png","width":138,"height":70,"caption":"Noisy Images: gauss 0.04","_type":"image-file","sha256":"bc6a87b22c7ea2ae3c6b1a757398b7c4a6f48fe11c0f65de8a9386900ca6d63b","size":18834},"chance_level":10,"_wandb":{"runtime":15}}