{"_timestamp":1.7515518166561036e+09,"_runtime":17.064706219,"Accuracy":12.6,"_step":12,"MediaLogs/s&p_0.4":{"width":138,"height":70,"caption":"Noisy Images: s&p 0.4","_type":"image-file","sha256":"9c04c5b3bdb267bc4705db6d0e1134ee42345c887749caece81c4aff8a090c3d","size":21658,"path":"media/images/MediaLogs/s&p_0.4_0_9c04c5b3bdb267bc4705.png","format":"png"},"Time Taken to Run the Code(Mins)":0.2894245902697245,"_wandb":{"runtime":17},"chance_level":10,"Timestep":10}