{"Timestep":10,"Accuracy":37.54,"chance_level":10,"Time Taken to Run the Code(Mins)":8.487707563241322,"_wandb":{"runtime":508},"_runtime":508,"_step":12,"_timestamp":1.7582131591336977e+09}