{"_timestamp":1.7515466383952723e+09,"Accuracy":25.5,"_step":12,"Time Taken to Run the Code(Mins)":0.2783264994621277,"_wandb":{"runtime":16},"chance_level":10,"_runtime":16.39896286,"MediaLogs/s&p_0.2":{"sha256":"258790cc567a266b10ae4c3402110f4a77c2a2ad20e989f48a1132a7e187dd37","size":22652,"path":"media/images/MediaLogs/s&p_0.2_0_258790cc567a266b10ae.png","format":"png","width":138,"height":70,"caption":"Noisy Images: s&p 0.2","_type":"image-file"},"Timestep":10}