{"_runtime":578,"_timestamp":1.7579395988232558e+09,"_step":12,"Timestep":10,"Accuracy":37.16,"chance_level":10,"Time Taken to Run the Code(Mins)":9.659486059347788,"_wandb":{"runtime":578}}