{"_runtime":462,"_timestamp":1.75819644036054e+09,"_step":12,"Timestep":10,"Accuracy":31.35,"chance_level":10,"Time Taken to Run the Code(Mins)":7.733391439914703,"_wandb":{"runtime":462}}