{"Time Taken to Run the Code(Mins)":0.3339926600456238,"_wandb":{"runtime":18},"_runtime":18,"_timestamp":1.7574439187721689e+09,"_step":12,"chance_level":10,"Timestep":10,"Accuracy":37.24}