{"Timestep":10,"Accuracy":38.41,"chance_level":10,"Time Taken to Run the Code(Mins)":0.33652130762736004,"_wandb":{"runtime":19},"_runtime":19,"_step":12,"_timestamp":1.7574204911877577e+09}