{"chance_level":10,"Time Taken to Run the Code(Mins)":8.899362369378407,"_wandb":{"runtime":531},"_runtime":531,"_timestamp":1.7581873639933105e+09,"_step":12,"Timestep":10,"Accuracy":37.24}