{"chance_level":10,"Timestep":10,"Accuracy":36.05,"Time Taken to Run the Code(Mins)":0.32408419450124104,"_wandb":{"runtime":18},"_runtime":18,"_timestamp":1.757441207628143e+09,"_step":12}