{"chance_level":10,"Time Taken to Run the Code(Mins)":5.9594652136166895,"_wandb":{"runtime":356},"_runtime":356,"_timestamp":1.758213888384616e+09,"_step":12,"Timestep":10,"Accuracy":35.16}