{"Accuracy":37.1,"chance_level":10,"Time Taken to Run the Code(Mins)":0.3224962512652079,"_wandb":{"runtime":18},"_runtime":18,"_timestamp":1.7574392553074362e+09,"_step":12,"Timestep":10}