{"_wandb":{"runtime":18},"_runtime":18,"_timestamp":1.7574353711794531e+09,"_step":12,"Timestep":10,"Accuracy":36.34,"chance_level":10,"Time Taken to Run the Code(Mins)":0.31978479623794553}