{"_runtime":730,"_step":12,"_timestamp":1.7579292824987414e+09,"Timestep":10,"Accuracy":38.34,"chance_level":10,"Time Taken to Run the Code(Mins)":12.193924192587534,"_wandb":{"runtime":730}}