{"Time Taken to Run the Code(Mins)":7.489328789710998,"_wandb":{"runtime":448},"_runtime":448,"_timestamp":1.758212061151343e+09,"_step":12,"chance_level":10,"Timestep":10,"Accuracy":29.2}