{"_step":12,"Timestep":10,"Accuracy":35.85,"chance_level":10,"Time Taken to Run the Code(Mins)":7.331829305489858,"_wandb":{"runtime":438},"_runtime":438,"_timestamp":1.757947786209804e+09}