{"_wandb":{"runtime":18},"_runtime":18,"_timestamp":1.7574276066467123e+09,"_step":12,"Timestep":10,"Accuracy":37.89,"chance_level":10,"Time Taken to Run the Code(Mins)":0.327744722366333}