{"_step":12,"Timestep":10,"Accuracy":38.29,"chance_level":10,"Time Taken to Run the Code(Mins)":0.33159976402918495,"_wandb":{"runtime":18},"_runtime":18,"_timestamp":1.75743794534502e+09}