{"Time Taken to Run the Code(Mins)":0.34410332441329955,"_wandb":{"runtime":19},"_runtime":19,"_timestamp":1.7574320897256591e+09,"_step":12,"chance_level":10,"Timestep":10,"Accuracy":38.26}