{"_wandb":{"runtime":634},"_runtime":634,"_timestamp":1.757930289449858e+09,"_step":12,"Timestep":10,"Accuracy":38.2,"chance_level":10,"Time Taken to Run the Code(Mins)":10.611947278181711}