{"_timestamp":1.7582005179036298e+09,"_step":12,"Timestep":10,"Accuracy":31.57,"chance_level":10,"Time Taken to Run the Code(Mins)":10.133012954394022,"_wandb":{"runtime":606},"_runtime":606}