{"Time Taken to Run the Code(Mins)":13.068703210353851,"_wandb":{"runtime":781},"_runtime":781,"_step":12,"_timestamp":1.7582040967007048e+09,"Timestep":10,"Accuracy":29.93,"chance_level":10}