{"chance_level":10,"Time Taken to Run the Code(Mins)":7.127297886212667,"_wandb":{"runtime":425},"_runtime":425,"_timestamp":1.7582208701880693e+09,"_step":12,"Timestep":10,"Accuracy":32.12}