{"_wandb":{"runtime":707},"_runtime":707,"_timestamp":1.7579345053775797e+09,"_step":12,"Accuracy":37.54,"chance_level":10,"Timestep":10,"Time Taken to Run the Code(Mins)":11.826480674743653}