{"chance_level":10,"Time Taken to Run the Code(Mins)":0.32255589962005615,"_wandb":{"runtime":18},"_runtime":18,"_timestamp":1.757435642586044e+09,"_step":12,"Timestep":10,"Accuracy":35.78}