{"_runtime":388,"_timestamp":1.7581884731944976e+09,"_step":12,"Timestep":10,"Accuracy":35.8,"chance_level":10,"Time Taken to Run the Code(Mins)":6.514779476324717,"_wandb":{"runtime":388}}