{"Timestep":10,"Accuracy":29.93,"chance_level":10,"Time Taken to Run the Code(Mins)":6.534272368748983,"_wandb":{"runtime":390},"_runtime":390,"_timestamp":1.7582111461764636e+09,"_step":12}