{"chance_level":10,"Timestep":10,"Time Taken to Run the Code(Mins)":4.763325158754984,"_wandb":{"runtime":284},"_runtime":284,"_timestamp":1.7570842137375941e+09,"_step":12,"Accuracy":33.19}