{"_timestamp":1.7516460157684164e+09,"_runtime":16.158235217,"MediaLogs/gauss_0.4":{"width":138,"height":70,"caption":"Noisy Images: gauss 0.4","_type":"image-file","sha256":"9e1134f3eccd4afbd08f42ea855354228da2f6401a3ca3d434708c91e5131886","size":21177,"path":"media/images/MediaLogs/gauss_0.4_0_9e1134f3eccd4afbd08f.png","format":"png"},"Time Taken to Run the Code(Mins)":0.2743698040644328,"Timestep":10,"Accuracy":55.22,"_wandb":{"runtime":16},"chance_level":10,"_step":12}