{"Accuracy":36.48,"chance_level":10,"Timestep":10,"Time Taken to Run the Code(Mins)":8.768766256173452,"_wandb":{"runtime":524},"_runtime":524,"_timestamp":1.75819809992921e+09,"_step":12}