{"Time Taken to Run the Code(Mins)":9.33986085653305,"_wandb":{"runtime":558},"_runtime":558,"_timestamp":1.7579267819117415e+09,"_step":12,"Timestep":10,"Accuracy":38.4,"chance_level":10}