{"Timestep":10,"Accuracy":36.32,"Time Taken to Run the Code(Mins)":6.952315799395243,"_wandb":{"runtime":415},"_runtime":415,"_timestamp":1.7581924143779697e+09,"_step":12,"chance_level":10}