{"_timestamp":1.757419101123058e+09,"_step":12,"Accuracy":38.37,"chance_level":10,"Timestep":10,"Time Taken to Run the Code(Mins)":0.33101142644882203,"_wandb":{"runtime":18},"_runtime":18}