{"_step":12,"Accuracy":37.54,"chance_level":10,"Timestep":10,"Time Taken to Run the Code(Mins)":8.157609025637308,"_wandb":{"runtime":488},"_runtime":488,"_timestamp":1.7579344033144603e+09}