{"Accuracy":38.15,"chance_level":10,"Time Taken to Run the Code(Mins)":8.831908508141835,"_wandb":{"runtime":528},"_runtime":528,"_timestamp":1.7579442595173028e+09,"_step":12,"Timestep":10}