{"_wandb":{"runtime":287},"_runtime":287,"_timestamp":1.7570842183873746e+09,"_step":12,"Timestep":10,"Accuracy":33.18,"chance_level":10,"Time Taken to Run the Code(Mins)":4.805239069461822}