{"Time Taken to Run the Code(Mins)":12.124884486198425,"_wandb":{"runtime":724},"_runtime":724,"_timestamp":1.75820129470258e+09,"_step":12,"Timestep":10,"Accuracy":31.83,"chance_level":10}