{"_step":12,"_timestamp":1.757934514106561e+09,"Timestep":10,"Accuracy":37.51,"chance_level":10,"Time Taken to Run the Code(Mins)":11.754501744111378,"_wandb":{"runtime":703},"_runtime":703}