{"Time Taken to Run the Code(Mins)":8.083746910095215,"_wandb":{"runtime":483},"_runtime":483,"_step":12,"_timestamp":1.7581888454719865e+09,"Timestep":10,"Accuracy":34.67,"chance_level":10}