{"_timestamp":1.757441966042203e+09,"_step":12,"Timestep":10,"Accuracy":38.23,"chance_level":10,"Time Taken to Run the Code(Mins)":0.33678489526112876,"_wandb":{"runtime":18},"_runtime":18}