{"_step":12,"Accuracy":63.14,"_runtime":15.815001277,"Time Taken to Run the Code(Mins)":0.2686084985733032,"_wandb":{"runtime":15},"MediaLogs/gauss_0.06":{"size":18959,"path":"media/images/MediaLogs/gauss_0.06_0_fb4f18abaa786478c902.png","format":"png","width":138,"height":70,"caption":"Noisy Images: gauss 0.06","_type":"image-file","sha256":"fb4f18abaa786478c902089c03246b573543818264d6cd766815c05412f01760"},"_timestamp":1.7515329353373148e+09,"Timestep":10,"chance_level":10}