{"_timestamp":1.757957963294407e+09,"_step":12,"Timestep":10,"Accuracy":37.3,"chance_level":10,"Time Taken to Run the Code(Mins)":7.4742635846138,"_wandb":{"runtime":447},"_runtime":447}