{"chance_level":10,"MediaLogs/gauss_0.06":{"format":"png","width":138,"height":70,"caption":"Noisy Images: gauss 0.06","_type":"image-file","sha256":"fb4f18abaa786478c902089c03246b573543818264d6cd766815c05412f01760","size":18959,"path":"media/images/MediaLogs/gauss_0.06_0_fb4f18abaa786478c902.png"},"Timestep":10,"_step":12,"_timestamp":1.751468191672999e+09,"_runtime":16.198277382,"Time Taken to Run the Code(Mins)":0.27504167556762693,"Accuracy":57.92,"_wandb":{"runtime":16}}