{"_wandb":{"runtime":18},"_runtime":18,"_step":12,"_timestamp":1.7574257271555157e+09,"Timestep":10,"Accuracy":37.6,"chance_level":10,"Time Taken to Run the Code(Mins)":0.3334408124287923}