{"_timestamp":1.758215158997135e+09,"_step":12,"Timestep":10,"Accuracy":33.5,"chance_level":10,"Time Taken to Run the Code(Mins)":7.22183833916982,"_wandb":{"runtime":431},"_runtime":431}