{"Timestep":10,"Accuracy":30.11,"chance_level":10,"Time Taken to Run the Code(Mins)":8.957964380582174,"_wandb":{"runtime":535},"_runtime":535,"_timestamp":1.7582044995190356e+09,"_step":12}