{"Time Taken to Run the Code(Mins)":6.861230587959289,"_wandb":{"runtime":410},"_runtime":410,"_timestamp":1.7582172368851287e+09,"_step":12,"Timestep":10,"Accuracy":29.37,"chance_level":10}