{"chance_level":10,"Timestep":10,"Accuracy":36.23,"Time Taken to Run the Code(Mins)":0.32821838061014813,"_wandb":{"runtime":18},"_runtime":18,"_step":12,"_timestamp":1.7574349111253736e+09}