{"_timestamp":1.7574333903645675e+09,"_step":12,"Timestep":10,"Accuracy":37.43,"chance_level":10,"Time Taken to Run the Code(Mins)":0.33442093928654987,"_wandb":{"runtime":18},"_runtime":18}