{"_wandb":{"runtime":433},"_runtime":433,"_timestamp":1.7581963157270246e+09,"_step":12,"Timestep":10,"Accuracy":31.44,"chance_level":10,"Time Taken to Run the Code(Mins)":7.246853792667389}