{"Timestep":10,"Accuracy":33.86,"chance_level":10,"Time Taken to Run the Code(Mins)":8.419119664033254,"_wandb":{"runtime":503},"_runtime":503,"_timestamp":1.7581999902125344e+09,"_step":12}