{"chance_level":10,"Timestep":10,"Accuracy":37.52,"Time Taken to Run the Code(Mins)":0.34904824097951254,"_wandb":{"runtime":19},"_runtime":19,"_timestamp":1.757426108950315e+09,"_step":12}