{"chance_level":10,"Time Taken to Run the Code(Mins)":0.3291173656781515,"_wandb":{"runtime":18},"_runtime":18,"_timestamp":1.7574229982474442e+09,"_step":12,"Timestep":10,"Accuracy":38.12}