{"_step":12,"Accuracy":31.09,"chance_level":10,"Timestep":10,"Time Taken to Run the Code(Mins)":9.144116270542145,"_wandb":{"runtime":547},"_runtime":547,"_timestamp":1.758197120375971e+09}