{"_step":12,"Timestep":10,"Accuracy":36.32,"chance_level":10,"Time Taken to Run the Code(Mins)":8.621197481950125,"_wandb":{"runtime":515},"_runtime":515,"_timestamp":1.7579469957606988e+09}