{"_wandb":{"runtime":538},"_runtime":538,"_timestamp":1.7579471553969371e+09,"_step":12,"Accuracy":36.41,"chance_level":10,"Timestep":10,"Time Taken to Run the Code(Mins)":8.99466499487559}