{"Time Taken to Run the Code(Mins)":0.33459904591242473,"_wandb":{"runtime":19},"_runtime":19,"_timestamp":1.757428342538465e+09,"_step":12,"Timestep":10,"Accuracy":37.32,"chance_level":10}