{"chance_level":10,"Time Taken to Run the Code(Mins)":7.428395056724549,"_wandb":{"runtime":444},"_runtime":444,"_timestamp":1.7582224992213738e+09,"_step":12,"Timestep":10,"Accuracy":29.91}