{"Time Taken to Run the Code(Mins)":9.582736281553904,"_wandb":{"runtime":573},"_runtime":573,"_timestamp":1.7579524965250313e+09,"_step":12,"Timestep":10,"Accuracy":37.13,"chance_level":10}