{"chance_level":10,"Time Taken to Run the Code(Mins)":0.33948892752329507,"_wandb":{"runtime":19},"_runtime":19,"_timestamp":1.757419972373527e+09,"_step":12,"Timestep":10,"Accuracy":38.33}