{"chance_level":10,"Time Taken to Run the Code(Mins)":7.0447722434997555,"_wandb":{"runtime":421},"_runtime":421,"_timestamp":1.7581893955109782e+09,"_step":12,"Timestep":10,"Accuracy":34.73}