{"_step":12,"Timestep":10,"Accuracy":37.21,"chance_level":10,"Time Taken to Run the Code(Mins)":8.311419419447581,"_wandb":{"runtime":497},"_runtime":497,"_timestamp":1.7579523447871742e+09}