{"_runtime":514,"_timestamp":1.757937577777696e+09,"_step":12,"Timestep":10,"Accuracy":38.08,"chance_level":10,"Time Taken to Run the Code(Mins)":8.614131025473277,"_wandb":{"runtime":514}}