{"_step":12,"Timestep":10,"Accuracy":38.33,"chance_level":10,"Time Taken to Run the Code(Mins)":8.543001707394918,"_wandb":{"runtime":511},"_runtime":511,"_timestamp":1.757950333137266e+09}