{"_wandb":{"runtime":470},"_runtime":470,"_timestamp":1.7574161647898724e+09,"_step":12,"Timestep":10,"Accuracy":38,"chance_level":10,"Time Taken to Run the Code(Mins)":7.856714034080506}