{"Time Taken to Run the Code(Mins)":0.33268141746520996,"_wandb":{"runtime":18},"_runtime":18,"_timestamp":1.7574451002420216e+09,"_step":12,"Timestep":10,"Accuracy":36.88,"chance_level":10}