{"Time Taken to Run the Code(Mins)":7.6579928239186605,"_wandb":{"runtime":458},"_runtime":458,"_timestamp":1.7582192594495277e+09,"_step":12,"Timestep":10,"Accuracy":35.95,"chance_level":10}