{"Time Taken to Run the Code(Mins)":0.3319599191347758,"_wandb":{"runtime":18},"_runtime":18,"_timestamp":1.7574187197446704e+09,"_step":12,"Timestep":10,"Accuracy":38.33,"chance_level":10}