{"Timestep":10,"Accuracy":36.74,"Time Taken to Run the Code(Mins)":10.3276802221934,"_wandb":{"runtime":618},"_runtime":618,"_timestamp":1.7579405969072945e+09,"_step":12,"chance_level":10}