{"Timestep":10,"Accuracy":38.31,"chance_level":10,"Time Taken to Run the Code(Mins)":0.3361119111378988,"_wandb":{"runtime":19},"_runtime":19,"_timestamp":1.7574320073426852e+09,"_step":12}