{"chance_level":10,"Timestep":10,"Time Taken to Run the Code(Mins)":8.535479418436687,"_wandb":{"runtime":510},"_runtime":510,"_timestamp":1.7579389934222164e+09,"_step":12,"Accuracy":37.02}