{"Timestep":10,"Accuracy":35.9,"chance_level":10,"Time Taken to Run the Code(Mins)":0.33078947067260744,"_wandb":{"runtime":18},"_runtime":18,"_timestamp":1.757435968169222e+09,"_step":12}