{"Timestep":10,"Accuracy":37.16,"chance_level":10,"Time Taken to Run the Code(Mins)":0.33271400531133016,"_wandb":{"runtime":18},"_runtime":18,"_timestamp":1.757434663510208e+09,"_step":12}