{"chance_level":10,"Time Taken to Run the Code(Mins)":3.3987874229749044,"_wandb":{"runtime":202},"_runtime":202,"_timestamp":1.7570913457638361e+09,"_step":12,"Timestep":10,"Accuracy":31.5}