{"Timestep":10,"Accuracy":33.08,"chance_level":10,"Time Taken to Run the Code(Mins)":7.219483268260956,"_wandb":{"runtime":431},"_runtime":431,"_timestamp":1.758214642075523e+09,"_step":12}