{"_wandb":{"runtime":521},"_runtime":521,"_timestamp":1.7581990529354224e+09,"_step":12,"Timestep":10,"Accuracy":33.68,"chance_level":10,"Time Taken to Run the Code(Mins)":8.714279035727182}