{"Time Taken to Run the Code(Mins)":8.40189829270045,"_wandb":{"runtime":502},"_runtime":502,"_timestamp":1.7579332274137278e+09,"_step":12,"Timestep":10,"Accuracy":37.5,"chance_level":10}