{"_runtime":18,"_timestamp":1.757428989816796e+09,"_step":12,"Timestep":10,"Accuracy":37.43,"chance_level":10,"Time Taken to Run the Code(Mins)":0.32381035884221393,"_wandb":{"runtime":18}}