{"Time Taken to Run the Code(Mins)":0.3262409845987956,"_wandb":{"runtime":18},"_runtime":18,"_step":12,"_timestamp":1.7574256451639829e+09,"Timestep":10,"Accuracy":37.6,"chance_level":10}