{"Time Taken to Run the Code(Mins)":6.649457669258117,"_wandb":{"runtime":397},"_runtime":397,"_timestamp":1.758218284212756e+09,"_step":12,"Timestep":10,"Accuracy":37.88,"chance_level":10}