{"_wandb":{"runtime":364},"_runtime":364,"_timestamp":1.7582135015945098e+09,"_step":12,"Timestep":10,"Accuracy":37.65,"chance_level":10,"Time Taken to Run the Code(Mins)":6.099941881497701}