{"_wandb":{"runtime":15},"_step":11,"Timestep":10,"Accuracy":67.44,"_timestamp":1.7513796303328538e+09,"_runtime":15.55060927,"Time Taken to Run the Code(Mins)":0.2631749431292216}