{"_timestamp":1.7519688033658242e+09,"Time Taken to Run the Code(Mins)":0.2687116185824076,"Accuracy":62.01,"_step":12,"chance_level":10,"Timestep":10,"_wandb":{"runtime":15},"_runtime":15.821326182,"MediaLogs/s&p_0.0":{"format":"png","width":138,"height":70,"caption":"Noisy Images: s&p 0.0","_type":"image-file","sha256":"1351f578828d886452347dc6a8a5d01cff2cec649d66f35cdd7f696cc437603a","size":18482,"path":"media/images/MediaLogs/s&p_0.0_0_1351f578828d88645234.png"}}