{"_runtime":414,"_timestamp":1.7581925349844232e+09,"_step":12,"chance_level":10,"Timestep":10,"Accuracy":36.41,"Time Taken to Run the Code(Mins)":6.933385137716929,"_wandb":{"runtime":414}}