{"MediaLogs/gauss_0.2":{"height":70,"caption":"Noisy Images: gauss 0.2","_type":"image-file","sha256":"45f4dc678aa706151bebfea1540f5a37a816d74589f6ccf6fdeedb9f2f08c515","size":20156,"path":"media/images/MediaLogs/gauss_0.2_0_45f4dc678aa706151beb.png","format":"png","width":138},"_runtime":16.160566927,"Time Taken to Run the Code(Mins)":0.27431898514429726,"Accuracy":56.1,"_wandb":{"runtime":16},"_timestamp":1.751977354094534e+09,"Timestep":10,"chance_level":10,"_step":12}