{"Timestep":10,"Accuracy":38.26,"chance_level":10,"Time Taken to Run the Code(Mins)":8.864655987421672,"_wandb":{"runtime":529},"_runtime":529,"_timestamp":1.7579494943348863e+09,"_step":12}