{"_timestamp":1.7579292640085196e+09,"_step":12,"Timestep":10,"Accuracy":38.25,"chance_level":10,"Time Taken to Run the Code(Mins)":12.244756245613098,"_wandb":{"runtime":732},"_runtime":732}