{"Timestep":10,"Accuracy":34.16,"chance_level":10,"Time Taken to Run the Code(Mins)":7.17043308019638,"_wandb":{"runtime":428},"_runtime":428,"_timestamp":1.7582201925082335e+09,"_step":12}