{"_step":12,"Timestep":10,"Accuracy":33.08,"chance_level":10,"Time Taken to Run the Code(Mins)":4.599910724163055,"_wandb":{"runtime":275},"_runtime":275,"_timestamp":1.7570903123808763e+09}