{"Time Taken to Run the Code(Mins)":9.471053266525269,"_wandb":{"runtime":566},"_runtime":566,"_timestamp":1.7582052599056416e+09,"_step":12,"Accuracy":29.64,"chance_level":10,"Timestep":10}