{"chance_level":10,"Time Taken to Run the Code(Mins)":7.592560974756877,"_wandb":{"runtime":453},"_runtime":453,"_timestamp":1.7581921263392568e+09,"_step":12,"Timestep":10,"Accuracy":33.89}