{"Timestep":10,"Time Taken to Run the Code(Mins)":0.32839825948079426,"_wandb":{"runtime":18},"_runtime":18,"_timestamp":1.757437863187875e+09,"_step":12,"Accuracy":38.32,"chance_level":10}