{"_timestamp":1.7581990629402306e+09,"_step":12,"Accuracy":33.7,"chance_level":10,"Timestep":10,"Time Taken to Run the Code(Mins)":7.858048935731252,"_wandb":{"runtime":470},"_runtime":470}