{"Timestep":10,"Accuracy":32.64,"Time Taken to Run the Code(Mins)":4.409971598784129,"_wandb":{"runtime":263},"_runtime":263,"_timestamp":1.7570839136790903e+09,"_step":12,"chance_level":10}