{"Timestep":10,"Time Taken to Run the Code(Mins)":12.191794641812642,"_wandb":{"runtime":730},"_runtime":730,"_timestamp":1.7582018159053779e+09,"_step":12,"Accuracy":30.29,"chance_level":10}