{"Time Taken to Run the Code(Mins)":7.465693318843842,"_wandb":{"runtime":446},"_runtime":446,"_timestamp":1.7582178754989192e+09,"_step":12,"Accuracy":37.92,"chance_level":10,"Timestep":10}