{"_wandb":{"runtime":19},"_runtime":19,"_step":12,"_timestamp":1.7574319799553945e+09,"chance_level":10,"Timestep":10,"Accuracy":38.33,"Time Taken to Run the Code(Mins)":0.33573206265767414}