{"Time Taken to Run the Code(Mins)":8.745183551311493,"_wandb":{"runtime":522},"_runtime":522,"_step":12,"_timestamp":1.7582046121661274e+09,"chance_level":10,"Timestep":10,"Accuracy":30.15}