{"chance_level":10,"Time Taken to Run the Code(Mins)":6.810785162448883,"_wandb":{"runtime":407},"_runtime":407,"_timestamp":1.7582116173999968e+09,"_step":12,"Timestep":10,"Accuracy":28.91}