{"Timestep":10,"Accuracy":38.02,"chance_level":10,"Time Taken to Run the Code(Mins)":0.3396921674410502,"_wandb":{"runtime":19},"_runtime":19,"_timestamp":1.7574174689592133e+09,"_step":12}