{"_runtime":18,"_timestamp":1.7574453412943687e+09,"_step":12,"Timestep":10,"Accuracy":36.93,"chance_level":10,"Time Taken to Run the Code(Mins)":0.32771802743275963,"_wandb":{"runtime":18}}