{"_runtime":597,"_timestamp":1.7582041106383033e+09,"_step":12,"Timestep":10,"Accuracy":29.98,"chance_level":10,"Time Taken to Run the Code(Mins)":9.990616675217947,"_wandb":{"runtime":597}}