{"_timestamp":1.758210361734395e+09,"_step":12,"Timestep":10,"Accuracy":30.62,"chance_level":10,"Time Taken to Run the Code(Mins)":7.091919124126434,"_wandb":{"runtime":424},"_runtime":424}