{"_runtime":564,"_timestamp":1.7579506972011745e+09,"_step":12,"chance_level":10,"Timestep":10,"Accuracy":38.37,"Time Taken to Run the Code(Mins)":9.45790224870046,"_wandb":{"runtime":564}}