{"_timestamp":1.7579330348072064e+09,"_step":12,"Timestep":10,"Accuracy":37.65,"chance_level":10,"Time Taken to Run the Code(Mins)":9.360947088400524,"_wandb":{"runtime":560},"_runtime":560}