{"chance_level":10,"Time Taken to Run the Code(Mins)":10.349408543109893,"_wandb":{"runtime":619},"_runtime":619,"_timestamp":1.7579397820483165e+09,"_step":12,"Timestep":10,"Accuracy":37.14}