{"_wandb":{"runtime":349},"_runtime":349,"_timestamp":1.7582207029812284e+09,"_step":12,"Accuracy":32.07,"chance_level":10,"Timestep":10,"Time Taken to Run the Code(Mins)":5.843010453383128}