{"_step":12,"_timestamp":1.7581983027712305e+09,"chance_level":10,"Timestep":10,"Accuracy":36.56,"Time Taken to Run the Code(Mins)":9.218191953500112,"_wandb":{"runtime":551},"_runtime":551}