{"_timestamp":1.7581907281629083e+09,"Timestep":10,"Accuracy":34.01,"chance_level":10,"Time Taken to Run the Code(Mins)":7.305197715759277,"_wandb":{"runtime":436},"_runtime":436,"_step":12}