{"Timestep":10,"Accuracy":33.83,"chance_level":10,"Time Taken to Run the Code(Mins)":6.7100168148676556,"_wandb":{"runtime":401},"_runtime":401,"_timestamp":1.7581933928311114e+09,"_step":12}