{"chance_level":10,"Time Taken to Run the Code(Mins)":5.144014537334442,"_wandb":{"runtime":307},"_runtime":307,"_timestamp":1.7570844431230128e+09,"_step":12,"Timestep":10,"Accuracy":32.52}