{"Timestep":10,"Accuracy":37.03,"chance_level":10,"Time Taken to Run the Code(Mins)":0.34400925238927205,"_wandb":{"runtime":19},"_runtime":19,"_step":12,"_timestamp":1.7574343917124693e+09}