{"Timestep":10,"Accuracy":38.19,"chance_level":10,"Time Taken to Run the Code(Mins)":8.860732432206472,"_wandb":{"runtime":529},"_runtime":529,"_step":12,"_timestamp":1.757944258206735e+09}