{"_step":12,"_runtime":16.454751375,"_timestamp":1.751465384499155e+09,"Accuracy":15.5,"MediaLogs/s&p_0.8":{"width":138,"height":70,"caption":"Noisy Images: s&p 0.8","_type":"image-file","sha256":"c5de290bc607a4d3a958a7bbf55c32825b481e2e8eecb255f8d00ebb9a0e0de2","size":7046,"path":"media/images/MediaLogs/s&p_0.8_0_c5de290bc607a4d3a958.png","format":"png"},"Timestep":10,"Time Taken to Run the Code(Mins)":0.2790175239245097,"chance_level":10,"_wandb":{"runtime":16}}