{"_runtime":18,"_step":12,"_timestamp":1.7574368080153508e+09,"chance_level":10,"Timestep":10,"Accuracy":38.34,"Time Taken to Run the Code(Mins)":0.3290708065032959,"_wandb":{"runtime":18}}