{"_timestamp":1.7579331528036044e+09,"_step":12,"Timestep":10,"Accuracy":37.65,"chance_level":10,"Time Taken to Run the Code(Mins)":9.512834910551707,"_wandb":{"runtime":569},"_runtime":569}