{"_timestamp":1.758221014374709e+09,"_step":12,"Timestep":10,"Accuracy":32.15,"chance_level":10,"Time Taken to Run the Code(Mins)":6.9878608107566835,"_wandb":{"runtime":418},"_runtime":418}