{"_step":12,"_timestamp":1.7574337732453694e+09,"chance_level":10,"Timestep":10,"Accuracy":37.43,"Time Taken to Run the Code(Mins)":0.3246303757031759,"_wandb":{"runtime":18},"_runtime":18}