{"_wandb":{"runtime":517},"_runtime":517,"_timestamp":1.7579331070396116e+09,"_step":12,"Timestep":10,"Accuracy":37.64,"chance_level":10,"Time Taken to Run the Code(Mins)":8.648010845979055}