{"_runtime":19,"_timestamp":1.7574336091620526e+09,"_step":12,"Timestep":10,"Accuracy":37.42,"chance_level":10,"Time Taken to Run the Code(Mins)":0.3334850827852885,"_wandb":{"runtime":19}}