{"chance_level":10,"Time Taken to Run the Code(Mins)":7.242273124059041,"_wandb":{"runtime":433},"_runtime":433,"_timestamp":1.7581979156087146e+09,"_step":12,"Timestep":10,"Accuracy":36.36}