{"MediaLogs/gauss_0.0":{"sha256":"1351f578828d886452347dc6a8a5d01cff2cec649d66f35cdd7f696cc437603a","size":18482,"path":"media/images/MediaLogs/gauss_0.0_0_1351f578828d88645234.png","format":"png","width":138,"height":70,"caption":"Noisy Images: gauss 0.0","_type":"image-file"},"Timestep":10,"Accuracy":56.38,"Time Taken to Run the Code(Mins)":0.27335734367370607,"_runtime":16.100033902,"_timestamp":1.7516511919951603e+09,"_step":12,"_wandb":{"runtime":16},"chance_level":10}