{"_timestamp":1.7579489785113115e+09,"_step":12,"Timestep":10,"Accuracy":38.36,"chance_level":10,"Time Taken to Run the Code(Mins)":9.722699042161306,"_wandb":{"runtime":582},"_runtime":582}