{"_runtime":18,"_timestamp":1.7574409673453014e+09,"_step":12,"Timestep":10,"Accuracy":35.99,"chance_level":10,"Time Taken to Run the Code(Mins)":0.3232171893119812,"_wandb":{"runtime":18}}