{"chance_level":10,"Time Taken to Run the Code(Mins)":7.369501479466757,"_wandb":{"runtime":440},"_runtime":440,"_timestamp":1.7579565771842704e+09,"_step":12,"Timestep":10,"Accuracy":38.39}