{"Timestep":10,"Accuracy":38.34,"chance_level":10,"Time Taken to Run the Code(Mins)":0.3420040845870972,"_wandb":{"runtime":19},"_runtime":19,"_timestamp":1.7574188848072073e+09,"_step":12}