{"Time Taken to Run the Code(Mins)":0.32933417956034344,"_wandb":{"runtime":18},"_runtime":18,"_timestamp":1.7574308624026518e+09,"_step":12,"Timestep":10,"Accuracy":36.27,"chance_level":10}