{"_wandb":{"runtime":17},"MediaLogs/s&p_0.02":{"format":"png","width":138,"height":70,"caption":"Noisy Images: s&p 0.02","_type":"image-file","sha256":"6d9678668fc378e1951bb630f4f538672833bbd927b8b3128ea48471d230098d","size":19693,"path":"media/images/MediaLogs/s&p_0.02_0_6d9678668fc378e1951b.png"},"_step":12,"Time Taken to Run the Code(Mins)":0.29437122742335003,"chance_level":10,"_timestamp":1.751638558343978e+09,"_runtime":17.357222091,"Accuracy":51.33,"Timestep":10}