{"chance_level":10,"Time Taken to Run the Code(Mins)":0.33072964747746786,"_wandb":{"runtime":18},"_runtime":18,"_timestamp":1.7574266568251367e+09,"_step":12,"Timestep":10,"Accuracy":37.52}