{"_timestamp":1.7574195374950528e+09,"Timestep":10,"Accuracy":38.32,"chance_level":10,"Time Taken to Run the Code(Mins)":0.3320712049802144,"_wandb":{"runtime":18},"_runtime":18,"_step":12}