{"Time Taken to Run the Code(Mins)":0.3295091032981873,"_wandb":{"runtime":18},"_runtime":18,"_timestamp":1.757437405270293e+09,"_step":12,"chance_level":10,"Timestep":10,"Accuracy":38.31}