{"Timestep":10,"Accuracy":30,"Time Taken to Run the Code(Mins)":16.155205070972443,"_wandb":{"runtime":967},"_runtime":967,"_timestamp":1.7582046765787776e+09,"_step":12,"chance_level":10}