{"Timestep":10,"Accuracy":37.65,"chance_level":10,"Time Taken to Run the Code(Mins)":5.704800403118133,"_wandb":{"runtime":341},"_runtime":341,"_step":12,"_timestamp":1.758213114993644e+09}