{"_timestamp":1.7579263776016574e+09,"_step":12,"Timestep":10,"Accuracy":38.42,"chance_level":10,"Time Taken to Run the Code(Mins)":8.650226159890492,"_wandb":{"runtime":517},"_runtime":517}