{"Accuracy":38.26,"Time Taken to Run the Code(Mins)":0.3422346830368042,"_wandb":{"runtime":19},"_runtime":19,"_timestamp":1.7574421842596018e+09,"_step":12,"chance_level":10,"Timestep":10}