{"_runtime":436,"_timestamp":1.7582197357652197e+09,"_step":12,"Accuracy":33.98,"chance_level":10,"Timestep":10,"Time Taken to Run the Code(Mins)":7.294245000680288,"_wandb":{"runtime":436}}