{"_step":12,"Timestep":10,"Accuracy":38.24,"chance_level":10,"Time Taken to Run the Code(Mins)":8.255227867762247,"_wandb":{"runtime":493},"_runtime":493,"_timestamp":1.7579433632256558e+09}