{"Accuracy":38.34,"chance_level":10,"Time Taken to Run the Code(Mins)":9.059881047407787,"_wandb":{"runtime":542},"_runtime":542,"_timestamp":1.7579286039505029e+09,"_step":12,"Timestep":10}