{"_timestamp":1.7574239626651502e+09,"Timestep":10,"Accuracy":37.81,"chance_level":10,"Time Taken to Run the Code(Mins)":0.34214511315027873,"_wandb":{"runtime":19},"_runtime":19,"_step":12}