{"_wandb":{"runtime":410},"_runtime":410,"_step":12,"_timestamp":1.7581906664658666e+09,"Timestep":10,"Accuracy":34.02,"chance_level":10,"Time Taken to Run the Code(Mins)":6.8562621156374615}