{"Timestep":10,"Accuracy":38.43,"chance_level":10,"Time Taken to Run the Code(Mins)":0.33315988381703693,"_wandb":{"runtime":18},"_runtime":18,"_timestamp":1.7574201619149435e+09,"_step":12}