{"_step":12,"_timestamp":1.7574258629156353e+09,"chance_level":10,"Timestep":10,"Accuracy":37.51,"Time Taken to Run the Code(Mins)":0.3340472340583801,"_wandb":{"runtime":18},"_runtime":18}