{"Time Taken to Run the Code(Mins)":0.2729921023050944,"chance_level":10,"_wandb":{"runtime":16},"_timestamp":1.7514679252286875e+09,"_runtime":16.077358882,"Accuracy":58.23,"_step":12,"Timestep":10,"MediaLogs/gauss_0.0":{"width":138,"height":70,"caption":"Noisy Images: gauss 0.0","_type":"image-file","sha256":"1351f578828d886452347dc6a8a5d01cff2cec649d66f35cdd7f696cc437603a","size":18482,"path":"media/images/MediaLogs/gauss_0.0_0_1351f578828d88645234.png","format":"png"}}