{"Accuracy":67.51,"Time Taken to Run the Code(Mins)":0.26421262820561725,"_wandb":{"runtime":15},"_timestamp":1.7513765193728664e+09,"_runtime":15.619921434,"_step":11,"Timestep":10}