{"Timestep":10,"Accuracy":30.38,"chance_level":10,"Time Taken to Run the Code(Mins)":11.686156105995178,"_wandb":{"runtime":698},"_runtime":698,"_timestamp":1.7582019143184078e+09,"_step":12}