{"Accuracy":37.04,"Time Taken to Run the Code(Mins)":0.2697158416112264,"_timestamp":1.751977020605462e+09,"chance_level":10,"_wandb":{"runtime":15},"MediaLogs/s&p_0.0":{"height":70,"caption":"Noisy Images: s&p 0.0","_type":"image-file","sha256":"1351f578828d886452347dc6a8a5d01cff2cec649d66f35cdd7f696cc437603a","size":18482,"path":"media/images/MediaLogs/s&p_0.0_0_1351f578828d88645234.png","format":"png","width":138},"_runtime":15.872743071,"_step":12,"Timestep":10}