{"Timestep":10,"Accuracy":29.1,"chance_level":10,"Time Taken to Run the Code(Mins)":6.8217634399731955,"_wandb":{"runtime":408},"_runtime":408,"_timestamp":1.758217058072673e+09,"_step":12}