{"_wandb":{"runtime":601},"_runtime":601,"_timestamp":1.757939330531059e+09,"_step":12,"Timestep":10,"Accuracy":37.03,"chance_level":10,"Time Taken to Run the Code(Mins)":10.04743786652883}