{"_runtime":15.561234945,"_step":11,"Timestep":10,"Accuracy":69.69,"_timestamp":1.7513619494396892e+09,"Time Taken to Run the Code(Mins)":0.2637687881787618,"_wandb":{"runtime":15}}