{"chance_level":10,"Timestep":10,"Time Taken to Run the Code(Mins)":8.41667910416921,"_wandb":{"runtime":503},"_runtime":503,"_timestamp":1.7579376976057985e+09,"_step":12,"Accuracy":38.08}