{"Timestep":10,"Accuracy":38.26,"chance_level":10,"Time Taken to Run the Code(Mins)":7.285269554456075,"_wandb":{"runtime":435},"_runtime":435,"_timestamp":1.7579551012886436e+09,"_step":12}