{"_step":12,"Timestep":10,"Accuracy":35.2,"chance_level":10,"Time Taken to Run the Code(Mins)":8.135369594891866,"_wandb":{"runtime":486},"_runtime":486,"_timestamp":1.758214185895684e+09}