{"_wandb":{"runtime":382},"_runtime":382,"_step":12,"_timestamp":1.75821930458567e+09,"Timestep":10,"Accuracy":35.98,"chance_level":10,"Time Taken to Run the Code(Mins)":6.407015812397003}