{"chance_level":10,"Time Taken to Run the Code(Mins)":6.3376109520594275,"_wandb":{"runtime":378},"_runtime":378,"_timestamp":1.7581958569579759e+09,"_step":12,"Timestep":10,"Accuracy":31.71}