{"_timestamp":1.7574298850115192e+09,"_step":12,"Timestep":10,"Accuracy":37.04,"chance_level":10,"Time Taken to Run the Code(Mins)":0.3423606872558594,"_wandb":{"runtime":19},"_runtime":19}