{"Timestep":10,"Accuracy":38.34,"chance_level":10,"Time Taken to Run the Code(Mins)":0.3354264696439107,"_wandb":{"runtime":18},"_runtime":18,"_timestamp":1.757437808818936e+09,"_step":12}