{"_wandb":{"runtime":278},"_runtime":278,"_timestamp":1.7570905922913425e+09,"_step":12,"Timestep":10,"Accuracy":32.96,"chance_level":10,"Time Taken to Run the Code(Mins)":4.6592918038368225}