{"_wandb":{"runtime":18},"_runtime":18,"_timestamp":1.7574381102039645e+09,"_step":12,"Timestep":10,"Accuracy":37.49,"chance_level":10,"Time Taken to Run the Code(Mins)":0.3319586435953776}