{"Accuracy":31.9,"chance_level":10,"Time Taken to Run the Code(Mins)":7.391007522741954,"_wandb":{"runtime":442},"_runtime":442,"_timestamp":1.758220651114267e+09,"_step":12,"Timestep":10}