{"Accuracy":30.34,"chance_level":10,"Time Taken to Run the Code(Mins)":7.4840831359227495,"_wandb":{"runtime":447},"_runtime":447,"_step":12,"_timestamp":1.7582165545130384e+09,"Timestep":10}