{"Time Taken to Run the Code(Mins)":11.196832271416982,"_wandb":{"runtime":668},"_runtime":668,"_timestamp":1.7579349834104896e+09,"_step":12,"Timestep":10,"Accuracy":37.58,"chance_level":10}