{"_step":12,"Timestep":10,"Accuracy":36.56,"chance_level":10,"Time Taken to Run the Code(Mins)":9.693817881743113,"_wandb":{"runtime":580},"_runtime":580,"_timestamp":1.757947765293331e+09}