{"_wandb":{"runtime":518},"_runtime":518,"_timestamp":1.7579255399161086e+09,"_step":12,"Timestep":10,"Accuracy":38.32,"chance_level":10,"Time Taken to Run the Code(Mins)":8.665964309374491}