{"_wandb":{"runtime":18},"_runtime":18,"_timestamp":1.7574406431873124e+09,"_step":12,"Timestep":10,"Accuracy":35.82,"chance_level":10,"Time Taken to Run the Code(Mins)":0.3289678414662679}