{"_timestamp":1.751968947185216e+09,"chance_level":10,"_wandb":{"runtime":15},"Timestep":10,"_step":12,"Accuracy":58.11,"_runtime":15.969091623,"MediaLogs/gauss_0.4":{"height":70,"caption":"Noisy Images: gauss 0.4","_type":"image-file","sha256":"9e1134f3eccd4afbd08f42ea855354228da2f6401a3ca3d434708c91e5131886","size":21177,"path":"media/images/MediaLogs/gauss_0.4_0_9e1134f3eccd4afbd08f.png","format":"png","width":138},"Time Taken to Run the Code(Mins)":0.2711745301882426}