{"_timestamp":1.7574398018217258e+09,"_step":12,"Timestep":10,"Accuracy":36.36,"chance_level":10,"Time Taken to Run the Code(Mins)":0.3250597596168518,"_wandb":{"runtime":18},"_runtime":18}