{"Time Taken to Run the Code(Mins)":1.6179269353548686,"_wandb":{"runtime":95},"_runtime":95,"Timestep":10,"Accuracy":11.346,"chance_level":10,"_timestamp":1.7568251268217392e+09,"_step":11}