{"Time Taken to Run the Code(Mins)":8.875250629583995,"_wandb":{"runtime":531},"_runtime":531,"_step":12,"_timestamp":1.7579444417832928e+09,"Timestep":10,"Accuracy":38.2,"chance_level":10}