{"chance_level":10,"Time Taken to Run the Code(Mins)":7.465486101309458,"_wandb":{"runtime":446},"_runtime":446,"_timestamp":1.757955806432945e+09,"_step":12,"Timestep":10,"Accuracy":38.2}