{"chance_level":10,"Time Taken to Run the Code(Mins)":0.32828702131907145,"_wandb":{"runtime":18},"_runtime":18,"_timestamp":1.757440374482823e+09,"_step":12,"Timestep":10,"Accuracy":36.52}