{"_wandb":{"runtime":348},"_runtime":348,"_timestamp":1.7582131288385086e+09,"_step":12,"Timestep":10,"Accuracy":37.67,"chance_level":10,"Time Taken to Run the Code(Mins)":5.831374935309092}