{"_wandb":{"runtime":498},"_runtime":498,"_timestamp":1.7579506292588775e+09,"_step":12,"Timestep":10,"Accuracy":38.36,"chance_level":10,"Time Taken to Run the Code(Mins)":8.337927146752675}