{"_timestamp":1.7574460696651223e+09,"_step":12,"Timestep":10,"Accuracy":36.17,"chance_level":10,"Time Taken to Run the Code(Mins)":0.33765249252319335,"_wandb":{"runtime":19},"_runtime":19}