{"Accuracy":59.33,"MediaLogs/gauss_0.04":{"sha256":"bc6a87b22c7ea2ae3c6b1a757398b7c4a6f48fe11c0f65de8a9386900ca6d63b","size":18834,"path":"media/images/MediaLogs/gauss_0.04_0_bc6a87b22c7ea2ae3c6b.png","format":"png","width":138,"height":70,"caption":"Noisy Images: gauss 0.04","_type":"image-file"},"Time Taken to Run the Code(Mins)":0.2724766770998637,"_timestamp":1.751472586493004e+09,"_runtime":16.041507105,"_step":12,"Timestep":10,"chance_level":10,"_wandb":{"runtime":16}}