{"Time Taken to Run the Code(Mins)":7.099981943766276,"_wandb":{"runtime":424},"_runtime":424,"_timestamp":1.7582159636557689e+09,"_step":12,"chance_level":10,"Timestep":10,"Accuracy":31.37}