{"Accuracy":38.01,"chance_level":10,"Time Taken to Run the Code(Mins)":10.874469935894012,"_wandb":{"runtime":651},"_runtime":651,"_timestamp":1.7579232299197874e+09,"_step":12,"Timestep":10}