{"Accuracy":60.83,"Timestep":10,"chance_level":10,"Time Taken to Run the Code(Mins)":0.27712029218673706,"_wandb":{"runtime":16},"MediaLogs/gauss_0.2":{"caption":"Noisy Images: gauss 0.2","_type":"image-file","sha256":"45f4dc678aa706151bebfea1540f5a37a816d74589f6ccf6fdeedb9f2f08c515","size":20156,"path":"media/images/MediaLogs/gauss_0.2_0_45f4dc678aa706151beb.png","format":"png","width":138,"height":70},"_runtime":16.327440232,"_timestamp":1.7519635729778047e+09,"_step":12}