{"_timestamp":1.7579267606749077e+09,"_step":12,"Timestep":10,"Accuracy":38.39,"chance_level":10,"Time Taken to Run the Code(Mins)":9.235620407263438,"_wandb":{"runtime":552},"_runtime":552}