{"Timestep":10,"Accuracy":30.6,"chance_level":10,"Time Taken to Run the Code(Mins)":9.191425895690918,"_wandb":{"runtime":550},"_runtime":550,"_step":12,"_timestamp":1.7582101890388186e+09}