{"Time Taken to Run the Code(Mins)":0.3190657655398051,"_wandb":{"runtime":18},"_runtime":18,"_step":12,"_timestamp":1.7574407505661788e+09,"Timestep":10,"Accuracy":35.87,"chance_level":10}