{"Timestep":10,"Accuracy":35.78,"chance_level":10,"Time Taken to Run the Code(Mins)":9.429423483212789,"_wandb":{"runtime":564},"_runtime":564,"_timestamp":1.7579477848513577e+09,"_step":12}