{"_timestamp":1.7515371937075973e+09,"_runtime":16.311752844,"MediaLogs/s&p_0.6000000000000001":{"path":"media/images/MediaLogs/s&p_0.6000000000000001_0_698e315362b6ccbd9c79.png","format":"png","width":138,"height":70,"caption":"Noisy Images: s&p 0.6000000000000001","_type":"image-file","sha256":"698e315362b6ccbd9c79b1c2ac20021c439ba41b9c5e0e51e8c65c93082dd334","size":14570},"_step":12,"Accuracy":18.34,"Time Taken to Run the Code(Mins)":0.2769336223602295,"chance_level":10,"Timestep":10,"_wandb":{"runtime":16}}