{"_runtime":18,"_step":12,"_timestamp":1.757435804779789e+09,"Timestep":10,"Accuracy":35.85,"chance_level":10,"Time Taken to Run the Code(Mins)":0.328046989440918,"_wandb":{"runtime":18}}