{"_runtime":556,"_step":12,"_timestamp":1.7579448662783296e+09,"Accuracy":37.42,"chance_level":10,"Timestep":10,"Time Taken to Run the Code(Mins)":9.302512534459431,"_wandb":{"runtime":556}}