{"_runtime":136,"_timestamp":1.7570831620315213e+09,"_step":12,"Timestep":10,"Accuracy":33.08,"chance_level":10,"Time Taken to Run the Code(Mins)":2.2918874224027,"_wandb":{"runtime":136}}