{"_wandb":{"runtime":318},"_runtime":318,"_timestamp":1.7570785243112478e+09,"_step":12,"Timestep":10,"Accuracy":33.08,"chance_level":10,"Time Taken to Run the Code(Mins)":5.329619765281677}