{"_step":12,"Timestep":10,"Accuracy":38.37,"chance_level":10,"Time Taken to Run the Code(Mins)":0.33596455653508506,"_wandb":{"runtime":18},"_runtime":18,"_timestamp":1.7574210385295331e+09}