{"_runtime":248,"_timestamp":1.7570910833944354e+09,"_step":12,"Timestep":10,"Accuracy":31.81,"chance_level":10,"Time Taken to Run the Code(Mins)":4.156675525506338,"_wandb":{"runtime":248}}