{"_runtime":306,"_timestamp":1.7570851091191895e+09,"_step":12,"Timestep":10,"Accuracy":32.11,"chance_level":10,"Time Taken to Run the Code(Mins)":5.132672174771627,"_wandb":{"runtime":306}}