{"_runtime":430,"_timestamp":1.7582215470413873e+09,"_step":12,"Timestep":10,"Accuracy":30.41,"chance_level":10,"Time Taken to Run the Code(Mins)":7.20672355890274,"_wandb":{"runtime":430}}