{"_wandb":{"runtime":492},"_runtime":492,"_step":12,"_timestamp":1.7581984861385906e+09,"Timestep":10,"Accuracy":36.51,"chance_level":10,"Time Taken to Run the Code(Mins)":8.236733341217041}