{"_runtime":366,"_timestamp":1.7582123889792595e+09,"_step":12,"Timestep":10,"Accuracy":29.34,"chance_level":10,"Time Taken to Run the Code(Mins)":6.128794157505036,"_wandb":{"runtime":366}}