{"_timestamp":1.7570860441201487e+09,"_step":12,"Timestep":10,"Accuracy":32.48,"chance_level":10,"Time Taken to Run the Code(Mins)":4.809636441866557,"_wandb":{"runtime":286},"_runtime":286}