{"_runtime":519,"_step":12,"_timestamp":1.757950103382554e+09,"Timestep":10,"Accuracy":38.28,"chance_level":10,"Time Taken to Run the Code(Mins)":8.679614142576854,"_wandb":{"runtime":519}}