{"_timestamp":1.7579311508086185e+09,"_step":12,"Timestep":10,"Accuracy":37.74,"chance_level":10,"Time Taken to Run the Code(Mins)":9.801151311397552,"_wandb":{"runtime":586},"_runtime":586}