{"Timestep":10,"Accuracy":69.21,"_timestamp":1.7513794201820755e+09,"_runtime":15.594447939,"_step":11,"Time Taken to Run the Code(Mins)":0.26389724810918175,"_wandb":{"runtime":15}}