{"chance_level":10,"_timestamp":1.7519774725939808e+09,"_runtime":15.787255467,"MediaLogs/s&p_0.0":{"path":"media/images/MediaLogs/s&p_0.0_0_1351f578828d88645234.png","format":"png","width":138,"height":70,"caption":"Noisy Images: s&p 0.0","_type":"image-file","sha256":"1351f578828d886452347dc6a8a5d01cff2cec649d66f35cdd7f696cc437603a","size":18482},"Accuracy":68.49,"Time Taken to Run the Code(Mins)":0.2680377006530762,"_wandb":{"runtime":15},"Timestep":10,"_step":12}