{"Timestep":10,"Accuracy":37.76,"chance_level":10,"Time Taken to Run the Code(Mins)":0.3382577697436015,"_wandb":{"runtime":18},"_runtime":18,"_step":12,"_timestamp":1.7574234419624176e+09}