{"Time Taken to Run the Code(Mins)":4.604611726601918,"_wandb":{"runtime":275},"_runtime":275,"_timestamp":1.7570878722363322e+09,"_step":12,"Accuracy":31.92,"chance_level":10,"Timestep":10}