{"_wandb":{"runtime":486},"_runtime":486,"_timestamp":1.7582141861038892e+09,"_step":12,"Accuracy":35.18,"chance_level":10,"Timestep":10,"Time Taken to Run the Code(Mins)":8.135706627368927}