{"Reconstruction_Training_with_Timesteps 1/train_loss":0.0015933201438747347,"Reconstruction_Training_with_Timesteps 1/test_loss":0.0015275488533079624,"_timestamp":1.7591642871280344e+09,"_step":199,"_wandb":{"runtime":7840},"_runtime":7840}