{"_step":12,"_timestamp":1.7570893774204187e+09,"Accuracy":32.14,"chance_level":10,"Timestep":10,"Time Taken to Run the Code(Mins)":3.903800817330678,"_wandb":{"runtime":233},"_runtime":233}