{"MediaLogs/gauss_0.4":{"format":"png","width":138,"height":70,"caption":"Noisy Images: gauss 0.4","_type":"image-file","sha256":"9e1134f3eccd4afbd08f42ea855354228da2f6401a3ca3d434708c91e5131886","size":21177,"path":"media/images/MediaLogs/gauss_0.4_0_9e1134f3eccd4afbd08f.png"},"Accuracy":52.22,"_timestamp":1.7516492797485964e+09,"chance_level":10,"_step":12,"Time Taken to Run the Code(Mins)":0.273586372534434,"_runtime":16.109001108,"Timestep":10,"_wandb":{"runtime":16}}