{"_step":12,"_timestamp":1.7579355553931942e+09,"Timestep":10,"Accuracy":38.38,"chance_level":10,"Time Taken to Run the Code(Mins)":10.01705983877182,"_wandb":{"runtime":599},"_runtime":599}