{"_wandb":{"runtime":311},"_runtime":311,"_timestamp":1.7570867467027516e+09,"_step":12,"Timestep":10,"Accuracy":31.68,"chance_level":10,"Time Taken to Run the Code(Mins)":5.208007097244263}