{"_timestamp":1.7579519020009134e+09,"Timestep":10,"Accuracy":37.82,"chance_level":10,"Time Taken to Run the Code(Mins)":10.793678510189057,"_wandb":{"runtime":645},"_runtime":645,"_step":12}