{"_timestamp":1.7574426448924184e+09,"Timestep":10,"Accuracy":38.47,"chance_level":10,"Time Taken to Run the Code(Mins)":0.32171143690745035,"_wandb":{"runtime":18},"_runtime":18,"_step":12}