{"_step":12,"_timestamp":1.7574206567320263e+09,"Timestep":10,"Accuracy":38.41,"chance_level":10,"Time Taken to Run the Code(Mins)":0.33425804376602175,"_wandb":{"runtime":19},"_runtime":19}