{"_runtime":16.158049893,"chance_level":10,"Time Taken to Run the Code(Mins)":0.27446722984313965,"Timestep":10,"Accuracy":52.67,"_step":12,"_wandb":{"runtime":16},"_timestamp":1.7519695072900362e+09,"MediaLogs/gauss_0.6":{"sha256":"71e7e49c617876a92187f5f8ac37579a945a9374c00d35e39fc54ca17076c745","size":21734,"path":"media/images/MediaLogs/gauss_0.6_0_71e7e49c617876a92187.png","format":"png","width":138,"height":70,"caption":"Noisy Images: gauss 0.6","_type":"image-file"}}