{"Accuracy":69.32,"_timestamp":1.7519617079464517e+09,"chance_level":10,"Time Taken to Run the Code(Mins)":0.27296144564946495,"_runtime":16.067078183,"_wandb":{"runtime":16},"_step":12,"Timestep":10,"MediaLogs/gauss_0.0":{"sha256":"1351f578828d886452347dc6a8a5d01cff2cec649d66f35cdd7f696cc437603a","size":18482,"path":"media/images/MediaLogs/gauss_0.0_0_1351f578828d88645234.png","format":"png","width":138,"height":70,"caption":"Noisy Images: gauss 0.0","_type":"image-file"}}