{"_runtime":19,"_timestamp":1.7574293682236753e+09,"_step":12,"Timestep":10,"Accuracy":37.05,"chance_level":10,"Time Taken to Run the Code(Mins)":0.3412715276082357,"_wandb":{"runtime":19}}