{"Accuracy":37.04,"chance_level":10,"Time Taken to Run the Code(Mins)":9.33092227379481,"_wandb":{"runtime":558},"_runtime":558,"_step":12,"_timestamp":1.7579459810302045e+09,"Timestep":10}