{"_step":12,"Timestep":10,"Accuracy":37.18,"chance_level":10,"Time Taken to Run the Code(Mins)":9.522266678015392,"_wandb":{"runtime":569},"_runtime":569,"_timestamp":1.7582078322340927e+09}