{"_runtime":19,"_timestamp":1.7611493675306046e+09,"_step":11,"Timestep":10,"Accuracy":51.948507164008916,"chance_level":10,"_wandb":{"runtime":19}}