{"_runtime":421,"_timestamp":1.7582160144589486e+09,"_step":12,"Timestep":10,"Accuracy":31.43,"chance_level":10,"Time Taken to Run the Code(Mins)":7.042498091856639,"_wandb":{"runtime":421}}