{"Time Taken to Run the Code(Mins)":11.330331389109293,"_wandb":{"runtime":677},"_runtime":677,"_timestamp":1.7579394841058424e+09,"_step":12,"chance_level":10,"Timestep":10,"Accuracy":37.08}