{"_wandb":{"runtime":380},"_runtime":380,"_timestamp":1.75819458953817e+09,"_step":12,"Timestep":10,"Accuracy":32.57,"chance_level":10,"Time Taken to Run the Code(Mins)":6.3629298885663355}