{"_runtime":469,"_timestamp":1.7582111445465932e+09,"_step":12,"chance_level":10,"Timestep":10,"Accuracy":29.87,"Time Taken to Run the Code(Mins)":7.852123661835988,"_wandb":{"runtime":469}}