{"Accuracy":36.17,"chance_level":10,"Time Taken to Run the Code(Mins)":0.3253725965817769,"_wandb":{"runtime":18},"_runtime":18,"_timestamp":1.7574460423110874e+09,"_step":12,"Timestep":10}