{"_runtime":269,"_timestamp":1.7579601249752517e+09,"_step":12,"Timestep":10,"Accuracy":36.81,"chance_level":10,"Time Taken to Run the Code(Mins)":4.51339092652003,"_wandb":{"runtime":269}}