{"Timestep":10,"Accuracy":36.6,"chance_level":10,"Time Taken to Run the Code(Mins)":9.63998608191808,"_wandb":{"runtime":577},"_runtime":577,"_step":12,"_timestamp":1.7579477569211106e+09}