{"chance_level":10,"Timestep":10,"Time Taken to Run the Code(Mins)":8.550556520620981,"_wandb":{"runtime":511},"_runtime":511,"_timestamp":1.7581884877656069e+09,"_step":12,"Accuracy":35.81}