{"_wandb":{"runtime":575},"_runtime":575,"_step":12,"_timestamp":1.7582078631982749e+09,"Timestep":10,"Accuracy":34.12,"chance_level":10,"Time Taken to Run the Code(Mins)":9.61258598168691}