{"Time Taken to Run the Code(Mins)":7.61964803536733,"_wandb":{"runtime":455},"_runtime":455,"_timestamp":1.7581898426261814e+09,"_step":12,"Timestep":10,"Accuracy":34.25,"chance_level":10}