{"_wandb":{"runtime":18},"_runtime":18,"_timestamp":1.7574347432182634e+09,"_step":12,"Timestep":10,"Accuracy":37.13,"chance_level":10,"Time Taken to Run the Code(Mins)":0.3301891287167867}