{"Time Taken to Run the Code(Mins)":8.069535807768505,"_wandb":{"runtime":483},"_runtime":483,"_timestamp":1.7574161774659789e+09,"_step":12,"Timestep":10,"Accuracy":38.07,"chance_level":10}