{"_wandb":{"runtime":279},"_runtime":279,"_timestamp":1.7570906067807324e+09,"_step":12,"Timestep":10,"Accuracy":33,"chance_level":10,"Time Taken to Run the Code(Mins)":4.685919241110484}