{"Timestep":10,"Accuracy":38.38,"chance_level":10,"Time Taken to Run the Code(Mins)":8.846862490971883,"_wandb":{"runtime":529},"_runtime":529,"_timestamp":1.757928528141745e+09,"_step":12}