{"_wandb":{"runtime":19},"_runtime":19,"_timestamp":1.7574404017990043e+09,"_step":12,"Timestep":10,"Accuracy":36.52,"chance_level":10,"Time Taken to Run the Code(Mins)":0.33605683644612633}