{"Accuracy":31.83,"chance_level":10,"Time Taken to Run the Code(Mins)":4.246332772572836,"_wandb":{"runtime":253},"_runtime":253,"_timestamp":1.757085438106442e+09,"_step":12,"Timestep":10}