{"_timestamp":1.757441585171841e+09,"_step":12,"Timestep":10,"Accuracy":38.28,"chance_level":10,"Time Taken to Run the Code(Mins)":0.32947055498758954,"_wandb":{"runtime":18},"_runtime":18}