{"Timestep":10,"Accuracy":35.81,"chance_level":10,"Time Taken to Run the Code(Mins)":6.669935011863709,"_wandb":{"runtime":399},"_runtime":399,"_timestamp":1.7582189015155616e+09,"_step":12}