{"Timestep":10,"Accuracy":35.94,"chance_level":10,"Time Taken to Run the Code(Mins)":0.33395002285639447,"_wandb":{"runtime":18},"_runtime":18,"_step":12,"_timestamp":1.757440859034194e+09}