{"Time Taken to Run the Code(Mins)":7.0290247639020285,"_wandb":{"runtime":420},"_runtime":420,"_timestamp":1.7579596380078585e+09,"_step":12,"Timestep":10,"Accuracy":36.15,"chance_level":10}