{"chance_level":10,"Time Taken to Run the Code(Mins)":7.3937056183815,"_wandb":{"runtime":442},"_runtime":442,"_step":12,"_timestamp":1.7579597675919383e+09,"Timestep":10,"Accuracy":36.32}