{"Time Taken to Run the Code(Mins)":0.3285603880882263,"_wandb":{"runtime":18},"_runtime":18,"_step":12,"_timestamp":1.7574345809500327e+09,"Timestep":10,"Accuracy":37.09,"chance_level":10}