{"Time Taken to Run the Code(Mins)":0.3218926668167114,"_wandb":{"runtime":18},"_runtime":18,"_timestamp":1.7574370245276048e+09,"_step":12,"Timestep":10,"Accuracy":38.23,"chance_level":10}