{"_step":12,"Timestep":10,"Accuracy":36.29,"chance_level":10,"Time Taken to Run the Code(Mins)":0.3456410010655721,"_wandb":{"runtime":19},"_runtime":19,"_timestamp":1.757435290118548e+09}