{"Accuracy":35.81,"Time Taken to Run the Code(Mins)":0.3394689162572225,"_wandb":{"runtime":19},"_runtime":19,"_timestamp":1.7574357781475933e+09,"_step":12,"chance_level":10,"Timestep":10}