{"_runtime":531,"_timestamp":1.757953216417592e+09,"_step":12,"Timestep":10,"Accuracy":36.5,"chance_level":10,"Time Taken to Run the Code(Mins)":8.881016818682353,"_wandb":{"runtime":531}}