{"Timestep":10,"Accuracy":37.03,"chance_level":10,"Time Taken to Run the Code(Mins)":0.33783554633458457,"_wandb":{"runtime":19},"_runtime":19,"_timestamp":1.7574342037798944e+09,"_step":12}