{"_wandb":{"runtime":15},"_runtime":15.91057871,"Accuracy":66.12,"Time Taken to Run the Code(Mins)":0.27021233638127645,"_step":12,"chance_level":10,"_timestamp":1.7515296463771825e+09,"MediaLogs/gauss_0.02":{"size":18675,"path":"media/images/MediaLogs/gauss_0.02_0_5e20f382c4cf0c521504.png","format":"png","width":138,"height":70,"caption":"Noisy Images: gauss 0.02","_type":"image-file","sha256":"5e20f382c4cf0c521504d5dacaefd9b6ba260472feb927e28d65237353ec6f3f"},"Timestep":10}