{"_wandb":{"runtime":420},"_runtime":420,"_timestamp":1.7579574872494075e+09,"_step":12,"Timestep":10,"Accuracy":38.11,"chance_level":10,"Time Taken to Run the Code(Mins)":7.034788191318512}