{"Time Taken to Run the Code(Mins)":7.279358490308126,"_wandb":{"runtime":435},"_runtime":435,"_timestamp":1.7581907282027118e+09,"_step":12,"Timestep":10,"Accuracy":34.04,"chance_level":10}