{"Timestep":10,"Accuracy":37.51,"chance_level":10,"Time Taken to Run the Code(Mins)":9.208205191294352,"_wandb":{"runtime":551},"_runtime":551,"_timestamp":1.7579352603424275e+09,"_step":12}