{"chance_level":10,"Time Taken to Run the Code(Mins)":7.431543095906576,"_wandb":{"runtime":444},"_runtime":444,"_step":12,"_timestamp":1.7581981912299848e+09,"Timestep":10,"Accuracy":36.54}