{"_step":12,"_timestamp":1.7581962108675888e+09,"Timestep":10,"Accuracy":31.48,"chance_level":10,"Time Taken to Run the Code(Mins)":7.358222031593323,"_wandb":{"runtime":439},"_runtime":439}