{"_step":12,"Timestep":10,"Accuracy":34.01,"chance_level":10,"Time Taken to Run the Code(Mins)":6.589272816975911,"_wandb":{"runtime":394},"_runtime":394,"_timestamp":1.7582197229848971e+09}