{"_timestamp":1.7574330640817914e+09,"_step":12,"chance_level":10,"Timestep":10,"Accuracy":38.13,"Time Taken to Run the Code(Mins)":0.3384431481361389,"_wandb":{"runtime":19},"_runtime":19}