{"chance_level":10,"Time Taken to Run the Code(Mins)":8.221635150909425,"_wandb":{"runtime":491},"_runtime":491,"_timestamp":1.757924105114665e+09,"_step":12,"Timestep":10,"Accuracy":38.37}