{"_timestamp":1.75709111567241e+09,"_step":12,"Timestep":10,"Accuracy":31.85,"chance_level":10,"Time Taken to Run the Code(Mins)":4.442621092001597,"_wandb":{"runtime":265},"_runtime":265}