{"_step":12,"Accuracy":38.38,"chance_level":10,"Timestep":10,"Time Taken to Run the Code(Mins)":9.456632367769878,"_wandb":{"runtime":565},"_runtime":565,"_timestamp":1.7579250374975758e+09}