{"MediaLogs/s&p_0.02":{"caption":"Noisy Images: s&p 0.02","_type":"image-file","sha256":"6d9678668fc378e1951bb630f4f538672833bbd927b8b3128ea48471d230098d","size":19693,"path":"media/images/MediaLogs/s&p_0.02_0_6d9678668fc378e1951b.png","format":"png","width":138,"height":70},"Accuracy":53.39,"_runtime":15.907361329,"_step":12,"Timestep":10,"chance_level":10,"_timestamp":1.7516475759060032e+09,"Time Taken to Run the Code(Mins)":0.2701362212498983,"_wandb":{"runtime":15}}