{"chance_level":10,"Time Taken to Run the Code(Mins)":0.3352547764778137,"_wandb":{"runtime":18},"_runtime":18,"_step":12,"_timestamp":1.7574335003082924e+09,"Timestep":10,"Accuracy":37.41}