{"_timestamp":1.7570912698173206e+09,"_step":12,"Timestep":10,"Accuracy":31.49,"chance_level":10,"Time Taken to Run the Code(Mins)":2.29575514793396,"_wandb":{"runtime":136},"_runtime":136}