{"_runtime":15.945785738,"_timestamp":1.751642903867252e+09,"chance_level":10,"Time Taken to Run the Code(Mins)":0.27076627413431803,"MediaLogs/s&p_0.02":{"sha256":"6d9678668fc378e1951bb630f4f538672833bbd927b8b3128ea48471d230098d","size":19693,"path":"media/images/MediaLogs/s&p_0.02_0_6d9678668fc378e1951b.png","format":"png","width":138,"height":70,"caption":"Noisy Images: s&p 0.02","_type":"image-file"},"_wandb":{"runtime":15},"Accuracy":47,"_step":12,"Timestep":10}