{"_timestamp":1.75742632822894e+09,"_step":12,"Timestep":10,"Accuracy":37.53,"chance_level":10,"Time Taken to Run the Code(Mins)":0.3436654726664225,"_wandb":{"runtime":19},"_runtime":19}