{"_timestamp":1.7570885993692594e+09,"_step":12,"Accuracy":31.29,"chance_level":10,"Timestep":10,"Time Taken to Run the Code(Mins)":3.865328049659729,"_wandb":{"runtime":230},"_runtime":230}