{"_step":11,"Time Taken to Run the Code(Mins)":0.26274118026097615,"_wandb":{"runtime":15},"Timestep":10,"Accuracy":61.46,"_timestamp":1.7513772178012304e+09,"_runtime":15.529581337}