{"Accuracy":33.92,"chance_level":10,"Time Taken to Run the Code(Mins)":6.847015484174093,"_wandb":{"runtime":409},"_runtime":409,"_step":12,"_timestamp":1.758193786253788e+09,"Timestep":10}