{"chance_level":10,"Time Taken to Run the Code(Mins)":8.386589686075846,"_wandb":{"runtime":501},"_runtime":501,"_step":12,"_timestamp":1.758197653866458e+09,"Timestep":10,"Accuracy":31.09}