{"_runtime":423,"_timestamp":1.757924506231357e+09,"_step":12,"chance_level":10,"Timestep":10,"Accuracy":38.37,"Time Taken to Run the Code(Mins)":7.079457557201385,"_wandb":{"runtime":423}}