{"Timestep":10,"Accuracy":37.69,"Time Taken to Run the Code(Mins)":0.33409788211186725,"_wandb":{"runtime":18},"_runtime":18,"_timestamp":1.7574236895248175e+09,"_step":12,"chance_level":10}