{"_runtime":424,"_step":12,"_timestamp":1.7582103667079983e+09,"Accuracy":30.7,"chance_level":10,"Timestep":10,"Time Taken to Run the Code(Mins)":7.089681041240692,"_wandb":{"runtime":424}}