{"Time Taken to Run the Code(Mins)":0.3359615286191305,"_wandb":{"runtime":18},"_runtime":18,"_step":12,"_timestamp":1.7574237994480002e+09,"Timestep":10,"Accuracy":37.73,"chance_level":10}