{"chance_level":10,"Time Taken to Run the Code(Mins)":10.439350998401641,"_wandb":{"runtime":625},"_runtime":625,"_timestamp":1.7579299407382946e+09,"_step":12,"Timestep":10,"Accuracy":38.11}