{"Timestep":10,"Accuracy":37.11,"chance_level":10,"Time Taken to Run the Code(Mins)":10.437608802318573,"_wandb":{"runtime":624},"_runtime":624,"_step":12,"_timestamp":1.7579399214160078e+09}