{"_wandb":{"runtime":279},"_runtime":279,"_step":12,"_timestamp":1.757082783167531e+09,"Timestep":10,"Accuracy":33.07,"chance_level":10,"Time Taken to Run the Code(Mins)":4.6703517238299055}