{"chance_level":10,"Timestep":10,"Accuracy":37.6,"Time Taken to Run the Code(Mins)":12.662889846165974,"_wandb":{"runtime":758},"_runtime":758,"_step":12,"_timestamp":1.7579389821705685e+09}