{"Accuracy":38.42,"chance_level":10,"Timestep":10,"Time Taken to Run the Code(Mins)":7.623853596051534,"_wandb":{"runtime":455},"_runtime":455,"_timestamp":1.7579564477448485e+09,"_step":12}