{"Accuracy":37.71,"chance_level":10,"Time Taken to Run the Code(Mins)":9.204728996753692,"_wandb":{"runtime":550},"_runtime":550,"_timestamp":1.7579512552912924e+09,"_step":12,"Timestep":10}