{"_wandb":{"runtime":281},"_runtime":281,"_step":12,"_timestamp":1.7570857353442798e+09,"Timestep":10,"Accuracy":33.12,"chance_level":10,"Time Taken to Run the Code(Mins)":4.720109434922536}