{"Time Taken to Run the Code(Mins)":6.82825839916865,"_wandb":{"runtime":408},"_runtime":408,"_timestamp":1.7582107968206058e+09,"_step":12,"Timestep":10,"Accuracy":29.53,"chance_level":10}