{"_runtime":18,"_timestamp":1.757421147748223e+09,"_step":12,"Timestep":10,"Accuracy":38.37,"chance_level":10,"Time Taken to Run the Code(Mins)":0.33440469900767006,"_wandb":{"runtime":18}}