{"_wandb":{"runtime":461},"_runtime":461,"_timestamp":1.758210662162268e+09,"_step":12,"Timestep":10,"Accuracy":30.83,"chance_level":10,"Time Taken to Run the Code(Mins)":7.726892220973968}