{"Timestep":10,"Accuracy":37.74,"chance_level":10,"Time Taken to Run the Code(Mins)":0.33653534253438316,"_wandb":{"runtime":18},"_runtime":18,"_step":12,"_timestamp":1.7574235261115096e+09}