{"_timestamp":1.7515309101614113e+09,"_runtime":15.880906981,"chance_level":10,"Accuracy":16.49,"MediaLogs/s&p_0.2":{"sha256":"258790cc567a266b10ae4c3402110f4a77c2a2ad20e989f48a1132a7e187dd37","size":22652,"path":"media/images/MediaLogs/s&p_0.2_0_258790cc567a266b10ae.png","format":"png","width":138,"height":70,"caption":"Noisy Images: s&p 0.2","_type":"image-file"},"Timestep":10,"Time Taken to Run the Code(Mins)":0.26982247829437256,"_step":12,"_wandb":{"runtime":15}}