{"_wandb":{"runtime":18},"_runtime":18,"_step":12,"_timestamp":1.7574208482862446e+09,"Accuracy":38.4,"chance_level":10,"Timestep":10,"Time Taken to Run the Code(Mins)":0.33188517491022745}