{"_wandb":{"runtime":436},"_runtime":436,"_timestamp":1.7582146504048402e+09,"_step":12,"chance_level":10,"Timestep":10,"Accuracy":33.16,"Time Taken to Run the Code(Mins)":7.306631565093994}