{"Accuracy":30.8,"chance_level":10,"Time Taken to Run the Code(Mins)":15.84120261669159,"_wandb":{"runtime":947},"_runtime":947,"_timestamp":1.7582036586291769e+09,"_step":12,"Timestep":10}