{"_timestamp":1.7579252660731704e+09,"_step":12,"Timestep":10,"Accuracy":38.35,"chance_level":10,"Time Taken to Run the Code(Mins)":8.098582390944163,"_wandb":{"runtime":484},"_runtime":484}