{"Accuracy":32.32,"chance_level":10,"Time Taken to Run the Code(Mins)":4.5310735901196795,"_wandb":{"runtime":270},"_runtime":270,"_step":12,"_timestamp":1.757084542036355e+09,"Timestep":10}