{"chance_level":10,"Time Taken to Run the Code(Mins)":7.184425338109334,"_wandb":{"runtime":429},"_runtime":429,"_timestamp":1.758221379596476e+09,"_step":12,"Timestep":10,"Accuracy":32.48}