{"Accuracy":37,"Time Taken to Run the Code(Mins)":7.005755217870076,"_wandb":{"runtime":418},"_runtime":418,"_timestamp":1.7579589628274274e+09,"_step":12,"chance_level":10,"Timestep":10}