{"Time Taken to Run the Code(Mins)":6.872968061765035,"_wandb":{"runtime":411},"_runtime":411,"_timestamp":1.758218103505235e+09,"_step":12,"Timestep":10,"Accuracy":37.92,"chance_level":10}