{"_wandb":{"runtime":15},"Timestep":10,"Accuracy":68.89,"_timestamp":1.7513771248163147e+09,"_runtime":15.47058669,"_step":11,"Time Taken to Run the Code(Mins)":0.2619381109873454}