{"_wandb":{"runtime":18},"_runtime":18,"_timestamp":1.7574424302770998e+09,"_step":12,"Timestep":10,"Accuracy":38.45,"chance_level":10,"Time Taken to Run the Code(Mins)":0.3269418954849243}