{"Accuracy":11.48,"_wandb":{"runtime":16},"_timestamp":1.7515530831025646e+09,"Timestep":10,"Time Taken to Run the Code(Mins)":0.2774123787879944,"_runtime":16.339015394,"chance_level":10,"_step":12,"MediaLogs/s&p_0.6000000000000001":{"format":"png","width":138,"height":70,"caption":"Noisy Images: s&p 0.6000000000000001","_type":"image-file","sha256":"698e315362b6ccbd9c79b1c2ac20021c439ba41b9c5e0e51e8c65c93082dd334","size":14570,"path":"media/images/MediaLogs/s&p_0.6000000000000001_0_698e315362b6ccbd9c79.png"}}