{"chance_level":10,"Timestep":10,"Accuracy":36.32,"Time Taken to Run the Code(Mins)":0.3298736890157064,"_wandb":{"runtime":18},"_runtime":18,"_step":12,"_timestamp":1.757435072690821e+09}