{"_wandb":{"runtime":18},"_runtime":18,"_timestamp":1.7574454765597978e+09,"_step":12,"Timestep":10,"Accuracy":36.93,"chance_level":10,"Time Taken to Run the Code(Mins)":0.330656107266744}