{"Timestep":10,"Accuracy":35.19,"chance_level":10,"Time Taken to Run the Code(Mins)":6.034229270617167,"_wandb":{"runtime":360},"_runtime":360,"_timestamp":1.7582139139565277e+09,"_step":12}