{"Accuracy":33.71,"chance_level":10,"Timestep":10,"Time Taken to Run the Code(Mins)":8.276995094617208,"_wandb":{"runtime":495},"_runtime":495,"_timestamp":1.7581992621067855e+09,"_step":12}