{"_wandb":{"runtime":18},"_runtime":18,"_timestamp":1.757424907082758e+09,"_step":12,"Timestep":10,"Accuracy":37.52,"chance_level":10,"Time Taken to Run the Code(Mins)":0.32733491659164426}