{"_runtime":412.910219452,"gradients/conv2.bias":{"values":[1,0,0,0,0,0,1,1,0,0,0,0,0,1,1,0,0,1,0,0,2,0,0,0,0,1,1,0,1,0,0,0,0,0,0,0,0,0,1,0,0,0,1,0,0,0,0,0,1,0,0,0,0,0,0,0,0,0,0,0,1,0,0,1],"bins":[-0.043126679956912994,-0.04113598167896271,-0.03914528340101242,-0.037154585123062134,-0.03516388684511185,-0.03317318484187126,-0.031182486563920975,-0.029191788285970688,-0.0272010900080204,-0.025210391730070114,-0.023219693452119827,-0.02122899331152439,-0.019238295033574104,-0.017247596755623817,-0.015256897546350956,-0.013266198337078094,-0.011275500059127808,-0.00928480178117752,-0.007294102571904659,-0.005303403828293085,-0.003312705084681511,-0.0013220063410699368,0.0006686924025416374,0.0026593911461532116,0.004650089889764786,0.00664078863337636,0.008631487376987934,0.010622186586260796,0.012612884864211082,0.01460358314216137,0.016594283282756805,0.018584981560707092,0.020575687289237976,0.022566385567188263,0.02455708384513855,0.026547783985733986,0.028538482263684273,0.03052918054163456,0.032519880682229996,0.03451057896018028,0.03650127723813057,0.038491975516080856,0.04048267379403114,0.04247337207198143,0.044464074075222015,0.0464547723531723,0.04844547063112259,0.050436168909072876,0.05242686718702316,0.05441756546497345,0.05640826374292374,0.05839896202087402,0.06038966029882431,0.062380362302064896,0.06437105685472488,0.06636175513267517,0.06835246086120605,0.07034315913915634,0.07233385741710663,0.07432455569505692,0.0763152539730072,0.07830595225095749,0.08029665052890778,0.08228734880685806,0.08427804708480835],"_type":"histogram"},"gradients/conv2.weight":{"values":[1,0,2,2,1,5,8,15,20,23,33,35,58,60,65,81,109,92,120,143,162,173,125,120,96,73,62,57,47,38,35,39,66,58,42,39,30,32,18,28,21,15,17,21,16,15,18,13,10,14,6,5,3,2,3,3,2,0,1,0,0,0,1,1],"bins":[-0.07096949219703674,-0.06761106103658676,-0.06425262987613678,-0.0608941987156868,-0.057535767555236816,-0.05417734012007713,-0.05081890895962715,-0.04746047779917717,-0.04410204663872719,-0.040743615478277206,-0.037385184317827225,-0.03402675315737724,-0.03066832385957241,-0.02730989269912243,-0.023951463401317596,-0.020593032240867615,-0.017234601080417633,-0.013876169919967651,-0.010517739690840244,-0.00715930899605155,-0.0038008783012628555,-0.00044244760647416115,0.0029159830883145332,0.006274413783103228,0.009632844477891922,0.012991275638341904,0.016349706798791885,0.019708136096596718,0.0230665672570467,0.02642499841749668,0.029783427715301514,0.033141858875751495,0.03650029003620148,0.03985872119665146,0.04321715235710144,0.04657558351755142,0.049934014678001404,0.05329244211316109,0.05665087327361107,0.06000930443406105,0.06336773931980133,0.06672616302967072,0.0700845941901207,0.07344302535057068,0.07680145651102066,0.08015988767147064,0.08351831883192062,0.0868767499923706,0.09023518115282059,0.09359361231327057,0.09695204347372055,0.10031047463417053,0.10366890579462051,0.1070273369550705,0.11038576811552048,0.11374419927597046,0.11710262298583984,0.12046105414628983,0.12381948530673981,0.12717792391777039,0.13053634762763977,0.13389478623867035,0.13725320994853973,0.1406116485595703,0.1439700722694397],"_type":"histogram"},"gradients/fc2.weight":{"_type":"histogram","values":[1,1,0,0,1,0,0,1,1,1,0,0,1,1,1,1,2,4,2,5,7,8,6,8,9,12,16,24,20,32,31,60,256,85,48,48,19,28,19,17,13,9,2,8,1,6,2,4,6,2,1,2,2,1,0,1,1,1,1,0,0,0,0,1],"bins":[-0.196365624666214,-0.19038300216197968,-0.18440037965774536,-0.17841777205467224,-0.17243514955043793,-0.1664525270462036,-0.1604699045419693,-0.15448728203773499,-0.14850467443466187,-0.14252205193042755,-0.13653942942619324,-0.13055680692195892,-0.12457418441772461,-0.11859156936407089,-0.11260894685983658,-0.10662633180618286,-0.10064370930194855,-0.09466108679771423,-0.08867847174406052,-0.0826958492398262,-0.07671323418617249,-0.07073061168193817,-0.06474798917770386,-0.05876537039875984,-0.052782751619815826,-0.04680013284087181,-0.040817514061927795,-0.03483489155769348,-0.028852272778749466,-0.02286965399980545,-0.016887033358216286,-0.010904413647949696,-0.0049217939376831055,0.0010608257725834846,0.007043445482850075,0.013026065193116665,0.019008684903383255,0.02499130368232727,0.030973924323916435,0.0369565449655056,0.042939163744449615,0.04892178252339363,0.054904401302337646,0.06088702380657196,0.06686964631080627,0.07285226136445999,0.0788348838686943,0.08481749892234802,0.09080012142658234,0.09678274393081665,0.10276535898447037,0.10874798148870468,0.1147305965423584,0.12071321904659271,0.12669584155082703,0.13267846405506134,0.13866108655929565,0.14464369416236877,0.1506263166666031,0.1566089391708374,0.16259156167507172,0.16857418417930603,0.17455679178237915,0.18053941428661346,0.18652203679084778]},"gradients/fc2.bias":{"bins":[-0.04591906815767288,-0.04444252327084541,-0.042965978384017944,-0.04148942977190018,-0.04001288488507271,-0.03853633999824524,-0.03705979138612747,-0.0355832464993,-0.034106701612472534,-0.032630156725645065,-0.031153609976172447,-0.02967706322669983,-0.02820051833987236,-0.02672397345304489,-0.025247426703572273,-0.023770879954099655,-0.022294335067272186,-0.020817790180444717,-0.0193412434309721,-0.01786469668149948,-0.016388151794672012,-0.014911605976521969,-0.013435060158371925,-0.011958514340221882,-0.010481968522071838,-0.009005422703921795,-0.007528876885771751,-0.006052331067621708,-0.004575785249471664,-0.003099239431321621,-0.0016226936131715775,-0.00014614779502153397,0.001330401748418808,0.0028069475665688515,0.004283493384718895,0.0057600392028689384,0.007236585021018982,0.008713130839169025,0.010189676657319069,0.011666222475469112,0.013142768293619156,0.0146193141117692,0.016095859929919243,0.01757240667939186,0.01904895156621933,0.0205254964530468,0.022002043202519417,0.023478589951992035,0.024955134838819504,0.026431679725646973,0.02790822647511959,0.02938477322459221,0.030861318111419678,0.03233786299824715,0.033814407885074615,0.03529095649719238,0.03676750138401985,0.03824404627084732,0.03972059488296509,0.04119713976979256,0.042673684656620026,0.044150229543447495,0.04562677443027496,0.04710332304239273,0.0485798679292202],"_type":"histogram","values":[1,0,0,0,0,0,0,0,0,0,0,0,0,0,0,1,0,0,0,1,0,0,0,0,0,1,0,0,0,0,0,1,0,1,1,0,0,0,0,0,1,0,0,0,0,0,1,0,0,0,0,0,0,0,0,0,0,0,0,0,0,0,0,1]},"_step":1,"gradients/conv4.weight":{"values":[3,1,2,2,2,3,3,10,9,6,11,18,23,29,46,46,72,106,133,142,236,324,410,569,852,1111,1431,1983,2798,3914,6071,9865,6148,4032,2738,1929,1474,1108,855,608,526,395,299,228,157,111,90,80,57,33,27,19,15,10,13,5,5,4,0,0,1,1,0,1],"bins":[-0.09652772545814514,-0.09346576780080795,-0.09040380269289017,-0.08734184503555298,-0.08427987992763519,-0.081217922270298,-0.07815596461296082,-0.07509399950504303,-0.07203204184770584,-0.06897007673978806,-0.06590811908245087,-0.06284616142511368,-0.05978419631719589,-0.056722234934568405,-0.053660277277231216,-0.05059831589460373,-0.04753635451197624,-0.044474393129348755,-0.04141243174672127,-0.03835047408938408,-0.03528851270675659,-0.032226551324129105,-0.029164589941501617,-0.02610263042151928,-0.023040669038891792,-0.019978707656264305,-0.016916748136281967,-0.01385478675365448,-0.010792826302349567,-0.007730865851044655,-0.004668904934078455,-0.0016069442499428988,0.0014550164341926575,0.00451697688549757,0.00757893780246377,0.01064089871942997,0.013702859170734882,0.016764819622039795,0.019826781004667282,0.02288874052464962,0.025950701907277107,0.029012663289904594,0.03207462280988693,0.03513658419251442,0.03819854557514191,0.041260506957769394,0.04432246461510658,0.04738442599773407,0.05044638738036156,0.053508348762989044,0.05657031014561653,0.05963226780295372,0.06269422918558121,0.06575619429349899,0.06881815195083618,0.07188010960817337,0.07494207471609116,0.07800403237342834,0.08106599748134613,0.08412795513868332,0.08718991279602051,0.0902518779039383,0.09331383556127548,0.09637580066919327,0.09943775832653046],"_type":"histogram"},