{"_wandb":{"runtime":496},"_runtime":496,"_timestamp":1.7581991235384767e+09,"_step":12,"Timestep":10,"Accuracy":33.73,"chance_level":10,"Time Taken to Run the Code(Mins)":8.288593363761901}