{"_wandb":{"runtime":556},"_runtime":556,"_timestamp":1.7579530646006517e+09,"_step":12,"Timestep":10,"Accuracy":36.41,"chance_level":10,"Time Taken to Run the Code(Mins)":9.3020836075147}