{"_wandb":{"runtime":18},"_runtime":18,"_timestamp":1.757435913638532e+09,"_step":12,"Accuracy":35.93,"chance_level":10,"Timestep":10,"Time Taken to Run the Code(Mins)":0.32846256891886394}