{"Time Taken to Run the Code(Mins)":0.3296249310175578,"_wandb":{"runtime":18},"_runtime":18,"_timestamp":1.7574405360336838e+09,"_step":12,"Timestep":10,"Accuracy":36.59,"chance_level":10}