{"_wandb":{"runtime":15},"Accuracy":68.49,"Time Taken to Run the Code(Mins)":0.2709206461906433,"_runtime":15.947990916,"_timestamp":1.7519680666666398e+09,"Timestep":10,"chance_level":10,"MediaLogs/s&p_0.0":{"format":"png","width":138,"height":70,"caption":"Noisy Images: s&p 0.0","_type":"image-file","sha256":"1351f578828d886452347dc6a8a5d01cff2cec649d66f35cdd7f696cc437603a","size":18482,"path":"media/images/MediaLogs/s&p_0.0_0_1351f578828d88645234.png"},"_step":12}