{"Timestep":10,"Accuracy":35.92,"Time Taken to Run the Code(Mins)":7.574302132924398,"_wandb":{"runtime":453},"_runtime":453,"_step":12,"_timestamp":1.7582192135905988e+09,"chance_level":10}