{"Accuracy":38.38,"chance_level":10,"Time Taken to Run the Code(Mins)":8.654190198580425,"_wandb":{"runtime":517},"_runtime":517,"_timestamp":1.7579249992100096e+09,"_step":12,"Timestep":10}