{"Accuracy":30.52,"chance_level":10,"Time Taken to Run the Code(Mins)":6.848256576061249,"_wandb":{"runtime":409},"_runtime":409,"_step":12,"_timestamp":1.7582168788076954e+09,"Timestep":10}