{"_runtime":483,"_timestamp":1.7582079228829594e+09,"_step":12,"Timestep":10,"Accuracy":34.27,"chance_level":10,"Time Taken to Run the Code(Mins)":8.085399317741395,"_wandb":{"runtime":483}}