{"Accuracy":38.4,"chance_level":10,"Timestep":10,"Time Taken to Run the Code(Mins)":0.32522157828013104,"_wandb":{"runtime":18},"_runtime":18,"_timestamp":1.7574177965561793e+09,"_step":12}