{"_runtime":466,"_step":12,"_timestamp":1.7574161606713507e+09,"Timestep":10,"Accuracy":38,"chance_level":10,"Time Taken to Run the Code(Mins)":7.793126583099365,"_wandb":{"runtime":466}}