{"_timestamp":1.7579424769846373e+09,"Timestep":10,"Accuracy":36.52,"chance_level":10,"Time Taken to Run the Code(Mins)":11.039573387304943,"_wandb":{"runtime":660},"_runtime":660,"_step":12}