{"_runtime":18,"_step":12,"_timestamp":1.7574283964478807e+09,"Timestep":10,"Accuracy":37.31,"chance_level":10,"Time Taken to Run the Code(Mins)":0.3312593936920166,"_wandb":{"runtime":18}}