{"Time Taken to Run the Code(Mins)":7.178484563032786,"_wandb":{"runtime":429},"_runtime":429,"_timestamp":1.7582183238783357e+09,"_step":12,"Timestep":10,"Accuracy":37.89,"chance_level":10}