{"Time Taken to Run the Code(Mins)":0.26978813409805297,"_wandb":{"runtime":15},"_runtime":15.884727062,"Accuracy":41.82,"_step":12,"MediaLogs/s&p_0.06":{"height":70,"caption":"Noisy Images: s&p 0.06","_type":"image-file","sha256":"6e6f2bae3e5fede333b73675a7c86dc6ec467d71d91b51c2e9fcf71564d74f10","size":20969,"path":"media/images/MediaLogs/s&p_0.06_0_6e6f2bae3e5fede333b7.png","format":"png","width":138},"_timestamp":1.751652144606717e+09,"Timestep":10,"chance_level":10}