{"_timestamp":1.757925039793963e+09,"_step":12,"Timestep":10,"Accuracy":38.38,"chance_level":10,"Time Taken to Run the Code(Mins)":8.375859081745148,"_wandb":{"runtime":501},"_runtime":501}