{"Time Taken to Run the Code(Mins)":11.69252840677897,"_wandb":{"runtime":700},"_runtime":700,"_timestamp":1.7579344893445973e+09,"_step":12,"Timestep":10,"Accuracy":37.53,"chance_level":10}