{"_step":12,"Timestep":10,"Accuracy":37.59,"chance_level":10,"Time Taken to Run the Code(Mins)":9.010434846083323,"_wandb":{"runtime":539},"_runtime":539,"_timestamp":1.757935037204511e+09}