{"_wandb":{"runtime":623},"_runtime":623,"_step":12,"_timestamp":1.757939717100914e+09,"Accuracy":37.13,"chance_level":10,"Timestep":10,"Time Taken to Run the Code(Mins)":10.411376611391704}