{"_wandb":{"runtime":447},"_runtime":447,"_timestamp":1.758220715029426e+09,"_step":12,"Timestep":10,"Accuracy":32.05,"chance_level":10,"Time Taken to Run the Code(Mins)":7.488190869490306}