{"Accuracy":37.56,"chance_level":10,"Time Taken to Run the Code(Mins)":0.34314624865849813,"_wandb":{"runtime":19},"_runtime":19,"_timestamp":1.7574243471196804e+09,"_step":12,"Timestep":10}