{"_runtime":411,"_step":12,"_timestamp":1.758218069588514e+09,"Timestep":10,"Accuracy":37.92,"chance_level":10,"Time Taken to Run the Code(Mins)":6.871418023109436,"_wandb":{"runtime":411}}