{"Time Taken to Run the Code(Mins)":9.044385186831157,"_wandb":{"runtime":541},"_runtime":541,"_timestamp":1.7581971046453757e+09,"_step":12,"Timestep":10,"Accuracy":31.11,"chance_level":10}