{"_wandb":{"runtime":18},"_runtime":18,"_timestamp":1.7574389078946846e+09,"_step":12,"chance_level":10,"Timestep":10,"Accuracy":37.74,"Time Taken to Run the Code(Mins)":0.32753405570983884}