{"Timestep":10,"Accuracy":68.89,"_timestamp":1.7513793736924703e+09,"_runtime":15.632826894,"_step":11,"Time Taken to Run the Code(Mins)":0.26455852190653484,"_wandb":{"runtime":15}}