{"chance_level":10,"Time Taken to Run the Code(Mins)":0.3243695934613546,"_wandb":{"runtime":18},"_runtime":18,"_timestamp":1.757421739995801e+09,"_step":12,"Timestep":10,"Accuracy":38.38}