{"_step":12,"chance_level":10,"Timestep":10,"MediaLogs/s&p_0.0":{"sha256":"1351f578828d886452347dc6a8a5d01cff2cec649d66f35cdd7f696cc437603a","size":18482,"path":"media/images/MediaLogs/s&p_0.0_0_1351f578828d88645234.png","format":"png","width":138,"height":70,"caption":"Noisy Images: s&p 0.0","_type":"image-file"},"_wandb":{"runtime":15},"_runtime":15.815554499,"Accuracy":67.79,"Time Taken to Run the Code(Mins)":0.26873817841211955,"_timestamp":1.7515307912936163e+09}