{"_runtime":413,"_timestamp":1.7581924173155272e+09,"_step":12,"Timestep":10,"Accuracy":36.35,"chance_level":10,"Time Taken to Run the Code(Mins)":6.917181241512298,"_wandb":{"runtime":413}}