{"_timestamp":1.7581925314922087e+09,"_step":12,"Accuracy":36.43,"chance_level":10,"Timestep":10,"Time Taken to Run the Code(Mins)":6.670727948347728,"_wandb":{"runtime":398},"_runtime":398}