{"_wandb":{"runtime":355},"_runtime":355,"_timestamp":1.7582122583785317e+09,"_step":12,"Accuracy":29.35,"chance_level":10,"Timestep":10,"Time Taken to Run the Code(Mins)":5.938156445821126}