{"Time Taken to Run the Code(Mins)":10.004696806271872,"_wandb":{"runtime":598},"_runtime":598,"_step":12,"_timestamp":1.7582054872565136e+09,"Accuracy":29.72,"chance_level":10,"Timestep":10}