{"_step":12,"chance_level":10,"Timestep":10,"Accuracy":36.74,"Time Taken to Run the Code(Mins)":10.649506962299347,"_wandb":{"runtime":636},"_runtime":636,"_timestamp":1.7579405926779106e+09}