{"_step":12,"Timestep":10,"Accuracy":33.06,"chance_level":10,"Time Taken to Run the Code(Mins)":5.30478664636612,"_wandb":{"runtime":317},"_runtime":317,"_timestamp":1.7570785233884892e+09}