{"_step":12,"chance_level":10,"Timestep":10,"Accuracy":33.18,"Time Taken to Run the Code(Mins)":5.161137390136719,"_wandb":{"runtime":308},"_runtime":308,"_timestamp":1.7570842437105105e+09}