{"_timestamp":1.7570874092195904e+09,"_step":12,"Timestep":10,"Accuracy":33.12,"chance_level":10,"Time Taken to Run the Code(Mins)":5.183475637435913,"_wandb":{"runtime":309},"_runtime":309}