{"Time Taken to Run the Code(Mins)":5.237940998872121,"_wandb":{"runtime":313},"_runtime":313,"_timestamp":1.7570855252112498e+09,"_step":12,"Timestep":10,"Accuracy":31.89,"chance_level":10}