{"Accuracy":30.12,"chance_level":10,"Time Taken to Run the Code(Mins)":7.690351410706838,"_wandb":{"runtime":457},"_runtime":457,"_timestamp":1.7582042138229964e+09,"_step":12,"Timestep":10}