{"_runtime":18,"_timestamp":1.7574302368656273e+09,"_step":12,"Timestep":10,"Accuracy":36.69,"chance_level":10,"Time Taken to Run the Code(Mins)":0.32529762585957844,"_wandb":{"runtime":18}}