{"_runtime":18,"_timestamp":1.7574202986844032e+09,"_step":12,"Timestep":10,"Accuracy":38.43,"chance_level":10,"Time Taken to Run the Code(Mins)":0.3331630825996399,"_wandb":{"runtime":18}}