{"_timestamp":1.7581986075107708e+09,"_step":12,"Timestep":10,"Accuracy":36.61,"chance_level":10,"Time Taken to Run the Code(Mins)":8.198686997095743,"_wandb":{"runtime":490},"_runtime":490}