{"chance_level":10,"Time Taken to Run the Code(Mins)":9.209544440110525,"_wandb":{"runtime":551},"_runtime":551,"_timestamp":1.7579501161330235e+09,"_step":12,"Timestep":10,"Accuracy":38.34}