{"Time Taken to Run the Code(Mins)":4.995913851261139,"_wandb":{"runtime":298},"_runtime":298,"_timestamp":1.757074552688254e+09,"_step":12,"Timestep":10,"Accuracy":33.08,"chance_level":10}