{"_runtime":742,"_step":12,"_timestamp":1.7579293240741434e+09,"Accuracy":38.31,"chance_level":10,"Timestep":10,"Time Taken to Run the Code(Mins)":12.398187367121379,"_wandb":{"runtime":742}}