{"chance_level":10,"Time Taken to Run the Code(Mins)":0.3304544607798258,"_wandb":{"runtime":18},"_runtime":18,"_step":12,"_timestamp":1.7574283154673243e+09,"Timestep":10,"Accuracy":37.32}