{"_runtime":286,"_timestamp":1.7570784886459486e+09,"_step":12,"Timestep":10,"Accuracy":33.07,"chance_level":10,"Time Taken to Run the Code(Mins)":4.803425737222036,"_wandb":{"runtime":286}}