{"Timestep":10,"Time Taken to Run the Code(Mins)":4.880131781101227,"_wandb":{"runtime":291},"_runtime":291,"_timestamp":1.7570781965071526e+09,"_step":12,"Accuracy":33.17,"chance_level":10}