{"_runtime":18,"_timestamp":1.7574349379807272e+09,"_step":12,"Timestep":10,"Accuracy":36.26,"chance_level":10,"Time Taken to Run the Code(Mins)":0.3305485169092814,"_wandb":{"runtime":18}}