{"_wandb":{"runtime":300},"_runtime":300,"_timestamp":1.7570850503797655e+09,"_step":12,"Timestep":10,"Accuracy":32.11,"chance_level":10,"Time Taken to Run the Code(Mins)":5.021216038862864}