{"chance_level":10,"_wandb":{"runtime":15},"Timestep":10,"_runtime":15.832537953,"_step":12,"Time Taken to Run the Code(Mins)":0.26886895497639973,"MediaLogs/s&p_0.0":{"width":138,"height":70,"caption":"Noisy Images: s&p 0.0","_type":"image-file","sha256":"1351f578828d886452347dc6a8a5d01cff2cec649d66f35cdd7f696cc437603a","size":18482,"path":"media/images/MediaLogs/s&p_0.0_0_1351f578828d88645234.png","format":"png"},"_timestamp":1.7526581379709318e+09,"Accuracy":62.62}