{"Time Taken to Run the Code(Mins)":9.36984928448995,"_wandb":{"runtime":560},"_runtime":560,"_step":12,"_timestamp":1.7579460241482613e+09,"Timestep":10,"Accuracy":37.13,"chance_level":10}