{"Timestep":10,"Accuracy":37.75,"chance_level":10,"Time Taken to Run the Code(Mins)":0.3242758552233378,"_wandb":{"runtime":18},"_runtime":18,"_step":12,"_timestamp":1.7574234960246832e+09}