{"Timestep":10,"Accuracy":33.3,"chance_level":10,"Time Taken to Run the Code(Mins)":6.7255792419115705,"_wandb":{"runtime":402},"_runtime":402,"_timestamp":1.758214697582208e+09,"_step":12}