{"Timestep":10,"Accuracy":38.34,"chance_level":10,"Time Taken to Run the Code(Mins)":0.3496212879816691,"_wandb":{"runtime":19},"_runtime":19,"_timestamp":1.7574188290996418e+09,"_step":12}