{"_step":11,"Timestep":10,"Accuracy":69.73,"_timestamp":1.7513765887824564e+09,"Time Taken to Run the Code(Mins)":0.2609530051549276,"_wandb":{"runtime":15},"_runtime":15.418312954}