{"Time Taken to Run the Code(Mins)":0.33293036222457884,"_wandb":{"runtime":18},"_runtime":18,"_timestamp":1.7574422390130424e+09,"_step":12,"Timestep":10,"Accuracy":38.26,"chance_level":10}