{"chance_level":10,"Timestep":10,"Time Taken to Run the Code(Mins)":10.370047926902771,"_wandb":{"runtime":620},"_runtime":620,"_step":12,"_timestamp":1.7579431196070106e+09,"Accuracy":38.29}