{"_wandb":{"runtime":18},"_runtime":18,"_timestamp":1.7574408861278512e+09,"_step":12,"Timestep":10,"Accuracy":35.93,"chance_level":10,"Time Taken to Run the Code(Mins)":0.3323769927024841}