{"Timestep":10,"Accuracy":36,"chance_level":10,"Time Taken to Run the Code(Mins)":0.33189534743626914,"_wandb":{"runtime":18},"_runtime":18,"_timestamp":1.7574362931767514e+09,"_step":12}