{"chance_level":10,"Accuracy":66.31,"_runtime":16.595142792,"_step":12,"MediaLogs/gauss_0.2":{"width":138,"height":70,"caption":"Noisy Images: gauss 0.2","_type":"image-file","sha256":"45f4dc678aa706151bebfea1540f5a37a816d74589f6ccf6fdeedb9f2f08c515","size":20156,"path":"media/images/MediaLogs/gauss_0.2_0_45f4dc678aa706151beb.png","format":"png"},"Timestep":10,"Time Taken to Run the Code(Mins)":0.2815755764643351,"_wandb":{"runtime":16},"_timestamp":1.751643429637637e+09}