{"Timestep":10,"Accuracy":32.6,"chance_level":10,"Time Taken to Run the Code(Mins)":8.15204159816106,"_wandb":{"runtime":487},"_runtime":487,"_timestamp":1.7581945563977077e+09,"_step":12}