{"Time Taken to Run the Code(Mins)":0.3346951246261597,"_wandb":{"runtime":18},"_runtime":18,"_timestamp":1.7574433983441672e+09,"_step":12,"Accuracy":37.97,"chance_level":10,"Timestep":10}