{"_timestamp":1.7513746589705634e+09,"_runtime":15.156694069,"_step":11,"Time Taken to Run the Code(Mins)":0.25661683877309166,"_wandb":{"runtime":15},"Timestep":10,"Accuracy":69.21}