{"_runtime":668,"_timestamp":1.7579356149983962e+09,"_step":12,"Timestep":10,"Accuracy":37.52,"chance_level":10,"Time Taken to Run the Code(Mins)":11.192246866226196,"_wandb":{"runtime":668}}