{"_timestamp":1.7525865426113682e+09,"_wandb":{"runtime":16},"_step":12,"Time Taken to Run the Code(Mins)":0.27660904328028363,"Accuracy":66.12,"MediaLogs/s&p_0.0":{"_type":"image-file","sha256":"1351f578828d886452347dc6a8a5d01cff2cec649d66f35cdd7f696cc437603a","size":18482,"path":"media/images/MediaLogs/s&p_0.0_0_1351f578828d88645234.png","format":"png","width":138,"height":70,"caption":"Noisy Images: s&p 0.0"},"_runtime":16.298306983,"chance_level":10,"Timestep":10}