{"_runtime":18,"_step":12,"_timestamp":1.7574270091526186e+09,"Timestep":10,"Accuracy":38.44,"chance_level":10,"Time Taken to Run the Code(Mins)":0.3202233870824178,"_wandb":{"runtime":18}}