{"_wandb":{"runtime":429},"_runtime":429,"_step":12,"_timestamp":1.758216208955391e+09,"chance_level":10,"Timestep":10,"Accuracy":29.83,"Time Taken to Run the Code(Mins)":7.177075386047363}