{"_timestamp":1.7579436190561006e+09,"_step":12,"Timestep":10,"Accuracy":38.26,"chance_level":10,"Time Taken to Run the Code(Mins)":8.733414590358734,"_wandb":{"runtime":522},"_runtime":522}