{"_wandb":{"runtime":16},"Time Taken to Run the Code(Mins)":0.27554113467534386,"_step":12,"Accuracy":12.03,"Timestep":10,"chance_level":10,"_runtime":16.22619595,"MediaLogs/s&p_0.8":{"caption":"Noisy Images: s&p 0.8","_type":"image-file","sha256":"c5de290bc607a4d3a958a7bbf55c32825b481e2e8eecb255f8d00ebb9a0e0de2","size":7046,"path":"media/images/MediaLogs/s&p_0.8_0_c5de290bc607a4d3a958.png","format":"png","width":138,"height":70},"_timestamp":1.7515369972375963e+09}