{"_step":12,"Timestep":10,"Accuracy":31.07,"chance_level":10,"Time Taken to Run the Code(Mins)":7.419617927074432,"_wandb":{"runtime":443},"_runtime":443,"_timestamp":1.758197782388148e+09}