{"_wandb":{"runtime":225},"_runtime":225,"_timestamp":1.757089491970716e+09,"_step":12,"Timestep":10,"Accuracy":32.14,"chance_level":10,"Time Taken to Run the Code(Mins)":3.770294487476349}