{"_wandb":{"runtime":19},"_runtime":19,"_step":12,"_timestamp":1.7574184997768948e+09,"Timestep":10,"Accuracy":38.33,"chance_level":10,"Time Taken to Run the Code(Mins)":0.34612225691477455}