{"_wandb":{"runtime":249},"_runtime":249,"_step":12,"_timestamp":1.75708389201066e+09,"Accuracy":32.64,"chance_level":10,"Timestep":10,"Time Taken to Run the Code(Mins)":4.176661169528961}