{"chance_level":10,"Time Taken to Run the Code(Mins)":0.33081350326538084,"_wandb":{"runtime":18},"_runtime":18,"_timestamp":1.7574450449490333e+09,"_step":12,"Timestep":10,"Accuracy":36.91}