{"_step":12,"chance_level":10,"Timestep":10,"Accuracy":36.34,"Time Taken to Run the Code(Mins)":0.3427302877108256,"_wandb":{"runtime":19},"_runtime":19,"_timestamp":1.757431489684368e+09}