{"_timestamp":1.7574312154370754e+09,"_step":12,"Timestep":10,"Accuracy":36.34,"chance_level":10,"Time Taken to Run the Code(Mins)":0.3413921554883321,"_wandb":{"runtime":19},"_runtime":19}