{"_timestamp":1.757437836178438e+09,"Timestep":10,"Accuracy":38.36,"chance_level":10,"Time Taken to Run the Code(Mins)":0.33650224208831786,"_wandb":{"runtime":18},"_runtime":18,"_step":12}