{"_wandb":{"runtime":507},"_runtime":507,"_step":12,"_timestamp":1.7579548304257975e+09,"Timestep":10,"Accuracy":36.21,"chance_level":10,"Time Taken to Run the Code(Mins)":8.493240845203399}