{"Accuracy":37.24,"chance_level":10,"Timestep":10,"Time Taken to Run the Code(Mins)":9.434920656681062,"_wandb":{"runtime":564},"_runtime":564,"_timestamp":1.7579465906857107e+09,"_step":12}