{"Timestep":10,"Accuracy":37.57,"chance_level":10,"Time Taken to Run the Code(Mins)":9.074520353476206,"_wandb":{"runtime":543},"_runtime":543,"_timestamp":1.7579511964910588e+09,"_step":12}