{"_step":12,"Accuracy":38.19,"chance_level":10,"Timestep":10,"Time Taken to Run the Code(Mins)":7.516646345456441,"_wandb":{"runtime":449},"_runtime":449,"_timestamp":1.7579553361493664e+09}