{"_runtime":465,"_timestamp":1.7579323548198507e+09,"_step":12,"Timestep":10,"Accuracy":37.53,"chance_level":10,"Time Taken to Run the Code(Mins)":7.780897204081217,"_wandb":{"runtime":465}}