{"_step":12,"chance_level":10,"Timestep":10,"Accuracy":35.71,"Time Taken to Run the Code(Mins)":7.980269110202789,"_wandb":{"runtime":477},"_runtime":477,"_timestamp":1.758187972724796e+09}