{"_timestamp":1.7574451552213678e+09,"Timestep":10,"Accuracy":36.84,"chance_level":10,"Time Taken to Run the Code(Mins)":0.33335366249084475,"_wandb":{"runtime":19},"_runtime":19,"_step":12}