{"_wandb":{"runtime":248},"_runtime":248,"_timestamp":1.7570873205673141e+09,"_step":12,"Timestep":10,"Accuracy":31.18,"chance_level":10,"Time Taken to Run the Code(Mins)":4.158612942695617}