{"_step":12,"Timestep":10,"Accuracy":31.9,"chance_level":10,"Time Taken to Run the Code(Mins)":4.0481267929077145,"_wandb":{"runtime":241},"_runtime":241,"_timestamp":1.757091133664001e+09}