{"Timestep":10,"Accuracy":38.34,"chance_level":10,"Time Taken to Run the Code(Mins)":0.3346209764480591,"_wandb":{"runtime":19},"_runtime":19,"_timestamp":1.7574185844777923e+09,"_step":12}