{"_timestamp":1.757432767417516e+09,"_step":12,"chance_level":10,"Timestep":10,"Accuracy":38.11,"Time Taken to Run the Code(Mins)":0.3384913365046183,"_wandb":{"runtime":19},"_runtime":19}