{"_timestamp":1.7581897341951122e+09,"Timestep":10,"Accuracy":34.22,"chance_level":10,"Time Taken to Run the Code(Mins)":6.721434446175893,"_wandb":{"runtime":401},"_runtime":401,"_step":12}