{"_step":12,"_timestamp":1.758190269977526e+09,"Timestep":10,"Accuracy":34.28,"chance_level":10,"Time Taken to Run the Code(Mins)":8.063443255424499,"_wandb":{"runtime":482},"_runtime":482}