{"Time Taken to Run the Code(Mins)":8.410003177324931,"_wandb":{"runtime":503},"_runtime":503,"_timestamp":1.758213692909725e+09,"_step":12,"Timestep":10,"Accuracy":35.16,"chance_level":10}