{"_runtime":965,"_timestamp":1.7582046709363418e+09,"_step":12,"Timestep":10,"Accuracy":30.07,"chance_level":10,"Time Taken to Run the Code(Mins)":16.123498928546905,"_wandb":{"runtime":965}}