{"_step":12,"Accuracy":37.2,"chance_level":10,"Timestep":10,"Time Taken to Run the Code(Mins)":9.441763846079509,"_wandb":{"runtime":565},"_runtime":565,"_timestamp":1.7579465887697432e+09}