{"chance_level":10,"Time Taken to Run the Code(Mins)":7.549537773927053,"_wandb":{"runtime":451},"_runtime":451,"_step":12,"_timestamp":1.7581982590982974e+09,"Timestep":10,"Accuracy":36.52}