{"_step":12,"Timestep":10,"Accuracy":38.38,"chance_level":10,"Time Taken to Run the Code(Mins)":0.33755221764246623,"_wandb":{"runtime":19},"_runtime":19,"_timestamp":1.7574192358382952e+09}