{"_wandb":{"runtime":424},"_runtime":424,"_timestamp":1.758215522853556e+09,"_step":12,"Timestep":10,"Accuracy":31.16,"chance_level":10,"Time Taken to Run the Code(Mins)":7.1060121893882755}