{"chance_level":10,"Time Taken to Run the Code(Mins)":7.590136702855428,"_wandb":{"runtime":454},"_runtime":454,"_timestamp":1.7582116115202482e+09,"_step":12,"Timestep":10,"Accuracy":29.98}