{"Timestep":10,"Accuracy":37.67,"chance_level":10,"Time Taken to Run the Code(Mins)":9.507466224829356,"_wandb":{"runtime":568},"_runtime":568,"_step":12,"_timestamp":1.7579331503856683e+09}