{"_step":12,"Timestep":10,"Accuracy":36.88,"chance_level":10,"Time Taken to Run the Code(Mins)":0.3276017189025879,"_wandb":{"runtime":18},"_runtime":18,"_timestamp":1.7574452883302886e+09}