{"chance_level":10,"Time Taken to Run the Code(Mins)":7.869777433077494,"_wandb":{"runtime":470},"_runtime":470,"_timestamp":1.7579475809330184e+09,"_step":12,"Timestep":10,"Accuracy":36.54}