{"chance_level":10,"Timestep":10,"MediaLogs/s&p_0.0":{"height":70,"caption":"Noisy Images: s&p 0.0","_type":"image-file","sha256":"1351f578828d886452347dc6a8a5d01cff2cec649d66f35cdd7f696cc437603a","size":18482,"path":"media/images/MediaLogs/s&p_0.0_0_1351f578828d88645234.png","format":"png","width":138},"Time Taken to Run the Code(Mins)":0.27010433276494344,"Accuracy":66.88,"_runtime":15.902692721,"_wandb":{"runtime":15},"_timestamp":1.7515321884786785e+09,"_step":12}