{"_timestamp":1.757955955855947e+09,"_step":12,"Timestep":10,"Accuracy":38.44,"chance_level":10,"Time Taken to Run the Code(Mins)":6.907269167900085,"_wandb":{"runtime":413},"_runtime":413}