{"_step":12,"Timestep":10,"Accuracy":36.57,"chance_level":10,"Time Taken to Run the Code(Mins)":9.686735077699025,"_wandb":{"runtime":579},"_runtime":579,"_timestamp":1.757947763832219e+09}