{"_timestamp":1.7570911198078759e+09,"_step":12,"Timestep":10,"Accuracy":31.9,"chance_level":10,"Time Taken to Run the Code(Mins)":4.384828384717306,"_wandb":{"runtime":262},"_runtime":262}