{"Timestep":10,"Time Taken to Run the Code(Mins)":0.3400006373723348,"_wandb":{"runtime":19},"_runtime":19,"_timestamp":1.757441832156576e+09,"_step":12,"Accuracy":38.25,"chance_level":10}