{"_runtime":274,"_timestamp":1.7570883595996761e+09,"_step":12,"chance_level":10,"Timestep":10,"Accuracy":31.62,"Time Taken to Run the Code(Mins)":4.604117667675018,"_wandb":{"runtime":274}}