{"_runtime":19,"_timestamp":1.7574383422960234e+09,"_step":12,"Timestep":10,"Accuracy":37.52,"chance_level":10,"Time Taken to Run the Code(Mins)":0.33442871967951454,"_wandb":{"runtime":19}}