{"_runtime":517,"_timestamp":1.757925781363355e+09,"_step":12,"Accuracy":38.35,"chance_level":10,"Timestep":10,"Time Taken to Run the Code(Mins)":8.662237131595612,"_wandb":{"runtime":517}}