{"_runtime":521,"_timestamp":1.7579333226354015e+09,"_step":12,"Timestep":10,"Accuracy":37.54,"chance_level":10,"Time Taken to Run the Code(Mins)":8.718051775296528,"_wandb":{"runtime":521}}