{"_wandb":{"runtime":504},"_runtime":504,"_timestamp":1.7581885136447604e+09,"_step":12,"Timestep":10,"Accuracy":35.82,"chance_level":10,"Time Taken to Run the Code(Mins)":8.44416029850642}