{"_step":12,"Timestep":10,"Accuracy":37.3,"chance_level":10,"Time Taken to Run the Code(Mins)":0.330478306611379,"_wandb":{"runtime":18},"_runtime":18,"_timestamp":1.7574445213917847e+09}