{"_runtime":272,"_timestamp":1.7570883921551445e+09,"_step":12,"Accuracy":31.62,"chance_level":10,"Timestep":10,"Time Taken to Run the Code(Mins)":4.55651281674703,"_wandb":{"runtime":272}}