{"chance_level":10,"Timestep":10,"Time Taken to Run the Code(Mins)":7.711952225367228,"_wandb":{"runtime":460},"_runtime":460,"_timestamp":1.75795855844843e+09,"_step":12,"Accuracy":37.59}