{"chance_level":10,"Time Taken to Run the Code(Mins)":6.709342555205027,"_wandb":{"runtime":401},"_runtime":401,"_timestamp":1.7582157276715071e+09,"_step":12,"Timestep":10,"Accuracy":31.25}