{"Timestep":10,"Accuracy":38.03,"chance_level":10,"Time Taken to Run the Code(Mins)":0.3417834281921387,"_wandb":{"runtime":19},"_runtime":19,"_timestamp":1.7574171701451344e+09,"_step":12}