{"Time Taken to Run the Code(Mins)":7.652333279450734,"_wandb":{"runtime":456},"_runtime":456,"_timestamp":1.7582106604207046e+09,"_step":12,"Timestep":10,"Accuracy":30.82,"chance_level":10}