{"chance_level":10,"Time Taken to Run the Code(Mins)":8.941771924495697,"_wandb":{"runtime":533},"_runtime":533,"_timestamp":1.7581869205299168e+09,"_step":12,"Timestep":10,"Accuracy":37.26}