{"Timestep":10,"Time Taken to Run the Code(Mins)":0.32520421346028644,"_wandb":{"runtime":18},"_runtime":18,"_timestamp":1.7574343639840438e+09,"_step":12,"Accuracy":37.04,"chance_level":10}