{"Timestep":10,"Accuracy":30.84,"Time Taken to Run the Code(Mins)":7.336547601222992,"_wandb":{"runtime":438},"_runtime":438,"_timestamp":1.7582151961759868e+09,"_step":12,"chance_level":10}