{"Time Taken to Run the Code(Mins)":11.043908035755157,"_wandb":{"runtime":660},"_runtime":660,"_timestamp":1.757936510416778e+09,"_step":12,"Timestep":10,"Accuracy":38.25,"chance_level":10}