{"_timestamp":1.7574238802925048e+09,"_step":12,"chance_level":10,"Timestep":10,"Accuracy":37.78,"Time Taken to Run the Code(Mins)":0.3309476653734843,"_wandb":{"runtime":18},"_runtime":18}