{"_wandb":{"runtime":267},"_runtime":267,"_timestamp":1.7570890260751572e+09,"_step":12,"Timestep":10,"Accuracy":33.07,"chance_level":10,"Time Taken to Run the Code(Mins)":4.483326733112335}