{"chance_level":10,"Time Taken to Run the Code(Mins)":9.147396437327068,"_wandb":{"runtime":547},"_runtime":547,"_step":12,"_timestamp":1.757944267355437e+09,"Timestep":10,"Accuracy":38.15}