{"_wandb":{"runtime":563},"_runtime":563,"_timestamp":1.7579511955792384e+09,"_step":12,"Timestep":10,"Accuracy":37.53,"chance_level":10,"Time Taken to Run the Code(Mins)":9.414819292227428}