{"Accuracy":34.07,"chance_level":10,"Time Taken to Run the Code(Mins)":6.7456259489059445,"_wandb":{"runtime":403},"_runtime":403,"_timestamp":1.7581912067902882e+09,"_step":12,"Timestep":10}