{"chance_level":10,"Time Taken to Run the Code(Mins)":4.681593263149262,"_wandb":{"runtime":280},"_runtime":280,"_step":12,"_timestamp":1.7570839191486073e+09,"Timestep":10,"Accuracy":32.65}