{"Time Taken to Run the Code(Mins)":7.767452104886373,"_wandb":{"runtime":464},"_runtime":464,"_step":12,"_timestamp":1.7582111334118268e+09,"Timestep":10,"Accuracy":29.8,"chance_level":10}