{"Accuracy":36.55,"chance_level":10,"Time Taken to Run the Code(Mins)":8.430692462126414,"_wandb":{"runtime":504},"_runtime":504,"_timestamp":1.7581985715077164e+09,"_step":12,"Timestep":10}