{"Timestep":10,"Accuracy":31.48,"chance_level":10,"Time Taken to Run the Code(Mins)":4.177439113457997,"_wandb":{"runtime":249},"_runtime":249,"_timestamp":1.757088131229446e+09,"_step":12}