{"_runtime":18,"_timestamp":1.7574405091625385e+09,"_step":12,"chance_level":10,"Timestep":10,"Accuracy":36.59,"Time Taken to Run the Code(Mins)":0.33642297188440956,"_wandb":{"runtime":18}}