{"_wandb":{"runtime":18},"_runtime":18,"_step":12,"_timestamp":1.7574341228985748e+09,"Timestep":10,"Accuracy":37.04,"chance_level":10,"Time Taken to Run the Code(Mins)":0.328486955165863}