{"_wandb":{"runtime":445},"_runtime":445,"_timestamp":1.7579553333624222e+09,"_step":12,"Timestep":10,"Accuracy":38.19,"chance_level":10,"Time Taken to Run the Code(Mins)":7.450778142611186}