{"_runtime":19,"_timestamp":1.7574209841931827e+09,"_step":12,"Accuracy":38.37,"chance_level":10,"Timestep":10,"Time Taken to Run the Code(Mins)":0.3446966171264648,"_wandb":{"runtime":19}}