{"_timestamp":1.758193108064362e+09,"_step":12,"Timestep":10,"Accuracy":33.73,"chance_level":10,"Time Taken to Run the Code(Mins)":6.799389998118083,"_wandb":{"runtime":406},"_runtime":406}