{"chance_level":10,"Time Taken to Run the Code(Mins)":6.912217656771342,"_wandb":{"runtime":413},"_runtime":413,"_timestamp":1.7582167555591893e+09,"_step":12,"Timestep":10,"Accuracy":30.36}