{"_timestamp":1.7574292603400047e+09,"_step":12,"Timestep":10,"Accuracy":37.01,"chance_level":10,"Time Taken to Run the Code(Mins)":0.3322057882944743,"_wandb":{"runtime":18},"_runtime":18}