{"Timestep":10,"Accuracy":38.11,"chance_level":10,"Time Taken to Run the Code(Mins)":7.813178559144338,"_wandb":{"runtime":467},"_runtime":467,"_step":12,"_timestamp":1.7579575921221714e+09}