{"Accuracy":36.66,"chance_level":10,"Time Taken to Run the Code(Mins)":8.66713083187739,"_wandb":{"runtime":518},"_runtime":518,"_step":12,"_timestamp":1.7581990141085844e+09,"Timestep":10}