{"Accuracy":28.85,"chance_level":10,"Time Taken to Run the Code(Mins)":6.648917714754741,"_wandb":{"runtime":396},"_runtime":396,"_timestamp":1.7582115610569177e+09,"_step":12,"Timestep":10}