{"_timestamp":1.758187956357212e+09,"_step":12,"Timestep":10,"Accuracy":35.7,"chance_level":10,"Time Taken to Run the Code(Mins)":9.360351995627086,"_wandb":{"runtime":559},"_runtime":559}