{"_wandb":{"runtime":499},"_runtime":499,"_timestamp":1.7579506583086247e+09,"_step":12,"Timestep":10,"Accuracy":38.3,"chance_level":10,"Time Taken to Run the Code(Mins)":8.367324582735698}