{"Accuracy":31.1,"chance_level":10,"Time Taken to Run the Code(Mins)":3.7650548974672953,"_wandb":{"runtime":224},"_runtime":224,"_step":12,"_timestamp":1.7570914832432802e+09,"Timestep":10}