{"Time Taken to Run the Code(Mins)":9.843705252806346,"_wandb":{"runtime":588},"_runtime":588,"_step":12,"_timestamp":1.7579328115437722e+09,"chance_level":10,"Timestep":10,"Accuracy":37.55}