{"Accuracy":38.31,"Time Taken to Run the Code(Mins)":10.387004892031351,"_wandb":{"runtime":612},"_runtime":612,"_timestamp":1.757929620056848e+09,"_step":12,"chance_level":10,"Timestep":10}