{"Time Taken to Run the Code(Mins)":7.849222819010417,"_wandb":{"runtime":469},"_runtime":469,"_timestamp":1.7582111441796606e+09,"_step":12,"Accuracy":29.89,"chance_level":10,"Timestep":10}