{"_timestamp":1.757090785319234e+09,"Accuracy":33.06,"chance_level":10,"Timestep":10,"Time Taken to Run the Code(Mins)":4.864651230971019,"_wandb":{"runtime":290},"_runtime":290,"_step":12}