{"Timestep":10,"_step":12,"Accuracy":52.51,"Time Taken to Run the Code(Mins)":0.2706290364265442,"_wandb":{"runtime":15},"chance_level":10,"MediaLogs/s&p_0.02":{"sha256":"6d9678668fc378e1951bb630f4f538672833bbd927b8b3128ea48471d230098d","size":19693,"path":"media/images/MediaLogs/s&p_0.02_0_6d9678668fc378e1951b.png","format":"png","width":138,"height":70,"caption":"Noisy Images: s&p 0.02","_type":"image-file"},"_timestamp":1.751647504722904e+09,"_runtime":15.937480387}