{"_runtime":647,"_timestamp":1.7579358131980858e+09,"_step":12,"Timestep":10,"Accuracy":38.41,"chance_level":10,"Time Taken to Run the Code(Mins)":10.815149231751759,"_wandb":{"runtime":647}}