{"Timestep":10,"Accuracy":36.89,"chance_level":10,"Time Taken to Run the Code(Mins)":0.3247992793718974,"_wandb":{"runtime":18},"_runtime":18,"_timestamp":1.757444962086162e+09,"_step":12}