{"chance_level":10,"Time Taken to Run the Code(Mins)":10.241888427734375,"_wandb":{"runtime":613},"_runtime":613,"_timestamp":1.757936800060857e+09,"_step":12,"Timestep":10,"Accuracy":37.9}