{"Accuracy":31.04,"chance_level":10,"Time Taken to Run the Code(Mins)":7.956313486893972,"_wandb":{"runtime":475},"_runtime":475,"_step":12,"_timestamp":1.7581974621566854e+09,"Timestep":10}