{"chance_level":10,"Timestep":10,"_timestamp":1.7515308624485326e+09,"_step":12,"Accuracy":18.91,"_wandb":{"runtime":15},"MediaLogs/s&p_0.2":{"size":22652,"path":"media/images/MediaLogs/s&p_0.2_0_258790cc567a266b10ae.png","format":"png","width":138,"height":70,"caption":"Noisy Images: s&p 0.2","_type":"image-file","sha256":"258790cc567a266b10ae4c3402110f4a77c2a2ad20e989f48a1132a7e187dd37"},"Time Taken to Run the Code(Mins)":0.26960962613423667,"_runtime":15.872662649}