{"Time Taken to Run the Code(Mins)":0.3262294093767802,"_wandb":{"runtime":18},"_runtime":18,"_timestamp":1.757441423190848e+09,"_step":12,"Timestep":10,"Accuracy":36.08,"chance_level":10}