{"chance_level":10,"Time Taken to Run the Code(Mins)":8.425804118315378,"_wandb":{"runtime":503},"_runtime":503,"_timestamp":1.758196957170104e+09,"_step":12,"Timestep":10,"Accuracy":31.07}