{"Time Taken to Run the Code(Mins)":0.3358189622561137,"_wandb":{"runtime":19},"_runtime":19,"_timestamp":1.7574440829640493e+09,"_step":12,"Timestep":10,"Accuracy":37.33,"chance_level":10}