{"_timestamp":1.7579489549447384e+09,"_step":12,"Timestep":10,"Accuracy":38.41,"chance_level":10,"Time Taken to Run the Code(Mins)":9.644953227043152,"_wandb":{"runtime":577},"_runtime":577}