{"Accuracy":61.03,"_timestamp":1.7513837689478543e+09,"_runtime":15.43171977,"Time Taken to Run the Code(Mins)":0.26113653580347695,"_wandb":{"runtime":15},"_step":11,"Timestep":10}