{"_runtime":506,"_timestamp":1.757937748156234e+09,"_step":12,"Timestep":10,"Accuracy":38.08,"chance_level":10,"Time Taken to Run the Code(Mins)":8.46812725464503,"_wandb":{"runtime":506}}