{"chance_level":10,"Timestep":10,"Accuracy":31.77,"Time Taken to Run the Code(Mins)":1.4352317611376444,"_wandb":{"runtime":84},"_runtime":84,"_timestamp":1.7570749034111958e+09,"_step":12}