{"chance_level":10,"Timestep":10,"Time Taken to Run the Code(Mins)":6.4720355351765955,"_wandb":{"runtime":386},"_runtime":386,"_step":12,"_timestamp":1.758219610933393e+09,"Accuracy":36.12}