{"Accuracy":31.73,"chance_level":10,"Timestep":10,"Time Taken to Run the Code(Mins)":7.278627610206604,"_wandb":{"runtime":435},"_runtime":435,"_timestamp":1.758195473520825e+09,"_step":12}