{"Fine_Tuning_With_Classification/Recon_Testing_loss":0.0045978864943608646,"Fine_Tuning_With_Classification/Training_accuracy":38.025636363636366,"Fine_Tuning_With_Classification/train_loss":1.6845308664321899,"Fine_Tuning_With_Classification/Test_Accuracy":37.92818181818182,"Fine_Tuning_With_Classification/test_loss":1.686188672542572,"_runtime":9488,"Fine_Tuning_With_Classification/Recon_Training_loss":0.018438206442445516,"_timestamp":1.759749444347711e+09,"_step":79,"_wandb":{"runtime":9488}}