{"Time Taken to Run the Code(Mins)":11.827985735734304,"_wandb":{"runtime":707},"_runtime":707,"_timestamp":1.7579306558028324e+09,"_step":12,"Timestep":10,"Accuracy":38.12,"chance_level":10}