{"_step":12,"_timestamp":1.7574289370244179e+09,"Accuracy":37.41,"chance_level":10,"Timestep":10,"Time Taken to Run the Code(Mins)":0.33121991554896035,"_wandb":{"runtime":18},"_runtime":18}