{"_timestamp":1.7570833761523566e+09,"_step":12,"Timestep":10,"Accuracy":32.84,"chance_level":10,"Time Taken to Run the Code(Mins)":2.8624674916267394,"_wandb":{"runtime":170},"_runtime":170}