{"chance_level":10,"Timestep":10,"Accuracy":46.76,"_wandb":{"runtime":15},"Time Taken to Run the Code(Mins)":0.27080690463383994,"MediaLogs/gauss_0.8":{"sha256":"3e6aae1b7f1783e24a2fdf2fafdfc8cb8009c8ddbf7b5ed78fc7284d6a1d7e55","size":22076,"path":"media/images/MediaLogs/gauss_0.8_0_3e6aae1b7f1783e24a2f.png","format":"png","width":138,"height":70,"caption":"Noisy Images: gauss 0.8","_type":"image-file"},"_timestamp":1.75165164543096e+09,"_runtime":15.946905001,"_step":12}