{"_wandb":{"runtime":504},"_runtime":504,"_step":12,"_timestamp":1.757926363710256e+09,"Timestep":10,"Accuracy":38.34,"chance_level":10,"Time Taken to Run the Code(Mins)":8.431912064552307}