{"Accuracy":37,"chance_level":10,"Time Taken to Run the Code(Mins)":9.708770155906677,"_wandb":{"runtime":581},"_runtime":581,"_timestamp":1.7579409973845906e+09,"_step":12,"Timestep":10}