{"MediaLogs/gauss_0.4":{"format":"png","width":138,"height":70,"caption":"Noisy Images: gauss 0.4","_type":"image-file","sha256":"9e1134f3eccd4afbd08f42ea855354228da2f6401a3ca3d434708c91e5131886","size":21177,"path":"media/images/MediaLogs/gauss_0.4_0_9e1134f3eccd4afbd08f.png"},"_runtime":15.950241735,"Accuracy":53.18,"_wandb":{"runtime":15},"chance_level":10,"_timestamp":1.751649255950243e+09,"Timestep":10,"_step":12,"Time Taken to Run the Code(Mins)":0.2710502028465271}