{"_step":12,"Timestep":10,"Accuracy":37.98,"chance_level":10,"Time Taken to Run the Code(Mins)":0.3281731804211934,"_wandb":{"runtime":18},"_runtime":18,"_timestamp":1.7574325223474035e+09}