{"Time Taken to Run the Code(Mins)":8.584443887074789,"_wandb":{"runtime":513},"_runtime":513,"_step":12,"_timestamp":1.758213175817688e+09,"Timestep":10,"Accuracy":37.63,"chance_level":10}