{"_timestamp":1.7579340307576385e+09,"_step":12,"Timestep":10,"Accuracy":37.61,"chance_level":10,"Time Taken to Run the Code(Mins)":8.907622508207957,"_wandb":{"runtime":532},"_runtime":532}