{"chance_level":10,"Time Taken to Run the Code(Mins)":7.677751676241557,"_wandb":{"runtime":458},"_runtime":458,"_timestamp":1.7582000962222857e+09,"_step":12,"Timestep":10,"Accuracy":33.88}