{"chance_level":10,"Timestep":10,"Accuracy":38.19,"Time Taken to Run the Code(Mins)":7.343332433700562,"_wandb":{"runtime":439},"_runtime":439,"_timestamp":1.7579555622354395e+09,"_step":12}