{"_step":12,"Timestep":10,"Accuracy":32.58,"chance_level":10,"Time Taken to Run the Code(Mins)":7.075903181234995,"_wandb":{"runtime":423},"_runtime":423,"_timestamp":1.758194984243629e+09}