{"_wandb":{"runtime":309},"_runtime":309,"_timestamp":1.7570874054670591e+09,"_step":12,"Timestep":10,"Accuracy":33.11,"chance_level":10,"Time Taken to Run the Code(Mins)":5.178648261229197}