{"_runtime":583,"_step":12,"_timestamp":1.7579256442159278e+09,"chance_level":10,"Timestep":10,"Accuracy":38.33,"Time Taken to Run the Code(Mins)":9.75577871799469,"_wandb":{"runtime":583}}