{"chance_level":10,"Time Taken to Run the Code(Mins)":7.54132821559906,"_wandb":{"runtime":451},"_runtime":451,"_timestamp":1.7579589278628829e+09,"_step":12,"Timestep":10,"Accuracy":36.93}