{"Accuracy":38.17,"chance_level":10,"Time Taken to Run the Code(Mins)":8.653729991118114,"_wandb":{"runtime":517},"_runtime":517,"_timestamp":1.757949798472699e+09,"_step":12,"Timestep":10}