{"Accuracy":33.18,"chance_level":10,"Time Taken to Run the Code(Mins)":3.5347942471504212,"_wandb":{"runtime":210},"_runtime":210,"_timestamp":1.7570839421654496e+09,"_step":12,"Timestep":10}