{"_runtime":19,"_timestamp":1.7574320355011668e+09,"_step":12,"Timestep":10,"Accuracy":38.28,"chance_level":10,"Time Taken to Run the Code(Mins)":0.3475120981534322,"_wandb":{"runtime":19}}