{"_step":12,"Timestep":10,"Accuracy":37.42,"chance_level":10,"Time Taken to Run the Code(Mins)":0.32549223899841306,"_wandb":{"runtime":18},"_runtime":18,"_timestamp":1.7574332000570817e+09}