{"_runtime":16.33374739,"_step":12,"chance_level":10,"Accuracy":42.48,"Timestep":10,"MediaLogs/s&p_0.04":{"sha256":"baea8452707910ea8f11d21702ce13dee1e2cd0558f06ac1145b6522d5554591","size":20448,"path":"media/images/MediaLogs/s&p_0.04_0_baea8452707910ea8f11.png","format":"png","width":138,"height":70,"caption":"Noisy Images: s&p 0.04","_type":"image-file"},"_wandb":{"runtime":16},"_timestamp":1.7516376818007987e+09,"Time Taken to Run the Code(Mins)":0.277312707901001}