{"Timestep":10,"Accuracy":31.1,"chance_level":10,"Time Taken to Run the Code(Mins)":7.5548516352971395,"_wandb":{"runtime":451},"_runtime":451,"_step":12,"_timestamp":1.7581972218589485e+09}