{"Accuracy":38.36,"chance_level":10,"Time Taken to Run the Code(Mins)":9.384125641981761,"_wandb":{"runtime":561},"_runtime":561,"_step":12,"_timestamp":1.7579284819895778e+09,"Timestep":10}