{"_step":12,"Timestep":10,"Accuracy":33.72,"chance_level":10,"Time Taken to Run the Code(Mins)":7.912083407243093,"_wandb":{"runtime":473},"_runtime":473,"_timestamp":1.7581991084129376e+09}