{"_runtime":18,"_step":12,"_timestamp":1.75744394627377e+09,"chance_level":10,"Timestep":10,"Accuracy":37.26,"Time Taken to Run the Code(Mins)":0.33544135888417564,"_wandb":{"runtime":18}}