{"_timestamp":1.751552082854048e+09,"chance_level":10,"_runtime":17.210304932,"Timestep":10,"Time Taken to Run the Code(Mins)":0.29187769889831544,"_wandb":{"runtime":17},"MediaLogs/s&p_0.8":{"path":"media/images/MediaLogs/s&p_0.8_0_c5de290bc607a4d3a958.png","format":"png","width":138,"height":70,"caption":"Noisy Images: s&p 0.8","_type":"image-file","sha256":"c5de290bc607a4d3a958a7bbf55c32825b481e2e8eecb255f8d00ebb9a0e0de2","size":7046},"Accuracy":14.94,"_step":12}