{"Timestep":10,"Accuracy":51.61,"Time Taken to Run the Code(Mins)":0.27450922727584837,"_wandb":{"runtime":16},"_step":12,"MediaLogs/gauss_0.6000000000000001":{"caption":"Noisy Images: gauss 0.6000000000000001","_type":"image-file","sha256":"71e7e49c617876a92187f5f8ac37579a945a9374c00d35e39fc54ca17076c745","size":21734,"path":"media/images/MediaLogs/gauss_0.6000000000000001_0_71e7e49c617876a92187.png","format":"png","width":138,"height":70},"_runtime":16.166632922,"_timestamp":1.7516472183025084e+09,"chance_level":10}