{"_step":12,"Timestep":10,"Accuracy":37.07,"chance_level":10,"Time Taken to Run the Code(Mins)":9.570683340231577,"_wandb":{"runtime":571},"_runtime":571,"_timestamp":1.7579411957632709e+09}