{"_step":12,"Timestep":10,"Accuracy":38.01,"chance_level":10,"Time Taken to Run the Code(Mins)":10.863658169905344,"_wandb":{"runtime":650},"_runtime":650,"_timestamp":1.7579232311765409e+09}