{"chance_level":10,"Time Taken to Run the Code(Mins)":7.48696840206782,"_wandb":{"runtime":447},"_runtime":447,"_timestamp":1.7582175871284513e+09,"_step":12,"Timestep":10,"Accuracy":29.63}