{"_runtime":718,"_step":12,"_timestamp":1.7582062140910745e+09,"Timestep":10,"Accuracy":29.97,"chance_level":10,"Time Taken to Run the Code(Mins)":12.009485296408336,"_wandb":{"runtime":718}}