{"_step":12,"_timestamp":1.7579560072157679e+09,"Timestep":10,"Accuracy":38.52,"chance_level":10,"Time Taken to Run the Code(Mins)":7.560967628161112,"_wandb":{"runtime":452},"_runtime":452}