{"Accuracy":37.44,"chance_level":10,"Time Taken to Run the Code(Mins)":8.524217315514882,"_wandb":{"runtime":509},"_runtime":509,"_step":12,"_timestamp":1.7582126512380388e+09,"Timestep":10}