{"Timestep":10,"Accuracy":35.67,"chance_level":10,"Time Taken to Run the Code(Mins)":9.513757646083832,"_wandb":{"runtime":569},"_runtime":569,"_timestamp":1.7581879611172912e+09,"_step":12}