{"chance_level":10,"Timestep":10,"Accuracy":38.41,"Time Taken to Run the Code(Mins)":0.32961965004603067,"_wandb":{"runtime":18},"_runtime":18,"_step":12,"_timestamp":1.7574182820798893e+09}