{"_runtime":591,"_timestamp":1.7579373145600467e+09,"_step":12,"chance_level":10,"Timestep":10,"Accuracy":38.09,"Time Taken to Run the Code(Mins)":9.882547950744629,"_wandb":{"runtime":591}}