{"_runtime":17.136277552,"chance_level":10,"MediaLogs/s&p_0.0":{"height":70,"caption":"Noisy Images: s&p 0.0","_type":"image-file","sha256":"1351f578828d886452347dc6a8a5d01cff2cec649d66f35cdd7f696cc437603a","size":18482,"path":"media/images/MediaLogs/s&p_0.0_0_1351f578828d88645234.png","format":"png","width":138},"_timestamp":1.7515543493536549e+09,"Time Taken to Run the Code(Mins)":0.29069448709487916,"_wandb":{"runtime":17},"Timestep":10,"Accuracy":56.89,"_step":12}