{"_timestamp":1.7582190694064462e+09,"_step":12,"Timestep":10,"Accuracy":35.89,"chance_level":10,"Time Taken to Run the Code(Mins)":6.839106853802999,"_wandb":{"runtime":409},"_runtime":409}