{"_runtime":18,"_timestamp":1.7574225595217917e+09,"_step":12,"Timestep":10,"Accuracy":38.13,"chance_level":10,"Time Taken to Run the Code(Mins)":0.3311595877011617,"_wandb":{"runtime":18}}