{"Time Taken to Run the Code(Mins)":0.2740850965181986,"chance_level":10,"_timestamp":1.7514649789143152e+09,"Timestep":10,"_step":12,"Accuracy":58.42,"_wandb":{"runtime":16},"MediaLogs/s&p_0.0":{"height":70,"caption":"Noisy Images: s&p 0.0","_type":"image-file","sha256":"1351f578828d886452347dc6a8a5d01cff2cec649d66f35cdd7f696cc437603a","size":18482,"path":"media/images/MediaLogs/s&p_0.0_0_1351f578828d88645234.png","format":"png","width":138},"_runtime":16.158083973}