{"_wandb":{"runtime":646},"_runtime":646,"_timestamp":1.7579309834544957e+09,"_step":12,"chance_level":10,"Timestep":10,"Accuracy":38.09,"Time Taken to Run the Code(Mins)":10.806068174044292}