{"Accuracy":34.24,"chance_level":10,"Time Taken to Run the Code(Mins)":7.730167710781098,"_wandb":{"runtime":462},"_runtime":462,"_timestamp":1.7581898871673005e+09,"_step":12,"Timestep":10}