{"_wandb":{"runtime":657},"_runtime":657,"_timestamp":1.758203904626752e+09,"_step":12,"Timestep":10,"Accuracy":29.92,"chance_level":10,"Time Taken to Run the Code(Mins)":11.012042009830475}