{"chance_level":10,"Time Taken to Run the Code(Mins)":0.33148661454518635,"_wandb":{"runtime":18},"_runtime":18,"_step":12,"_timestamp":1.7574251033895004e+09,"Timestep":10,"Accuracy":37.51}