{"_timestamp":1.7574409406078227e+09,"_step":12,"chance_level":10,"Timestep":10,"Accuracy":35.96,"Time Taken to Run the Code(Mins)":0.3290252407391866,"_wandb":{"runtime":18},"_runtime":18}