{"Timestep":10,"Accuracy":63.96,"Time Taken to Run the Code(Mins)":0.2652752598126729,"_wandb":{"runtime":15},"_timestamp":1.7513795134576862e+09,"_runtime":15.677296889,"_step":11}