{"Timestep":10,"Accuracy":32.52,"chance_level":10,"Time Taken to Run the Code(Mins)":5.119563364982605,"_wandb":{"runtime":306},"_runtime":306,"_step":12,"_timestamp":1.7570842514982564e+09}