{"_runtime":310,"_step":12,"_timestamp":1.7570870516905162e+09,"Timestep":10,"Accuracy":31.35,"chance_level":10,"Time Taken to Run the Code(Mins)":5.19035793542862,"_wandb":{"runtime":310}}