{"chance_level":10,"Time Taken to Run the Code(Mins)":9.833539720376333,"_wandb":{"runtime":588},"_runtime":588,"_timestamp":1.7579337630632186e+09,"_step":12,"Timestep":10,"Accuracy":37.62}