{"Time Taken to Run the Code(Mins)":7.271873462200165,"_wandb":{"runtime":434},"_runtime":434,"_timestamp":1.7579562517011855e+09,"_step":12,"Timestep":10,"Accuracy":38.5,"chance_level":10}