{"MediaLogs/gauss_0.02":{"format":"png","width":138,"height":70,"caption":"Noisy Images: gauss 0.02","_type":"image-file","sha256":"5e20f382c4cf0c521504d5dacaefd9b6ba260472feb927e28d65237353ec6f3f","size":18675,"path":"media/images/MediaLogs/gauss_0.02_0_5e20f382c4cf0c521504.png"},"chance_level":10,"_runtime":16.277768881,"Accuracy":60.58,"Timestep":10,"_wandb":{"runtime":16},"Time Taken to Run the Code(Mins)":0.2763789931933085,"_timestamp":1.7514715700118003e+09,"_step":12}