{"_wandb":{"runtime":598},"_runtime":598,"_timestamp":1.7579361865124755e+09,"_step":12,"Timestep":10,"Accuracy":38.26,"chance_level":10,"Time Taken to Run the Code(Mins)":10.001540338993072}