{"_runtime":672,"_timestamp":1.7579409283334274e+09,"_step":12,"Timestep":10,"Accuracy":36.9,"chance_level":10,"Time Taken to Run the Code(Mins)":11.227561871210733,"_wandb":{"runtime":672}}