{"chance_level":10,"Time Taken to Run the Code(Mins)":5.044325462977091,"_wandb":{"runtime":301},"_runtime":301,"_timestamp":1.7570745556302218e+09,"_step":12,"Timestep":10,"Accuracy":32.5}