{"_runtime":18,"_timestamp":1.757442618415707e+09,"_step":12,"Accuracy":38.48,"chance_level":10,"Timestep":10,"Time Taken to Run the Code(Mins)":0.32255125443140664,"_wandb":{"runtime":18}}