{"chance_level":10,"Timestep":10,"Time Taken to Run the Code(Mins)":8.262834401925405,"_wandb":{"runtime":494},"_runtime":494,"_timestamp":1.7579236932571058e+09,"_step":12,"Accuracy":38.43}