{"Accuracy":37.25,"chance_level":10,"Time Taken to Run the Code(Mins)":8.381891655921937,"_wandb":{"runtime":501},"_runtime":501,"_timestamp":1.7579523570279675e+09,"_step":12,"Timestep":10}