{"Timestep":10,"_runtime":16.127385472,"Accuracy":58.77,"_wandb":{"runtime":16},"chance_level":10,"_step":12,"Time Taken to Run the Code(Mins)":0.27374805212020875,"MediaLogs/gauss_0.0":{"height":70,"caption":"Noisy Images: gauss 0.0","_type":"image-file","sha256":"1351f578828d886452347dc6a8a5d01cff2cec649d66f35cdd7f696cc437603a","size":18482,"path":"media/images/MediaLogs/gauss_0.0_0_1351f578828d88645234.png","format":"png","width":138},"_timestamp":1.7516468812555757e+09}