{"Time Taken to Run the Code(Mins)":10.17283046245575,"_wandb":{"runtime":608},"_runtime":608,"_step":12,"_timestamp":1.7579417472723627e+09,"Timestep":10,"Accuracy":36.33,"chance_level":10}