{"_step":9,"Reconstruction_Training_with_Timesteps 1/train_loss":0.007353700856491924,"_wandb":{"runtime":523},"_runtime":523,"Reconstruction_Training_with_Timesteps 1/test_loss":0.006568387970328331,"_timestamp":1.7591531333570545e+09}