{"_step":12,"Timestep":10,"Accuracy":37.53,"chance_level":10,"Time Taken to Run the Code(Mins)":0.3427613655726115,"_wandb":{"runtime":19},"_runtime":19,"_timestamp":1.7574263827772353e+09}