{"Timestep":10,"Accuracy":38.39,"chance_level":10,"Time Taken to Run the Code(Mins)":9.02067407766978,"_wandb":{"runtime":538},"_runtime":538,"_step":12,"_timestamp":1.7579428081830642e+09}