{"_wandb":{"runtime":564},"_runtime":564,"_timestamp":1.7579437032225497e+09,"_step":12,"Timestep":10,"Accuracy":38.21,"chance_level":10,"Time Taken to Run the Code(Mins)":9.432526584466299}