{"MediaLogs/gauss_0.4":{"size":21177,"path":"media/images/MediaLogs/gauss_0.4_0_9e1134f3eccd4afbd08f.png","format":"png","width":138,"height":70,"caption":"Noisy Images: gauss 0.4","_type":"image-file","sha256":"9e1134f3eccd4afbd08f42ea855354228da2f6401a3ca3d434708c91e5131886"},"_timestamp":1.751648151149273e+09,"Timestep":10,"_runtime":16.36703204,"_wandb":{"runtime":16},"Accuracy":54.63,"chance_level":10,"_step":12,"Time Taken to Run the Code(Mins)":0.27787752548853556}