{"Timestep":10,"Accuracy":33.13,"chance_level":10,"Time Taken to Run the Code(Mins)":4.77668727238973,"_wandb":{"runtime":285},"_runtime":285,"_step":12,"_timestamp":1.757085739246999e+09}