{"Accuracy":38.18,"chance_level":10,"Time Taken to Run the Code(Mins)":7.508940680821737,"_wandb":{"runtime":448},"_runtime":448,"_timestamp":1.7579556810118246e+09,"_step":12,"Timestep":10}