{"Time Taken to Run the Code(Mins)":0.34306034644444783,"_wandb":{"runtime":19},"_runtime":19,"_timestamp":1.757440160725531e+09,"_step":12,"chance_level":10,"Timestep":10,"Accuracy":36.41}