{"chance_level":10,"Time Taken to Run the Code(Mins)":0.3288670579592387,"_wandb":{"runtime":18},"_runtime":18,"_step":12,"_timestamp":1.7574186382731545e+09,"Timestep":10,"Accuracy":38.34}