{"_timestamp":1.7581874778980396e+09,"_step":12,"chance_level":10,"Timestep":10,"Accuracy":37.22,"Time Taken to Run the Code(Mins)":9.001593808333078,"_wandb":{"runtime":538},"_runtime":538}