{"Accuracy":62.76,"_timestamp":1.7513766357523267e+09,"_runtime":15.577091686,"_step":11,"Time Taken to Run the Code(Mins)":0.2635699391365051,"_wandb":{"runtime":15},"Timestep":10}