{"_step":12,"Timestep":10,"Accuracy":36.15,"chance_level":10,"Time Taken to Run the Code(Mins)":0.32552074988683066,"_wandb":{"runtime":18},"_runtime":18,"_timestamp":1.7574461532733793e+09}