{"_timestamp":1.7574340961769109e+09,"Accuracy":37.01,"chance_level":10,"Timestep":10,"Time Taken to Run the Code(Mins)":0.33151114781697594,"_wandb":{"runtime":18},"_runtime":18,"_step":12}