{"Accuracy":38.24,"chance_level":10,"Time Taken to Run the Code(Mins)":9.582022913297017,"_wandb":{"runtime":573},"_runtime":573,"_timestamp":1.7579362170864525e+09,"_step":12,"Timestep":10}