{"_timestamp":1.75821968720898e+09,"_step":12,"Accuracy":36.16,"chance_level":10,"Timestep":10,"Time Taken to Run the Code(Mins)":7.334538173675537,"_wandb":{"runtime":438},"_runtime":438}