{"_wandb":{"runtime":410},"_runtime":410,"_step":12,"_timestamp":1.7582219134101908e+09,"Timestep":10,"Accuracy":30.96,"chance_level":10,"Time Taken to Run the Code(Mins)":6.864478631814321}