{"_step":12,"Timestep":10,"Accuracy":35.05,"chance_level":10,"Time Taken to Run the Code(Mins)":6.608071819941203,"_wandb":{"runtime":395},"_runtime":395,"_timestamp":1.7582135758229673e+09}