{"Timestep":10,"Accuracy":33.89,"chance_level":10,"Time Taken to Run the Code(Mins)":7.356803623835246,"_wandb":{"runtime":439},"_runtime":439,"_timestamp":1.7581997279973083e+09,"_step":12}