{"Accuracy":32.54,"Time Taken to Run the Code(Mins)":4.7489184180895485,"_wandb":{"runtime":283},"_runtime":283,"_timestamp":1.757086107211328e+09,"_step":12,"chance_level":10,"Timestep":10}