{"Timestep":10,"Accuracy":30.33,"Time Taken to Run the Code(Mins)":12.384153453509013,"_wandb":{"runtime":740},"_runtime":740,"_step":12,"_timestamp":1.7582017898396285e+09,"chance_level":10}