{"_timestamp":1.7574366733780084e+09,"_step":12,"Timestep":10,"Accuracy":38.36,"chance_level":10,"Time Taken to Run the Code(Mins)":0.3434538324673971,"_wandb":{"runtime":19},"_runtime":19}