{"Accuracy":33.17,"chance_level":10,"Time Taken to Run the Code(Mins)":3.3977797428766885,"_wandb":{"runtime":202},"_runtime":202,"_timestamp":1.7570841128711362e+09,"_step":12,"Timestep":10}