{"_wandb":{"runtime":16},"_timestamp":1.7515452556103864e+09,"MediaLogs/gauss_0.02":{"caption":"Noisy Images: gauss 0.02","_type":"image-file","sha256":"5e20f382c4cf0c521504d5dacaefd9b6ba260472feb927e28d65237353ec6f3f","size":18675,"path":"media/images/MediaLogs/gauss_0.02_0_5e20f382c4cf0c521504.png","format":"png","width":138,"height":70},"chance_level":10,"Time Taken to Run the Code(Mins)":0.2718293150266012,"_step":12,"Accuracy":56.14,"_runtime":16.000014843,"Timestep":10}