{"_runtime":601,"_timestamp":1.7579325547282941e+09,"_step":12,"Timestep":10,"Accuracy":37.52,"chance_level":10,"Time Taken to Run the Code(Mins)":10.047191548347474,"_wandb":{"runtime":601}}