{"Time Taken to Run the Code(Mins)":7.1802398284276325,"_wandb":{"runtime":428},"_runtime":428,"_timestamp":1.7581868148422618e+09,"_step":12,"Timestep":10,"Accuracy":37.26,"chance_level":10}