{"_wandb":{"runtime":523},"_runtime":523,"_timestamp":1.7581975148634903e+09,"_step":12,"Timestep":10,"Accuracy":31.05,"chance_level":10,"Time Taken to Run the Code(Mins)":8.753178302447001}