{"_step":12,"Accuracy":37.15,"chance_level":10,"Timestep":10,"Time Taken to Run the Code(Mins)":0.3309097528457642,"_wandb":{"runtime":18},"_runtime":18,"_timestamp":1.75743952657649e+09}