{"Timestep":10,"Time Taken to Run the Code(Mins)":4.935717936356863,"_wandb":{"runtime":295},"_runtime":295,"_step":12,"_timestamp":1.7570836333951457e+09,"Accuracy":32.75,"chance_level":10}