{"Timestep":10,"Accuracy":36.39,"chance_level":10,"Time Taken to Run the Code(Mins)":0.3409404913584391,"_wandb":{"runtime":19},"_runtime":19,"_step":12,"_timestamp":1.7574356161119308e+09}