{"_wandb":{"runtime":475},"_runtime":475,"_timestamp":1.7579454346179361e+09,"_step":12,"Timestep":10,"Accuracy":37.66,"chance_level":10,"Time Taken to Run the Code(Mins)":7.954885733127594}