{"_runtime":563,"_step":12,"_timestamp":1.7582084936420283e+09,"Timestep":10,"Accuracy":34.33,"chance_level":10,"Time Taken to Run the Code(Mins)":9.43519534667333,"_wandb":{"runtime":563}}