{"Timestep":10,"Accuracy":37.09,"chance_level":10,"Time Taken to Run the Code(Mins)":9.848643851280212,"_wandb":{"runtime":589},"_runtime":589,"_timestamp":1.757939949031831e+09,"_step":12}