{"_runtime":18,"_timestamp":1.757426602269343e+09,"_step":12,"Timestep":10,"Accuracy":37.54,"chance_level":10,"Time Taken to Run the Code(Mins)":0.33157297372817995,"_wandb":{"runtime":18}}