{"_step":12,"Timestep":10,"Accuracy":37.04,"chance_level":10,"Time Taken to Run the Code(Mins)":10.256317893664042,"_wandb":{"runtime":613},"_runtime":613,"_timestamp":1.757940239859273e+09}