{"Time Taken to Run the Code(Mins)":2.639554723103841,"_wandb":{"runtime":157},"_runtime":157,"_timestamp":1.757089727156756e+09,"_step":12,"Timestep":10,"Accuracy":31.77,"chance_level":10}