{"chance_level":10,"Timestep":10,"Accuracy":37.58,"Time Taken to Run the Code(Mins)":8.076953041553498,"_wandb":{"runtime":483},"_runtime":483,"_timestamp":1.757934904710745e+09,"_step":12}