{"_wandb":{"runtime":566},"_runtime":566,"_step":12,"_timestamp":1.7579310618491125e+09,"Timestep":10,"Accuracy":38.1,"chance_level":10,"Time Taken to Run the Code(Mins)":9.468193662166595}