{"Timestep":10,"Accuracy":38.38,"Time Taken to Run the Code(Mins)":9.74449143409729,"_wandb":{"runtime":583},"_runtime":583,"_timestamp":1.7579238283004947e+09,"_step":12,"chance_level":10}