{"_wandb":{"runtime":450},"_runtime":450,"_timestamp":1.7582192189911156e+09,"_step":12,"Timestep":10,"Accuracy":35.96,"chance_level":10,"Time Taken to Run the Code(Mins)":7.533801861604055}