{"_timestamp":1.7579599150890205e+09,"_step":12,"Timestep":10,"Accuracy":36.41,"chance_level":10,"Time Taken to Run the Code(Mins)":7.283754527568817,"_wandb":{"runtime":435},"_runtime":435}