{"_runtime":19,"_step":12,"_timestamp":1.7570716076018798e+09,"Timestep":10,"Accuracy":32,"chance_level":10,"Time Taken to Run the Code(Mins)":0.34330043792724607,"_wandb":{"runtime":19}}