{"_step":12,"Timestep":10,"Accuracy":30.67,"chance_level":10,"Time Taken to Run the Code(Mins)":14.176822638511657,"_wandb":{"runtime":848},"_runtime":848,"_timestamp":1.7582026935517056e+09}