{"Timestep":10,"Accuracy":38.26,"chance_level":10,"Time Taken to Run the Code(Mins)":7.722122279802958,"_wandb":{"runtime":461},"_runtime":461,"_timestamp":1.7579490182700052e+09,"_step":12}