{"Timestep":10,"Accuracy":71.37,"_timestamp":1.7513740425740883e+09,"_runtime":15.460124042,"_step":11,"Time Taken to Run the Code(Mins)":0.2616705894470215,"_wandb":{"runtime":15}}