{"Time Taken to Run the Code(Mins)":0.33263957500457764,"_wandb":{"runtime":18},"_runtime":18,"_timestamp":1.7574340426895728e+09,"_step":12,"Timestep":10,"Accuracy":37,"chance_level":10}