{"MediaLogs/gauss_0.6000000000000001":{"_type":"image-file","sha256":"71e7e49c617876a92187f5f8ac37579a945a9374c00d35e39fc54ca17076c745","size":21734,"path":"media/images/MediaLogs/gauss_0.6000000000000001_0_71e7e49c617876a92187.png","format":"png","width":138,"height":70,"caption":"Noisy Images: gauss 0.6000000000000001"},"_wandb":{"runtime":16},"_timestamp":1.751646111898401e+09,"Time Taken to Run the Code(Mins)":0.2753758509953817,"_runtime":16.218329452,"Accuracy":51.42,"_step":12,"chance_level":10,"Timestep":10}