{"_timestamp":1.7574247687464921e+09,"_step":12,"Timestep":10,"Accuracy":37.52,"chance_level":10,"Time Taken to Run the Code(Mins)":0.3726317763328552,"_wandb":{"runtime":21},"_runtime":21}