{"_wandb":{"runtime":411},"_runtime":411,"_timestamp":1.7579600845847137e+09,"_step":12,"Timestep":10,"Accuracy":36.42,"chance_level":10,"Time Taken to Run the Code(Mins)":6.8900754928588865}