{"_timestamp":1.7579285116921294e+09,"_step":12,"Timestep":10,"Accuracy":38.36,"chance_level":10,"Time Taken to Run the Code(Mins)":9.563407381375631,"_wandb":{"runtime":572},"_runtime":572}