{"_timestamp":1.7579297319488573e+09,"Accuracy":38.35,"chance_level":10,"Timestep":10,"Time Taken to Run the Code(Mins)":11.359672860304515,"_wandb":{"runtime":679},"_runtime":679,"_step":12}