{"_step":11,"Timestep":10,"Accuracy":65.12,"_timestamp":1.7513834651660156e+09,"_runtime":15.503183022,"Time Taken to Run the Code(Mins)":0.26231951316197716,"_wandb":{"runtime":15}}