{"gradients/fc1.bias":{"values":[1,0,0,0,0,0,0,1,0,0,0,1,0,0,0,0,0,1,1,0,4,0,0,3,3,1,2,6,2,4,4,3,2,6,3,2,4,5,2,4,1,3,0,1,1,2,1,0,1,2,2,0,0,0,0,0,1,3,0,0,0,0,0,1],"bins":[-0.01608460396528244,-0.015609604306519032,-0.015134604647755623,-0.014659605920314789,-0.01418460626155138,-0.013709606602787971,-0.013234606944024563,-0.012759608216583729,-0.01228460855782032,-0.011809608899056911,-0.011334609240293503,-0.010859609581530094,-0.01038461085408926,-0.009909611195325851,-0.009434611536562443,-0.008959611877799034,-0.0084846131503582,-0.008009613491594791,-0.007534613832831383,-0.007059614174067974,-0.006584614980965853,-0.006109615322202444,-0.005634616129100323,-0.005159616470336914,-0.004684616811573505,-0.004209617618471384,-0.003734618192538619,-0.003259618766605854,-0.0027846191078424454,-0.0023096196819096804,-0.0018346202559769154,-0.0013596208300441504,-0.0008846214041113853,-0.0004096219490747899,6.537750596180558e-05,0.0005403769901022315,0.0010153764160349965,0.0014903758419677615,0.0019653753843158484,0.0024403748102486134,0.0029153742361813784,0.0033903736621141434,0.0038653730880469084,0.004340372513979673,0.004815372172743082,0.005290371365845203,0.005765371024608612,0.006240370217710733,0.006715369876474142,0.007190369535237551,0.007665368728339672,0.00814036838710308,0.00861536804586649,0.009090366773307323,0.009565366432070732,0.01004036609083414,0.01051536574959755,0.010990365408360958,0.011465364135801792,0.0119403637945652,0.01241536345332861,0.012890363112092018,0.013365361839532852,0.01384036149829626,0.01431536115705967],"_type":"histogram"},"_step":1,"gradients/conv4.weight":{"bins":[-0.09336361289024353,-0.09043460339307785,-0.08750559389591217,-0.08457658439874649,-0.08164757490158081,-0.07871856540441513,-0.07578955590724945,-0.07286054641008377,-0.06993153691291809,-0.06700251996517181,-0.06407351046800613,-0.06114450469613075,-0.058215491473674774,-0.055286481976509094,-0.052357472479343414,-0.049428462982177734,-0.046499453485012054,-0.043570443987846375,-0.040641434490680695,-0.037712424993515015,-0.034783415496349335,-0.031854402273893356,-0.028925392776727676,-0.025996383279561996,-0.023067373782396317,-0.020138364285230637,-0.017209354788064957,-0.014280343428254128,-0.011351333931088448,-0.008422324433922768,-0.005493314005434513,-0.002564304042607546,0.0003647059202194214,0.0032937158830463886,0.006222725845873356,0.00915173627436161,0.01208074577152729,0.01500975526869297,0.0179387666285038,0.02086777612566948,0.02379678562283516,0.02672579512000084,0.02965480461716652,0.0325838141143322,0.03551282733678818,0.03844183683395386,0.04137084633111954,0.04429985582828522,0.0472288653254509,0.05015787482261658,0.05308688431978226,0.05601589381694794,0.05894490331411362,0.061873916536569595,0.06480292230844498,0.06773193180561066,0.07066094875335693,0.07358995825052261,0.0765189677476883,0.07944797724485397,0.08237698674201965,0.08530599623918533,0.08823500573635101,0.0911640152335167,0.09409302473068237],"_type":"histogram","values":[2,1,2,0,2,1,4,6,2,13,9,21,27,25,50,61,78,78,136,176,241,307,409,548,784,1086,1367,1890,2657,3637,5203,9462,6777,4572,3136,2303,1660,1205,882,644,436,359,257,188,138,97,80,49,39,33,18,11,8,3,12,2,2,1,1,0,0,0,0,2]},"plots/AverageLoss_Vs_Epoch_forward":{"_type":"image-file","sha256":"b65e7f56937fb6eeabff3ac312c1ad2ac98d658b92640737b060d8736a94de3c","size":49487,"path":"media/images/plots/AverageLoss_Vs_Epoch_forward_0_b65e7f56937fb6eeabff.png","format":"png","width":1183,"height":884,"caption":"Forward Training Loss"},"plots/Accuracy_Vs_Epoch_forward":{"format":"png","width":1183,"height":884,"caption":"Forward Testing Performance","_type":"image-file","sha256":"e820752161aca7efe91fe29440e7de68b8ee71057ba1404a9f69271d1fa69fab","size":48922,"path":"media/images/plots/Accuracy_Vs_Epoch_forward_1_e820752161aca7efe91f.png"},"gradients/conv3.bias":{"values":[2,0,0,0,1,0,0,0,0,0,1,0,0,0,0,0,1,0,1,0,0,0,1,1,0,1,1,2,1,1,2,1,1,3,1,0,1,0,0,0,0,0,0,1,1,0,0,0,1,1,1,0,0,0,0,1,0,0,0,0,1,0,1,1],"bins":[-0.012335069477558136,-0.011964110657572746,-0.011593151837587357,-0.011222192086279392,-0.010851233266294003,-0.010480274446308613,-0.010109315626323223,-0.009738356806337833,-0.009367397055029869,-0.00899643823504448,-0.00862547941505909,-0.0082545205950737,-0.00788356177508831,-0.007512602489441633,-0.0071416436694562435,-0.0067706843838095665,-0.006399725563824177,-0.006028766743838787,-0.00565780745819211,-0.00528684863820672,-0.004915889352560043,-0.004544930532574654,-0.004173971712589264,-0.0038030126597732306,-0.003432053606957197,-0.003061094554141164,-0.0026901355013251305,-0.0023191766813397408,-0.0019482176285237074,-0.001577258575707674,-0.0012062996393069625,-0.00083534064469859,-0.0004643816500902176,-9.342265548184514e-05,0.0002775363391265273,0.0006484953337348998,0.0010194543283432722,0.0013904133811593056,0.0017613723175600171,0.0021323312539607286,0.002503290306776762,0.0028742493595927954,0.0032452084124088287,0.0036161672323942184,0.003987126052379608,0.004358085338026285,0.004729044158011675,0.005100003443658352,0.005470962263643742,0.005841921083629131,0.006212880369275808,0.006583839189261198,0.006954798474907875,0.007325757294893265,0.0076967161148786545,0.008067674934864044,0.008438633754849434,0.008809593506157398,0.009180552326142788,0.009551511146128178,0.009922469966113567,0.010293428786098957,0.010664388537406921,0.011035347357392311,0.0114063061773777],"_type":"histogram"},"gradients/conv1.weight":{"bins":[-0.07429031282663345,-0.07268880307674408,-0.0710873007774353,-0.06948579102754593,-0.06788428127765656,-0.06628277897834778,-0.0646812692284584,-0.06307976692914963,-0.061478257179260254,-0.05987674742937088,-0.058275241404771805,-0.05667373538017273,-0.055072229355573654,-0.05347071960568428,-0.051869213581085205,-0.05026770755648613,-0.048666201531887054,-0.04706469178199768,-0.045463185757398605,-0.04386167973279953,-0.042260169982910156,-0.04065866395831108,-0.039057157933712006,-0.03745565190911293,-0.035854142159223557,-0.03425263613462448,-0.032651130110025406,-0.03104962222278118,-0.029448114335536957,-0.02784660831093788,-0.026245100423693657,-0.02464359439909458,-0.023042084649205208,-0.021440576761960983,-0.019839070737361908,-0.018237562850117683,-0.016636056825518608,-0.015034548938274384,-0.013433041982352734,-0.011831535026431084,-0.010230028070509434,-0.008628521114587784,-0.007027014158666134,-0.005425506737083197,-0.0038239997811615467,-0.0022224928252398968,-0.0006209856364876032,0.0009805214358493686,0.0025820285081863403,0.00418353546410799,0.00578504242002964,0.0073865498416125774,0.00898805633187294,0.010589564219117165,0.012191071175038815,0.013792578130960464,0.015394085086882114,0.016995592042803764,0.01859709993004799,0.020198605954647064,0.02180011384189129,0.023401619866490364,0.02500312775373459,0.026604633778333664,0.02820614166557789],"_type":"histogram","values":[2,1,0,0,1,0,1,0,1,2,0,2,2,1,2,1,4,1,3,2,2,0,0,1,1,6,5,4,11,9,10,12,9,8,13,8,7,16,9,21,20,18,18,23,24,31,23,14,20,9,19,8,7,5,7,5,5,3,2,3,1,2,3,2]},"gradients/fc1.weight":{"_type":"histogram","values":[1,0,3,0,1,1,1,2,4,3,4,4,8,9,13,8,6,18,21,36,38,45,46,54,99,127,194,242,332,429,613,854,1201,1832,3271,5323,1839,1268,928,657,452,348,280,197,164,127,80,76,55,53,38,28,22,9,13,6,4,4,4,2,2,3,0,2],