{"Accuracy":32.81,"chance_level":10,"Time Taken to Run the Code(Mins)":2.2517780661582947,"_wandb":{"runtime":134},"_runtime":134,"_timestamp":1.7570748964862955e+09,"_step":12,"Timestep":10}