{"Timestep":10,"Accuracy":34.69,"chance_level":10,"Time Taken to Run the Code(Mins)":7.820307648181915,"_wandb":{"runtime":467},"_runtime":467,"_timestamp":1.7581889513310764e+09,"_step":12}