{"_wandb":{"runtime":18},"_runtime":18,"_timestamp":1.7574282340425282e+09,"_step":12,"Timestep":10,"Accuracy":37.93,"chance_level":10,"Time Taken to Run the Code(Mins)":0.32901448011398315}