{"Timestep":10,"Accuracy":36.96,"chance_level":10,"Time Taken to Run the Code(Mins)":8.72498228152593,"_wandb":{"runtime":522},"_runtime":522,"_timestamp":1.757954073736555e+09,"_step":12}