{"Time Taken to Run the Code(Mins)":7.287959369023641,"_wandb":{"runtime":436},"_runtime":436,"_timestamp":1.7579230819534612e+09,"_step":12,"Timestep":10,"Accuracy":38.39,"chance_level":10}