{"Accuracy":34.16,"chance_level":10,"Time Taken to Run the Code(Mins)":7.333776990572612,"_wandb":{"runtime":438},"_runtime":438,"_timestamp":1.7582205561936173e+09,"_step":12,"Timestep":10}