{"_step":12,"Timestep":10,"Accuracy":37.55,"chance_level":10,"Time Taken to Run the Code(Mins)":0.327669890721639,"_wandb":{"runtime":18},"_runtime":18,"_timestamp":1.7574265750926266e+09}