{"Timestep":10,"Accuracy":30.25,"chance_level":10,"Time Taken to Run the Code(Mins)":7.84814875125885,"_wandb":{"runtime":469},"_runtime":469,"_timestamp":1.758209877487655e+09,"_step":12}