{"_timestamp":1.7515346820660856e+09,"Timestep":10,"MediaLogs/gauss_0.06":{"caption":"Noisy Images: gauss 0.06","_type":"image-file","sha256":"fb4f18abaa786478c902089c03246b573543818264d6cd766815c05412f01760","size":18959,"path":"media/images/MediaLogs/gauss_0.06_0_fb4f18abaa786478c902.png","format":"png","width":138,"height":70},"_runtime":16.04290449,"Time Taken to Run the Code(Mins)":0.2726156711578369,"_wandb":{"runtime":16},"chance_level":10,"Accuracy":68.08,"_step":12}