{"Accuracy":42.15,"_wandb":{"runtime":16},"Time Taken to Run the Code(Mins)":0.27177164554595945,"_runtime":16.005193449,"MediaLogs/s&p_0.04":{"height":70,"caption":"Noisy Images: s&p 0.04","_type":"image-file","sha256":"baea8452707910ea8f11d21702ce13dee1e2cd0558f06ac1145b6522d5554591","size":20448,"path":"media/images/MediaLogs/s&p_0.04_0_baea8452707910ea8f11.png","format":"png","width":138},"_timestamp":1.7516398333002338e+09,"_step":12,"Timestep":10,"chance_level":10}