{"chance_level":10,"Timestep":10,"Accuracy":30.53,"Time Taken to Run the Code(Mins)":9.19026917219162,"_wandb":{"runtime":550},"_runtime":550,"_timestamp":1.7582101861111102e+09,"_step":12}