{"chance_level":10,"Time Taken to Run the Code(Mins)":12.811362183094024,"_wandb":{"runtime":765},"_runtime":765,"_timestamp":1.7582054752506304e+09,"_step":12,"Timestep":10,"Accuracy":29.62}