{"_timestamp":1.757945398077958e+09,"_step":12,"Timestep":10,"Accuracy":37.67,"chance_level":10,"Time Taken to Run the Code(Mins)":8.740205375353495,"_wandb":{"runtime":523},"_runtime":523}