{"_timestamp":1.751466392931139e+09,"_runtime":16.657213201,"Timestep":10,"Accuracy":57.43,"Time Taken to Run the Code(Mins)":0.28271485567092897,"_wandb":{"runtime":16},"MediaLogs/gauss_0.04":{"format":"png","width":138,"height":70,"caption":"Noisy Images: gauss 0.04","_type":"image-file","sha256":"bc6a87b22c7ea2ae3c6b1a757398b7c4a6f48fe11c0f65de8a9386900ca6d63b","size":18834,"path":"media/images/MediaLogs/gauss_0.04_0_bc6a87b22c7ea2ae3c6b.png"},"chance_level":10,"_step":12}