{"_wandb":{"runtime":532},"_runtime":532,"_step":12,"_timestamp":1.7579534394165757e+09,"Timestep":10,"Accuracy":36.7,"chance_level":10,"Time Taken to Run the Code(Mins)":8.89518149693807}