{"Timestep":10,"Accuracy":30.14,"chance_level":10,"Time Taken to Run the Code(Mins)":7.032290629545847,"_wandb":{"runtime":420},"_runtime":420,"_timestamp":1.758222880352903e+09,"_step":12}