{"_step":12,"Timestep":10,"Accuracy":37.91,"chance_level":10,"Time Taken to Run the Code(Mins)":7.109477265675863,"_wandb":{"runtime":425},"_runtime":425,"_timestamp":1.7579568093136787e+09}