{"_step":12,"_timestamp":1.7579238335684695e+09,"Timestep":10,"Accuracy":38.38,"chance_level":10,"Time Taken to Run the Code(Mins)":9.816553250948589,"_wandb":{"runtime":587},"_runtime":587}