{"_step":12,"chance_level":10,"Timestep":10,"Accuracy":36.41,"Time Taken to Run the Code(Mins)":0.33312726418177285,"_wandb":{"runtime":18},"_runtime":18,"_timestamp":1.7574398829757895e+09}