{"_step":12,"_timestamp":1.7570869570723045e+09,"Timestep":10,"Accuracy":31.34,"chance_level":10,"Time Taken to Run the Code(Mins)":4.4882306655248,"_wandb":{"runtime":268},"_runtime":268}