{"_runtime":461,"_timestamp":1.757956292889619e+09,"_step":12,"Timestep":10,"Accuracy":38.49,"chance_level":10,"Time Taken to Run the Code(Mins)":7.722786470254262,"_wandb":{"runtime":461}}