{"_runtime":493,"_timestamp":1.7579450125360248e+09,"_step":12,"Timestep":10,"Accuracy":37.53,"chance_level":10,"Time Taken to Run the Code(Mins)":8.256561362743378,"_wandb":{"runtime":493}}