{"Timestep":10,"Time Taken to Run the Code(Mins)":0.33052983283996584,"_wandb":{"runtime":18},"_runtime":18,"_timestamp":1.7574257543187346e+09,"_step":12,"Accuracy":37.6,"chance_level":10}