{"_step":12,"_timestamp":1.7581885233074076e+09,"Timestep":10,"Accuracy":35.8,"chance_level":10,"Time Taken to Run the Code(Mins)":8.12321195602417,"_wandb":{"runtime":485},"_runtime":485}