{"Time Taken to Run the Code(Mins)":0.26204773982365925,"_wandb":{"runtime":15},"_runtime":15.478509666,"_step":11,"Timestep":10,"Accuracy":66.5,"_timestamp":1.7513739265275874e+09}