{"_timestamp":1.7582002807183712e+09,"_step":12,"Timestep":10,"Accuracy":31.4,"chance_level":10,"Time Taken to Run the Code(Mins)":9.998382031917572,"_wandb":{"runtime":597},"_runtime":597}