{"_runtime":18,"_timestamp":1.7574328761946933e+09,"_step":12,"Timestep":10,"Accuracy":38.12,"chance_level":10,"Time Taken to Run the Code(Mins)":0.3307393193244934,"_wandb":{"runtime":18}}