{"chance_level":10,"_runtime":15.789816727,"_wandb":{"runtime":15},"MediaLogs/s&p_0.6000000000000001":{"format":"png","width":138,"height":70,"caption":"Noisy Images: s&p 0.6000000000000001","_type":"image-file","sha256":"698e315362b6ccbd9c79b1c2ac20021c439ba41b9c5e0e51e8c65c93082dd334","size":14570,"path":"media/images/MediaLogs/s&p_0.6000000000000001_0_698e315362b6ccbd9c79.png"},"Time Taken to Run the Code(Mins)":0.26825681924819944,"Accuracy":20.93,"_step":12,"Timestep":10,"_timestamp":1.751545181836918e+09}