{"_timestamp":1.751650883097664e+09,"Accuracy":49.31,"chance_level":10,"_wandb":{"runtime":15},"Time Taken to Run the Code(Mins)":0.26993684768676757,"_step":12,"_runtime":15.895769453,"MediaLogs/s&p_0.04":{"height":70,"caption":"Noisy Images: s&p 0.04","_type":"image-file","sha256":"baea8452707910ea8f11d21702ce13dee1e2cd0558f06ac1145b6522d5554591","size":20448,"path":"media/images/MediaLogs/s&p_0.04_0_baea8452707910ea8f11.png","format":"png","width":138},"Timestep":10}