{"_timestamp":1.7579278051980102e+09,"_step":12,"Timestep":10,"Accuracy":38.39,"chance_level":10,"Time Taken to Run the Code(Mins)":8.802679081757864,"_wandb":{"runtime":526},"_runtime":526}