{"Timestep":10,"Accuracy":38.4,"chance_level":10,"Time Taken to Run the Code(Mins)":0.3452691634496053,"_wandb":{"runtime":19},"_runtime":19,"_timestamp":1.757427416639345e+09,"_step":12}