{"Timestep":10,"Accuracy":38.37,"chance_level":10,"Time Taken to Run the Code(Mins)":10.877399496237437,"_wandb":{"runtime":650},"_runtime":650,"_timestamp":1.7579359538165996e+09,"_step":12}