{"Timestep":10,"Accuracy":33.92,"chance_level":10,"Time Taken to Run the Code(Mins)":6.81087814172109,"_wandb":{"runtime":407},"_runtime":407,"_step":12,"_timestamp":1.758193771547985e+09}