{"Time Taken to Run the Code(Mins)":0.34676663478215536,"_wandb":{"runtime":19},"_runtime":19,"_timestamp":1.7574226971080973e+09,"_step":12,"Timestep":10,"Accuracy":38.12,"chance_level":10}