{"_wandb":{"runtime":18},"_runtime":18,"_step":12,"_timestamp":1.757423331571481e+09,"Timestep":10,"Accuracy":38.16,"chance_level":10,"Time Taken to Run the Code(Mins)":0.33687307039896647}