{"_wandb":{"runtime":633},"_runtime":633,"_step":12,"_timestamp":1.7579313020238616e+09,"Timestep":10,"Accuracy":37.8,"chance_level":10,"Time Taken to Run the Code(Mins)":10.587544210751851}