{"_timestamp":1.758206252724551e+09,"_step":12,"Timestep":10,"Accuracy":29.94,"chance_level":10,"Time Taken to Run the Code(Mins)":12.734861636161805,"_wandb":{"runtime":762},"_runtime":762}