{"Time Taken to Run the Code(Mins)":0.27662662267684934,"_wandb":{"runtime":16},"MediaLogs/gauss_0.2":{"path":"media/images/MediaLogs/gauss_0.2_0_45f4dc678aa706151beb.png","format":"png","width":138,"height":70,"caption":"Noisy Images: gauss 0.2","_type":"image-file","sha256":"45f4dc678aa706151bebfea1540f5a37a816d74589f6ccf6fdeedb9f2f08c515","size":20156},"_timestamp":1.751642329358517e+09,"Timestep":10,"Accuracy":65.86,"_step":12,"_runtime":16.289112755,"chance_level":10}