{"_timestamp":1.7579366861296244e+09,"_step":12,"Timestep":10,"Accuracy":38.28,"chance_level":10,"Time Taken to Run the Code(Mins)":11.161030836900075,"_wandb":{"runtime":668},"_runtime":668}