{"Time Taken to Run the Code(Mins)":4.434174919128418,"_wandb":{"runtime":264},"_runtime":264,"_timestamp":1.757083636766039e+09,"_step":12,"Timestep":10,"Accuracy":32.75,"chance_level":10}