{"Time Taken to Run the Code(Mins)":6.463769896825155,"_wandb":{"runtime":386},"_runtime":386,"_timestamp":1.7581905976578522e+09,"_step":12,"chance_level":10,"Timestep":10,"Accuracy":34}