{"chance_level":10,"Timestep":10,"Time Taken to Run the Code(Mins)":7.489783867200216,"_wandb":{"runtime":447},"_runtime":447,"_step":12,"_timestamp":1.757958084999074e+09,"Accuracy":37.36}