{"Time Taken to Run the Code(Mins)":0.2720693786938985,"_wandb":{"runtime":16},"_runtime":16.019472139,"chance_level":10,"Timestep":10,"MediaLogs/gauss_0.8":{"sha256":"3e6aae1b7f1783e24a2fdf2fafdfc8cb8009c8ddbf7b5ed78fc7284d6a1d7e55","size":22076,"path":"media/images/MediaLogs/gauss_0.8_0_3e6aae1b7f1783e24a2f.png","format":"png","width":138,"height":70,"caption":"Noisy Images: gauss 0.8","_type":"image-file"},"_timestamp":1.7519678275693135e+09,"_step":12,"Accuracy":22.66}