{"chance_level":10,"Timestep":10,"Time Taken to Run the Code(Mins)":0.33471904595692953,"_wandb":{"runtime":18},"_runtime":18,"_step":12,"_timestamp":1.7574362386845968e+09,"Accuracy":36.01}