{"MediaLogs/s&p_0.2":{"height":70,"caption":"Noisy Images: s&p 0.2","_type":"image-file","sha256":"258790cc567a266b10ae4c3402110f4a77c2a2ad20e989f48a1132a7e187dd37","size":22652,"path":"media/images/MediaLogs/s&p_0.2_0_258790cc567a266b10ae.png","format":"png","width":138},"_step":12,"Accuracy":28.78,"_runtime":16.053295712,"chance_level":10,"Timestep":10,"_timestamp":1.7514711386799276e+09,"_wandb":{"runtime":16},"Time Taken to Run the Code(Mins)":0.2726730823516846}