{"Accuracy":38.37,"chance_level":10,"Time Taken to Run the Code(Mins)":0.3299806276957194,"_wandb":{"runtime":18},"_runtime":18,"_timestamp":1.757419154999084e+09,"_step":12,"Timestep":10}