{"Time Taken to Run the Code(Mins)":0.3454707662264506,"_wandb":{"runtime":19},"_runtime":19,"_step":12,"_timestamp":1.7574384235220895e+09,"chance_level":10,"Timestep":10,"Accuracy":37.57}