{"MediaLogs/gauss_0.02":{"width":138,"height":70,"caption":"Noisy Images: gauss 0.02","_type":"image-file","sha256":"5e20f382c4cf0c521504d5dacaefd9b6ba260472feb927e28d65237353ec6f3f","size":18675,"path":"media/images/MediaLogs/gauss_0.02_0_5e20f382c4cf0c521504.png","format":"png"},"chance_level":10,"_wandb":{"runtime":15},"_step":12,"_runtime":15.960234525,"_timestamp":1.751534514472308e+09,"Time Taken to Run the Code(Mins)":0.2710310975710551,"Timestep":10,"Accuracy":68.23}