{"chance_level":10,"Time Taken to Run the Code(Mins)":12.809851415952046,"_wandb":{"runtime":766},"_runtime":766,"_timestamp":1.7582062826969967e+09,"_step":12,"Timestep":10,"Accuracy":29.94}