{"_timestamp":1.758210297782542e+09,"_step":12,"Timestep":10,"Accuracy":30.6,"chance_level":10,"Time Taken to Run the Code(Mins)":6.705929485956828,"_wandb":{"runtime":401},"_runtime":401}