{"Timestep":10,"Accuracy":13.29,"chance_level":10,"_wandb":{"runtime":15},"MediaLogs/s&p_0.6000000000000001":{"height":70,"caption":"Noisy Images: s&p 0.6000000000000001","_type":"image-file","sha256":"698e315362b6ccbd9c79b1c2ac20021c439ba41b9c5e0e51e8c65c93082dd334","size":14570,"path":"media/images/MediaLogs/s&p_0.6000000000000001_0_698e315362b6ccbd9c79.png","format":"png","width":138},"Time Taken to Run the Code(Mins)":0.2698646346728007,"_timestamp":1.7515310527707698e+09,"_step":12,"_runtime":15.889810812}