{"_wandb":{"runtime":521},"_runtime":521,"_timestamp":1.7574162160868022e+09,"_step":12,"Timestep":10,"Accuracy":38.05,"chance_level":10,"Time Taken to Run the Code(Mins)":8.716810528437296}