{"_timestamp":1.751639111431657e+09,"_runtime":16.181139539,"Accuracy":61.85,"_wandb":{"runtime":16},"_step":12,"Time Taken to Run the Code(Mins)":0.27478342056274413,"Timestep":10,"chance_level":10,"MediaLogs/gauss_0.2":{"height":70,"caption":"Noisy Images: gauss 0.2","_type":"image-file","sha256":"45f4dc678aa706151bebfea1540f5a37a816d74589f6ccf6fdeedb9f2f08c515","size":20156,"path":"media/images/MediaLogs/gauss_0.2_0_45f4dc678aa706151beb.png","format":"png","width":138}}