{"_wandb":{"runtime":15},"MediaLogs/s&p_0.0":{"caption":"Noisy Images: s&p 0.0","_type":"image-file","sha256":"1351f578828d886452347dc6a8a5d01cff2cec649d66f35cdd7f696cc437603a","size":18482,"path":"media/images/MediaLogs/s&p_0.0_0_1351f578828d88645234.png","format":"png","width":138,"height":70},"_timestamp":1.751639616857319e+09,"Time Taken to Run the Code(Mins)":0.270834477742513,"chance_level":10,"_runtime":15.943140679999999,"_step":12,"Timestep":10,"Accuracy":67.35}