{"Time Taken to Run the Code(Mins)":7.452903985977173,"_wandb":{"runtime":444},"_runtime":444,"_timestamp":1.7581907190240219e+09,"_step":12,"Timestep":10,"Accuracy":34.01,"chance_level":10}