{"_runtime":18,"_timestamp":1.7574255902139914e+09,"_step":12,"Timestep":10,"Accuracy":37.59,"chance_level":10,"Time Taken to Run the Code(Mins)":0.338229231039683,"_wandb":{"runtime":18}}