{"Accuracy":31.9,"Time Taken to Run the Code(Mins)":4.381907077630361,"_wandb":{"runtime":262},"_runtime":262,"_timestamp":1.7570911167078667e+09,"_step":12,"chance_level":10,"Timestep":10}