{"_step":12,"Timestep":10,"Accuracy":37.73,"chance_level":10,"Time Taken to Run the Code(Mins)":0.32651644547780356,"_wandb":{"runtime":18},"_runtime":18,"_timestamp":1.757423468900111e+09}