{"Accuracy":36.65,"chance_level":10,"Time Taken to Run the Code(Mins)":0.3284259597460429,"_wandb":{"runtime":18},"_runtime":18,"_timestamp":1.7574300186742265e+09,"_step":12,"Timestep":10}