{"chance_level":10,"Timestep":10,"Time Taken to Run the Code(Mins)":0.3354850888252258,"_wandb":{"runtime":19},"_runtime":19,"_timestamp":1.757443835098082e+09,"_step":12,"Accuracy":37.95}