{"Time Taken to Run the Code(Mins)":0.3421899159749349,"_wandb":{"runtime":19},"_runtime":19,"_step":12,"_timestamp":1.757423990360268e+09,"chance_level":10,"Timestep":10,"Accuracy":37.8}