{"Timestep":10,"Accuracy":38.34,"chance_level":10,"Time Taken to Run the Code(Mins)":0.32891730467478436,"_wandb":{"runtime":18},"_runtime":18,"_step":12,"_timestamp":1.7574223958469856e+09}