{"_timestamp":1.7574221512534425e+09,"_step":12,"chance_level":10,"Timestep":10,"Accuracy":38.36,"Time Taken to Run the Code(Mins)":0.33689401944478353,"_wandb":{"runtime":19},"_runtime":19}