{"_timestamp":1.758222077847022e+09,"_step":12,"Timestep":10,"Accuracy":31.13,"chance_level":10,"Time Taken to Run the Code(Mins)":7.302174397309622,"_wandb":{"runtime":436},"_runtime":436}