{"_wandb":{"runtime":19},"_runtime":19,"_step":12,"_timestamp":1.7574170610534751e+09,"Timestep":10,"Accuracy":38.05,"chance_level":10,"Time Taken to Run the Code(Mins)":0.3435504237810771}