{"_step":12,"_timestamp":1.7582078977632942e+09,"Timestep":10,"Accuracy":34.28,"chance_level":10,"Time Taken to Run the Code(Mins)":8.269164284070333,"_wandb":{"runtime":494},"_runtime":494}