{"_timestamp":1.7579318603337007e+09,"_step":12,"chance_level":10,"Timestep":10,"Accuracy":37.85,"Time Taken to Run the Code(Mins)":8.893393158912659,"_wandb":{"runtime":531},"_runtime":531}