{"_timestamp":1.7513833018799944e+09,"Time Taken to Run the Code(Mins)":0.2661823113759359,"_wandb":{"runtime":15},"_runtime":15.714365529,"_step":11,"Timestep":10,"Accuracy":59.28}