{"Accuracy":37.75,"chance_level":10,"Time Taken to Run the Code(Mins)":8.513347192605336,"_wandb":{"runtime":509},"_runtime":509,"_timestamp":1.7579512257277205e+09,"_step":12,"Timestep":10}