{"Time Taken to Run the Code(Mins)":7.4632614294687905,"_wandb":{"runtime":446},"_runtime":446,"_step":12,"_timestamp":1.7582083877973042e+09,"Timestep":10,"Accuracy":34.36,"chance_level":10}