{"_timestamp":1.758209612079284e+09,"_step":12,"chance_level":10,"Timestep":10,"Accuracy":32.29,"Time Taken to Run the Code(Mins)":9.171579869588216,"_wandb":{"runtime":548},"_runtime":548}