{"Accuracy":30.22,"Time Taken to Run the Code(Mins)":7.6325105627377825,"_wandb":{"runtime":456},"_runtime":456,"_timestamp":1.7582165237186904e+09,"_step":12,"chance_level":10,"Timestep":10}