{"_runtime":548,"_step":12,"_timestamp":1.7579459412326417e+09,"Timestep":10,"Accuracy":36.96,"chance_level":10,"Time Taken to Run the Code(Mins)":9.170928259690603,"_wandb":{"runtime":548}}