{"_step":12,"Timestep":10,"Accuracy":31.9,"chance_level":10,"Time Taken to Run the Code(Mins)":4.1912054737408955,"_wandb":{"runtime":250},"_runtime":250,"_timestamp":1.7570879620654173e+09}