{"Timestep":10,"Accuracy":38.13,"chance_level":10,"Time Taken to Run the Code(Mins)":0.33884734312693277,"_wandb":{"runtime":19},"_runtime":19,"_timestamp":1.7574330914005435e+09,"_step":12}