{"_wandb":{"runtime":18},"_runtime":18,"_timestamp":1.7574279622336504e+09,"_step":12,"Timestep":10,"Accuracy":37.97,"chance_level":10,"Time Taken to Run the Code(Mins)":0.3312451124191284}