{"_timestamp":1.7581912120063708e+09,"_step":12,"Accuracy":34.08,"chance_level":10,"Timestep":10,"Time Taken to Run the Code(Mins)":7.263221542040507,"_wandb":{"runtime":434},"_runtime":434}