{"_timestamp":1.7513833254978485e+09,"_runtime":15.743678916,"_step":11,"Time Taken to Run the Code(Mins)":0.267071533203125,"_wandb":{"runtime":15},"Timestep":10,"Accuracy":60.09}