{"_step":12,"MediaLogs/gauss_0.04":{"sha256":"bc6a87b22c7ea2ae3c6b1a757398b7c4a6f48fe11c0f65de8a9386900ca6d63b","size":18834,"path":"media/images/MediaLogs/gauss_0.04_0_bc6a87b22c7ea2ae3c6b.png","format":"png","width":138,"height":70,"caption":"Noisy Images: gauss 0.04","_type":"image-file"},"Time Taken to Run the Code(Mins)":0.2710120439529419,"_runtime":15.952313041,"_timestamp":1.751545279362972e+09,"Timestep":10,"chance_level":10,"_wandb":{"runtime":15},"Accuracy":56.16}