{"_wandb":{"runtime":16},"_step":12,"MediaLogs/gauss_0.0":{"height":70,"caption":"Noisy Images: gauss 0.0","_type":"image-file","sha256":"1351f578828d886452347dc6a8a5d01cff2cec649d66f35cdd7f696cc437603a","size":18482,"path":"media/images/MediaLogs/gauss_0.0_0_1351f578828d88645234.png","format":"png","width":138},"Timestep":10,"Time Taken to Run the Code(Mins)":0.2738174835840861,"chance_level":10,"_runtime":16.120574369,"_timestamp":1.7516378249945467e+09,"Accuracy":63.18}