{"Timestep":10,"Accuracy":38.41,"chance_level":10,"Time Taken to Run the Code(Mins)":0.33354398012161257,"_wandb":{"runtime":18},"_runtime":18,"_step":12,"_timestamp":1.7574207116617832e+09}