{"Accuracy":36.4,"chance_level":10,"Timestep":10,"Time Taken to Run the Code(Mins)":8.872069001197815,"_wandb":{"runtime":531},"_runtime":531,"_timestamp":1.7579471457861373e+09,"_step":12}