{"_wandb":{"runtime":19},"_runtime":19,"_step":12,"_timestamp":1.7574289101591835e+09,"Timestep":10,"Accuracy":37.42,"chance_level":10,"Time Taken to Run the Code(Mins)":0.3488473057746887}