{"_step":12,"Timestep":10,"Accuracy":31.1,"chance_level":10,"Time Taken to Run the Code(Mins)":7.203856380780538,"_wandb":{"runtime":430},"_runtime":430,"_timestamp":1.758222029220946e+09}