{"_wandb":{"runtime":521},"_runtime":521,"_timestamp":1.7579454002525744e+09,"_step":12,"Timestep":10,"Accuracy":37.6,"chance_level":10,"Time Taken to Run the Code(Mins)":8.72474185625712}