{"_step":12,"Timestep":10,"Accuracy":36.4,"chance_level":10,"Time Taken to Run the Code(Mins)":0.32737686634063723,"_wandb":{"runtime":18},"_runtime":18,"_timestamp":1.7574399891083708e+09}