{"chance_level":10,"Time Taken to Run the Code(Mins)":3.9407895604769387,"_wandb":{"runtime":235},"_runtime":235,"_timestamp":1.757089249302172e+09,"_step":12,"Timestep":10,"Accuracy":32.72}