{"Timestep":10,"Accuracy":35.82,"chance_level":10,"Time Taken to Run the Code(Mins)":6.915132669607798,"_wandb":{"runtime":413},"_runtime":413,"_timestamp":1.7581883879059665e+09,"_step":12}