{"Timestep":10,"Accuracy":37.96,"chance_level":10,"Time Taken to Run the Code(Mins)":7.989656027158102,"_wandb":{"runtime":477},"_runtime":477,"_timestamp":1.7579569078388946e+09,"_step":12}