{"Time Taken to Run the Code(Mins)":8.910288707415264,"_wandb":{"runtime":533},"_runtime":533,"_timestamp":1.757927917063444e+09,"_step":12,"Timestep":10,"Accuracy":38.39,"chance_level":10}