{"Accuracy":67.47,"chance_level":10,"Time Taken to Run the Code(Mins)":0.5475664575894673,"_wandb":{"runtime":31},"_runtime":31,"_timestamp":1.756199217945391e+09,"_step":11,"Timestep":10}