{"Accuracy":36.72,"chance_level":10,"Timestep":10,"Time Taken to Run the Code(Mins)":0.3385550379753113,"_wandb":{"runtime":19},"_runtime":19,"_timestamp":1.757430590231258e+09,"_step":12}