{"_runtime":15.404353433,"_step":11,"Time Taken to Run the Code(Mins)":0.26067084074020386,"_wandb":{"runtime":15},"Timestep":10,"Accuracy":69.05,"_timestamp":1.751376704752242e+09}