{"Timestep":10,"Accuracy":38.39,"chance_level":10,"Time Taken to Run the Code(Mins)":0.32847512563069664,"_wandb":{"runtime":18},"_runtime":18,"_step":12,"_timestamp":1.7574177414225154e+09}