{"Accuracy":37.31,"chance_level":10,"Time Taken to Run the Code(Mins)":0.3421404600143433,"_wandb":{"runtime":19},"_runtime":19,"_timestamp":1.757444331593966e+09,"_step":12,"Timestep":10}