{"Timestep":10,"Accuracy":37.72,"Time Taken to Run the Code(Mins)":0.3468901793162028,"_wandb":{"runtime":19},"_runtime":19,"_timestamp":1.7574386927240367e+09,"_step":12,"chance_level":10}