{"_wandb":{"runtime":18},"_runtime":18,"_timestamp":1.7574175778876002e+09,"_step":12,"chance_level":10,"Timestep":10,"Accuracy":38.02,"Time Taken to Run the Code(Mins)":0.3325926582018534}