{"Timestep":10,"Time Taken to Run the Code(Mins)":0.3294761816660563,"_wandb":{"runtime":18},"_runtime":18,"_timestamp":1.7574173877570748e+09,"_step":12,"Accuracy":38,"chance_level":10}