{"_runtime":294,"_step":12,"_timestamp":1.75708608221042e+09,"Timestep":10,"Accuracy":32.48,"chance_level":10,"Time Taken to Run the Code(Mins)":4.924413712819417,"_wandb":{"runtime":294}}