{"Time Taken to Run the Code(Mins)":0.32819824616114296,"_wandb":{"runtime":18},"_runtime":18,"_step":12,"_timestamp":1.7574455846660073e+09,"Timestep":10,"Accuracy":36.03,"chance_level":10}