{"_runtime":413,"_step":12,"_timestamp":1.7579582723208542e+09,"Timestep":10,"Accuracy":37.45,"chance_level":10,"Time Taken to Run the Code(Mins)":6.916407457987467,"_wandb":{"runtime":413}}