{"chance_level":10,"Time Taken to Run the Code(Mins)":4.057857847213745,"_wandb":{"runtime":242},"_runtime":242,"_timestamp":1.75709021575014e+09,"_step":12,"Timestep":10,"Accuracy":30.98}