{"Time Taken to Run the Code(Mins)":0.33544179995854695,"_wandb":{"runtime":19},"_runtime":19,"_timestamp":1.7574390416331403e+09,"_step":12,"Timestep":10,"Accuracy":37.07,"chance_level":10}