{"Time Taken to Run the Code(Mins)":0.2585036516189575,"_wandb":{"runtime":15},"Accuracy":58.64,"_timestamp":1.7513836991315546e+09,"_runtime":15.269014454,"_step":11,"Timestep":10}