{"Time Taken to Run the Code(Mins)":7.316669996579488,"_wandb":{"runtime":437},"_runtime":437,"_timestamp":1.758197902427805e+09,"_step":12,"Timestep":10,"Accuracy":31.1,"chance_level":10}