{"Accuracy":31.96,"chance_level":10,"Timestep":10,"Time Taken to Run the Code(Mins)":5.30568063656489,"_wandb":{"runtime":317},"_runtime":317,"_timestamp":1.7570853767655947e+09,"_step":12}