{"Time Taken to Run the Code(Mins)":0.3474332094192505,"_wandb":{"runtime":19},"_runtime":19,"_timestamp":1.7574431807020774e+09,"_step":12,"Timestep":10,"Accuracy":37.94,"chance_level":10}