{"_step":12,"chance_level":10,"Timestep":10,"Accuracy":33.67,"Time Taken to Run the Code(Mins)":8.739761551221212,"_wandb":{"runtime":522},"_runtime":522,"_timestamp":1.7581992377920713e+09}