{"chance_level":10,"Time Taken to Run the Code(Mins)":9.769802673657734,"_wandb":{"runtime":585},"_runtime":585,"_step":12,"_timestamp":1.7579256441868982e+09,"Timestep":10,"Accuracy":38.33}