{"_runtime":291,"_timestamp":1.7570781963379984e+09,"_step":12,"chance_level":10,"Timestep":10,"Accuracy":33.16,"Time Taken to Run the Code(Mins)":4.874996598561605,"_wandb":{"runtime":291}}