{"chance_level":10,"Time Taken to Run the Code(Mins)":6.686736615498861,"_wandb":{"runtime":399},"_runtime":399,"_timestamp":1.7582189125512612e+09,"_step":12,"Timestep":10,"Accuracy":35.82}