{"Time Taken to Run the Code(Mins)":0.2739642858505249,"_timestamp":1.7516511681905074e+09,"chance_level":10,"_step":12,"_wandb":{"runtime":16},"MediaLogs/gauss_0.0":{"path":"media/images/MediaLogs/gauss_0.0_0_1351f578828d88645234.png","format":"png","width":138,"height":70,"caption":"Noisy Images: gauss 0.0","_type":"image-file","sha256":"1351f578828d886452347dc6a8a5d01cff2cec649d66f35cdd7f696cc437603a","size":18482},"_runtime":16.133815561,"Accuracy":57.16,"Timestep":10}