{"Timestep":10,"Accuracy":38.39,"chance_level":10,"Time Taken to Run the Code(Mins)":9.408750851949057,"_wandb":{"runtime":562},"_runtime":562,"_timestamp":1.7579279286067438e+09,"_step":12}