{"_wandb":{"runtime":18},"_runtime":18,"_timestamp":1.7574435894135065e+09,"_step":12,"Timestep":10,"Accuracy":38,"chance_level":10,"Time Taken to Run the Code(Mins)":0.3262404958407084}