{"_wandb":{"runtime":468},"_runtime":468,"_timestamp":1.757924691535288e+09,"_step":12,"Timestep":10,"Accuracy":38.37,"chance_level":10,"Time Taken to Run the Code(Mins)":7.847640522321066}