{"_wandb":{"runtime":381},"_runtime":381,"_timestamp":1.7581945761825318e+09,"_step":12,"Timestep":10,"Accuracy":32.57,"chance_level":10,"Time Taken to Run the Code(Mins)":6.37379834651947}