{"_runtime":800,"_step":12,"_timestamp":1.7582026742368243e+09,"Timestep":10,"Accuracy":30.68,"chance_level":10,"Time Taken to Run the Code(Mins)":13.37137822707494,"_wandb":{"runtime":800}}