{"Timestep":10,"Time Taken to Run the Code(Mins)":0.3290898084640503,"_wandb":{"runtime":18},"_runtime":18,"_timestamp":1.7574318451257763e+09,"_step":12,"Accuracy":38.39,"chance_level":10}