{"_wandb":{"runtime":15},"Timestep":10,"Accuracy":60.75,"_timestamp":1.7513835811233847e+09,"_runtime":15.517816754,"_step":11,"Time Taken to Run the Code(Mins)":0.2626456141471863}