{"Timestep":10,"Accuracy":65.57,"_timestamp":1.7513768444065342e+09,"_runtime":15.466465653,"_step":11,"Time Taken to Run the Code(Mins)":0.26188845237096153,"_wandb":{"runtime":15}}