{"Accuracy":16.59,"MediaLogs/s&p_0.2":{"format":"png","width":138,"height":70,"caption":"Noisy Images: s&p 0.2","_type":"image-file","sha256":"258790cc567a266b10ae4c3402110f4a77c2a2ad20e989f48a1132a7e187dd37","size":22652,"path":"media/images/MediaLogs/s&p_0.2_0_258790cc567a266b10ae.png"},"_wandb":{"runtime":16},"_runtime":16.012776063,"_step":12,"_timestamp":1.751529144632049e+09,"Timestep":10,"Time Taken to Run the Code(Mins)":0.27192178964614866,"chance_level":10}