{"Timestep":10,"Accuracy":68.04,"_timestamp":1.751377171507612e+09,"_runtime":15.908249080000001,"_step":11,"Time Taken to Run the Code(Mins)":0.2697872559229533,"_wandb":{"runtime":15}}