{"_step":12,"Timestep":10,"Accuracy":37.6,"chance_level":10,"Time Taken to Run the Code(Mins)":0.33606935739517213,"_wandb":{"runtime":19},"_runtime":19,"_timestamp":1.7574256998442268e+09}