{"Timestep":10,"Accuracy":32.59,"Time Taken to Run the Code(Mins)":8.195931919415791,"_wandb":{"runtime":490},"_runtime":490,"_step":12,"_timestamp":1.758194550143591e+09,"chance_level":10}