{"_timestamp":1.757944935330897e+09,"Timestep":10,"Accuracy":37.42,"chance_level":10,"Time Taken to Run the Code(Mins)":8.569824878374735,"_wandb":{"runtime":512},"_runtime":512,"_step":12}