{"_step":12,"Timestep":10,"Accuracy":37.32,"chance_level":10,"Time Taken to Run the Code(Mins)":8.877555660406749,"_wandb":{"runtime":531},"_runtime":531,"_timestamp":1.7579378632573996e+09}