{"Accuracy":37.14,"chance_level":10,"Time Taken to Run the Code(Mins)":0.3194379409154256,"_wandb":{"runtime":18},"_runtime":18,"_timestamp":1.757434716706167e+09,"_step":12,"Timestep":10}