{"_step":12,"Timestep":10,"Accuracy":37.81,"chance_level":10,"Time Taken to Run the Code(Mins)":0.32625019947687783,"_wandb":{"runtime":18},"_runtime":18,"_timestamp":1.7574240442077699e+09}