{"chance_level":10,"Time Taken to Run the Code(Mins)":0.33767451842625934,"_wandb":{"runtime":19},"_runtime":19,"_timestamp":1.75744590694006e+09,"_step":12,"Timestep":10,"Accuracy":36.18}