{"Reconstruction_Training_with_Timesteps 10/test_loss":0.003188509751111269,"_timestamp":1.7613207936961582e+09,"_step":199,"_wandb":{"runtime":23581},"_runtime":23581,"Reconstruction_Training_with_Timesteps 10/train_loss":0.0032063087712973356}