{"_wandb":{"runtime":456},"_runtime":456,"_step":12,"_timestamp":1.7581935386041322e+09,"Timestep":10,"Accuracy":33.87,"chance_level":10,"Time Taken to Run the Code(Mins)":7.627026355266571}