{"_wandb":{"runtime":129},"_runtime":129,"_step":12,"_timestamp":1.7570830680833948e+09,"Timestep":10,"Accuracy":33.07,"chance_level":10,"Time Taken to Run the Code(Mins)":2.1711283802986143}