{"_runtime":114,"_timestamp":1.7570749005104647e+09,"_step":12,"Accuracy":32.15,"chance_level":10,"Timestep":10,"Time Taken to Run the Code(Mins)":1.933810563882192,"_wandb":{"runtime":114}}