{"_wandb":{"runtime":424},"_runtime":424,"_step":12,"_timestamp":1.758215514493092e+09,"Timestep":10,"Accuracy":31.1,"chance_level":10,"Time Taken to Run the Code(Mins)":7.08886395295461}