{"Accuracy":38.41,"chance_level":10,"Time Taken to Run the Code(Mins)":8.109117742379507,"_wandb":{"runtime":485},"_runtime":485,"_timestamp":1.757927416824877e+09,"_step":12,"Timestep":10}