{"Time Taken to Run the Code(Mins)":0.08657382726669312,"_timestamp":1.7545677217160141e+09,"_step":0,"_wandb":{"runtime":4},"_runtime":4}