{"chance_level":10,"Timestep":10,"Time Taken to Run the Code(Mins)":10.330886737505596,"_wandb":{"runtime":618},"_runtime":618,"_timestamp":1.7579385226943269e+09,"_step":12,"Accuracy":37.58}