{"_step":12,"Accuracy":33.44,"chance_level":10,"Timestep":10,"Time Taken to Run the Code(Mins)":7.3562851270039875,"_wandb":{"runtime":439},"_runtime":439,"_timestamp":1.7582150897392793e+09}