{"_runtime":487,"_timestamp":1.7581994546094606e+09,"_step":12,"Accuracy":33.75,"chance_level":10,"Timestep":10,"Time Taken to Run the Code(Mins)":8.149627657731374,"_wandb":{"runtime":487}}