{"Time Taken to Run the Code(Mins)":7.799507947762807,"_wandb":{"runtime":466},"_runtime":466,"_timestamp":1.7581977217661142e+09,"_step":12,"Timestep":10,"Accuracy":31.08,"chance_level":10}