{"Timestep":10,"Accuracy":37.93,"chance_level":10,"Time Taken to Run the Code(Mins)":7.582377088069916,"_wandb":{"runtime":453},"_runtime":453,"_step":12,"_timestamp":1.758218659745638e+09}