{"Time Taken to Run the Code(Mins)":0.2716638644536336,"_wandb":{"runtime":16},"Accuracy":68.04,"_timestamp":1.7513795602462351e+09,"_runtime":16.023850728,"_step":11,"Timestep":10}