{"Timestep":10,"Time Taken to Run the Code(Mins)":0.26894752979278563,"chance_level":10,"_timestamp":1.7514727507692907e+09,"_runtime":15.835096831,"_wandb":{"runtime":15},"MediaLogs/gauss_0.06":{"format":"png","width":138,"height":70,"caption":"Noisy Images: gauss 0.06","_type":"image-file","sha256":"fb4f18abaa786478c902089c03246b573543818264d6cd766815c05412f01760","size":18959,"path":"media/images/MediaLogs/gauss_0.06_0_fb4f18abaa786478c902.png"},"_step":12,"Accuracy":55.95}