{"_timestamp":1.757957596199193e+09,"_step":12,"Timestep":10,"Accuracy":38.14,"chance_level":10,"Time Taken to Run the Code(Mins)":6.994575635592143,"_wandb":{"runtime":418},"_runtime":418}