{"_runtime":279,"_step":12,"_timestamp":1.7570860973975847e+09,"Timestep":10,"Accuracy":32.52,"chance_level":10,"Time Taken to Run the Code(Mins)":4.673562133312226,"_wandb":{"runtime":279}}