{"_runtime":532,"_timestamp":1.7579373981338975e+09,"_step":12,"Timestep":10,"Accuracy":38.12,"chance_level":10,"Time Taken to Run the Code(Mins)":8.905716399351755,"_wandb":{"runtime":532}}