{"Timestep":10,"Accuracy":38.33,"Time Taken to Run the Code(Mins)":0.3305045008659363,"_wandb":{"runtime":18},"_runtime":18,"_timestamp":1.7574223140381873e+09,"_step":12,"chance_level":10}