{"_step":12,"chance_level":10,"Timestep":10,"Accuracy":32.47,"Time Taken to Run the Code(Mins)":6.131873528162639,"_wandb":{"runtime":366},"_runtime":366,"_timestamp":1.7581941143237236e+09}