{"_step":12,"Timestep":10,"Accuracy":33.18,"chance_level":10,"Time Taken to Run the Code(Mins)":4.764845629533132,"_wandb":{"runtime":284},"_runtime":284,"_timestamp":1.7570827889706337e+09}