{"_step":12,"Timestep":10,"Accuracy":38.04,"chance_level":10,"Time Taken to Run the Code(Mins)":7.95700573126475,"_wandb":{"runtime":476},"_runtime":476,"_timestamp":1.7574161706121635e+09}