{"_timestamp":1.7574252913915439e+09,"_step":12,"chance_level":10,"Timestep":10,"Accuracy":37.51,"Time Taken to Run the Code(Mins)":0.32201798756917316,"_wandb":{"runtime":18},"_runtime":18}