{"_step":12,"Timestep":10,"Accuracy":36.18,"chance_level":10,"Time Taken to Run the Code(Mins)":0.32661496798197426,"_wandb":{"runtime":18},"_runtime":18,"_timestamp":1.7574348295983713e+09}