{"_runtime":15.935586293,"Accuracy":33.75,"_wandb":{"runtime":15},"Time Taken to Run the Code(Mins)":0.270636781056722,"MediaLogs/s&p_0.04":{"_type":"image-file","sha256":"baea8452707910ea8f11d21702ce13dee1e2cd0558f06ac1145b6522d5554591","size":20448,"path":"media/images/MediaLogs/s&p_0.04_0_baea8452707910ea8f11.png","format":"png","width":138,"height":70,"caption":"Noisy Images: s&p 0.04"},"chance_level":10,"_step":12,"Timestep":10,"_timestamp":1.7516429994185452e+09}