{"_step":12,"_timestamp":1.7582216418129895e+09,"Timestep":10,"Accuracy":30.85,"chance_level":10,"Time Taken to Run the Code(Mins)":6.919581989447276,"_wandb":{"runtime":413},"_runtime":413}