{"Time Taken to Run the Code(Mins)":8.175164210796357,"_wandb":{"runtime":488},"_runtime":488,"_timestamp":1.7581987768053808e+09,"_step":12,"Timestep":10,"Accuracy":36.67,"chance_level":10}