{"_step":12,"Timestep":10,"Accuracy":38.4,"chance_level":10,"Time Taken to Run the Code(Mins)":0.3384934584299723,"_wandb":{"runtime":19},"_runtime":19,"_timestamp":1.7574179869076328e+09}