{"chance_level":10,"Time Taken to Run the Code(Mins)":10.914114717642466,"_wandb":{"runtime":653},"_runtime":653,"_timestamp":1.7579232332217803e+09,"_step":12,"Timestep":10,"Accuracy":38.01}