{"Timestep":10,"Accuracy":37.62,"chance_level":10,"Time Taken to Run the Code(Mins)":8.49950567483902,"_wandb":{"runtime":508},"_runtime":508,"_timestamp":1.7579330966801162e+09,"_step":12}