{"_runtime":270,"_timestamp":1.7570872419969819e+09,"_step":12,"Timestep":10,"Accuracy":31.17,"chance_level":10,"Time Taken to Run the Code(Mins)":4.521486516793569,"_wandb":{"runtime":270}}