{"chance_level":10,"Time Taken to Run the Code(Mins)":9.115118304888407,"_wandb":{"runtime":545},"_runtime":545,"_timestamp":1.758209043170155e+09,"_step":12,"Timestep":10,"Accuracy":31.93}