{"chance_level":10,"Time Taken to Run the Code(Mins)":8.224999356269837,"_wandb":{"runtime":491},"_runtime":491,"_timestamp":1.7581884558767385e+09,"_step":12,"Timestep":10,"Accuracy":35.78}