{"_wandb":{"runtime":488},"_runtime":488,"_timestamp":1.7582141943418367e+09,"_step":12,"chance_level":10,"Timestep":10,"Accuracy":35.19,"Time Taken to Run the Code(Mins)":8.170391575495403}