{"_timestamp":1.7570854784821122e+09,"_step":12,"chance_level":10,"Timestep":10,"Accuracy":31.88,"Time Taken to Run the Code(Mins)":4.425986917813619,"_wandb":{"runtime":264},"_runtime":264}