{"_timestamp":1.7574346905036094e+09,"_step":12,"Timestep":10,"Accuracy":37.16,"chance_level":10,"Time Taken to Run the Code(Mins)":0.3332682410875956,"_wandb":{"runtime":18},"_runtime":18}