{"Time Taken to Run the Code(Mins)":0.3327115297317505,"_wandb":{"runtime":18},"_runtime":18,"_timestamp":1.7574412611377149e+09,"_step":12,"Timestep":10,"Accuracy":36.06,"chance_level":10}