{"chance_level":10,"Time Taken to Run the Code(Mins)":0.33039406935373944,"_wandb":{"runtime":18},"_runtime":18,"_timestamp":1.7574397156151514e+09,"_step":12,"Timestep":10,"Accuracy":37.25}