{"Timestep":10,"Accuracy":38.33,"chance_level":10,"Time Taken to Run the Code(Mins)":0.3278144677480062,"_wandb":{"runtime":18},"_runtime":18,"_step":12,"_timestamp":1.7574198094800348e+09}