{"_runtime":671,"_timestamp":1.757941157239819e+09,"_step":12,"Timestep":10,"Accuracy":37.05,"chance_level":10,"Time Taken to Run the Code(Mins)":11.234208385149637,"_wandb":{"runtime":671}}