{"Time Taken to Run the Code(Mins)":8.13005739847819,"_wandb":{"runtime":485},"_runtime":485,"_timestamp":1.757938071934364e+09,"_step":12,"Timestep":10,"Accuracy":37.44,"chance_level":10}