{"Timestep":10,"Accuracy":38.37,"chance_level":10,"Time Taken to Run the Code(Mins)":8.890015522638956,"_wandb":{"runtime":531},"_runtime":531,"_timestamp":1.7579259339191034e+09,"_step":12}