{"Time Taken to Run the Code(Mins)":0.2690419276555379,"_runtime":15.837800004,"chance_level":10,"Timestep":10,"_wandb":{"runtime":15},"_step":12,"_timestamp":1.751961922692374e+09,"Accuracy":58.58,"MediaLogs/gauss_0.0":{"caption":"Noisy Images: gauss 0.0","_type":"image-file","sha256":"1351f578828d886452347dc6a8a5d01cff2cec649d66f35cdd7f696cc437603a","size":18482,"path":"media/images/MediaLogs/gauss_0.0_0_1351f578828d88645234.png","format":"png","width":138,"height":70}}