{"_step":12,"Timestep":10,"Accuracy":32.37,"chance_level":10,"Time Taken to Run the Code(Mins)":6.880193968613942,"_wandb":{"runtime":411},"_runtime":411,"_timestamp":1.7582211208514311e+09}