{"_runtime":403,"_step":12,"_timestamp":1.7582116180686345e+09,"Accuracy":29.08,"chance_level":10,"Timestep":10,"Time Taken to Run the Code(Mins)":6.743384110927582,"_wandb":{"runtime":403}}