{"_wandb":{"runtime":427},"_runtime":427,"_timestamp":1.7582202332512765e+09,"_step":12,"Timestep":10,"Accuracy":34.24,"chance_level":10,"Time Taken to Run the Code(Mins)":7.156454066435496}