{"Timestep":10,"Accuracy":36.71,"chance_level":10,"Time Taken to Run the Code(Mins)":0.3312572240829468,"_wandb":{"runtime":18},"_runtime":18,"_timestamp":1.7574306711724524e+09,"_step":12}