{"Accuracy":34.06,"chance_level":10,"Timestep":10,"Time Taken to Run the Code(Mins)":7.4321324825286865,"_wandb":{"runtime":444},"_runtime":444,"_timestamp":1.7581911411521876e+09,"_step":12}