{"MediaLogs/gauss_0.8":{"caption":"Noisy Images: gauss 0.8","_type":"image-file","sha256":"3e6aae1b7f1783e24a2fdf2fafdfc8cb8009c8ddbf7b5ed78fc7284d6a1d7e55","size":22076,"path":"media/images/MediaLogs/gauss_0.8_0_3e6aae1b7f1783e24a2f.png","format":"png","width":138,"height":70},"Accuracy":31.69,"chance_level":10,"_wandb":{"runtime":15},"_timestamp":1.7519653508075233e+09,"Time Taken to Run the Code(Mins)":0.26886914173762005,"_step":12,"_runtime":15.828811642,"Timestep":10}