{"_timestamp":1.7513835578292274e+09,"_runtime":15.67700394,"_step":11,"Timestep":10,"Time Taken to Run the Code(Mins)":0.2653261144955953,"_wandb":{"runtime":15},"Accuracy":61.54}