{"_timestamp":1.757944398929494e+09,"_step":12,"Timestep":10,"Accuracy":38.15,"chance_level":10,"Time Taken to Run the Code(Mins)":9.040523477395375,"_wandb":{"runtime":540},"_runtime":540}