{"chance_level":10,"Time Taken to Run the Code(Mins)":9.236668459574382,"_wandb":{"runtime":553},"_runtime":553,"_timestamp":1.7579267737733276e+09,"_step":12,"Timestep":10,"Accuracy":38.39}