{"chance_level":10,"Timestep":10,"Time Taken to Run the Code(Mins)":6.236167017618815,"_wandb":{"runtime":372},"_runtime":372,"_step":12,"_timestamp":1.7582176349700933e+09,"Accuracy":29.6}