{"_runtime":310,"_step":12,"_timestamp":1.757087736123768e+09,"Timestep":10,"Accuracy":32.44,"chance_level":10,"Time Taken to Run the Code(Mins)":5.199292194843292,"_wandb":{"runtime":310}}