{"Time Taken to Run the Code(Mins)":10.056666580835978,"_wandb":{"runtime":602},"_runtime":602,"_step":12,"_timestamp":1.7579416361066635e+09,"Timestep":10,"Accuracy":36.36,"chance_level":10}