{"_step":12,"Timestep":10,"Accuracy":32.81,"chance_level":10,"Time Taken to Run the Code(Mins)":3.794657591978709,"_wandb":{"runtime":226},"_runtime":226,"_timestamp":1.757089297576316e+09}