{"Timestep":10,"Accuracy":37.72,"chance_level":10,"Time Taken to Run the Code(Mins)":9.337897511323293,"_wandb":{"runtime":558},"_runtime":558,"_step":12,"_timestamp":1.7579512399559305e+09}