{"Timestep":10,"Accuracy":35.97,"chance_level":10,"Time Taken to Run the Code(Mins)":0.3244945049285889,"_wandb":{"runtime":18},"_runtime":18,"_timestamp":1.7574410473662002e+09,"_step":12}