{"Timestep":10,"Accuracy":31.1,"chance_level":10,"Time Taken to Run the Code(Mins)":9.026131542523702,"_wandb":{"runtime":540},"_runtime":540,"_timestamp":1.7581974365534766e+09,"_step":12}