{"Accuracy":33.83,"chance_level":10,"Time Taken to Run the Code(Mins)":7.491686022281646,"_wandb":{"runtime":448},"_runtime":448,"_step":12,"_timestamp":1.758191669072665e+09,"Timestep":10}