{"_timestamp":1.7570785199488957e+09,"_step":12,"chance_level":10,"Timestep":10,"Accuracy":33.09,"Time Taken to Run the Code(Mins)":5.261420182387034,"_wandb":{"runtime":314},"_runtime":314}