{"chance_level":10,"Time Taken to Run the Code(Mins)":0.36202555100123085,"_wandb":{"runtime":20},"_runtime":20,"_timestamp":1.7574302104050238e+09,"_step":12,"Timestep":10,"Accuracy":36.73}