{"Time Taken to Run the Code(Mins)":0.32909674644470216,"_wandb":{"runtime":18},"_runtime":18,"_step":12,"_timestamp":1.7574357236138835e+09,"Timestep":10,"Accuracy":35.8,"chance_level":10}