{"Time Taken to Run the Code(Mins)":6.909708376725515,"_wandb":{"runtime":413},"_runtime":413,"_timestamp":1.7582172664570043e+09,"_step":12,"chance_level":10,"Timestep":10,"Accuracy":29.46}