{"Accuracy":30,"chance_level":10,"Time Taken to Run the Code(Mins)":7.48281877040863,"_wandb":{"runtime":447},"_runtime":447,"_timestamp":1.7582115987166262e+09,"_step":12,"Timestep":10}