{"_wandb":{"runtime":19},"_runtime":19,"_timestamp":1.7574256181873112e+09,"_step":12,"Timestep":10,"Accuracy":37.59,"chance_level":10,"Time Taken to Run the Code(Mins)":0.3388051191965739}