{"Timestep":10,"Time Taken to Run the Code(Mins)":0.33102793296178185,"_wandb":{"runtime":18},"_runtime":18,"_timestamp":1.7574299916843736e+09,"_step":12,"Accuracy":36.64,"chance_level":10}