{"Timestep":10,"Accuracy":35.88,"Time Taken to Run the Code(Mins)":6.739954610665639,"_wandb":{"runtime":402},"_runtime":402,"_timestamp":1.7582190958233917e+09,"_step":12,"chance_level":10}