{"chance_level":10,"Time Taken to Run the Code(Mins)":0.2732094923655192,"_timestamp":1.7515353742729092e+09,"_runtime":16.089237074,"Accuracy":67.69,"_step":12,"MediaLogs/gauss_0.02":{"path":"media/images/MediaLogs/gauss_0.02_0_5e20f382c4cf0c521504.png","format":"png","width":138,"height":70,"caption":"Noisy Images: gauss 0.02","_type":"image-file","sha256":"5e20f382c4cf0c521504d5dacaefd9b6ba260472feb927e28d65237353ec6f3f","size":18675},"Timestep":10,"_wandb":{"runtime":16}}