{"chance_level":10,"Time Taken to Run the Code(Mins)":7.515400437513987,"_wandb":{"runtime":449},"_runtime":449,"_step":12,"_timestamp":1.7581916437018442e+09,"Timestep":10,"Accuracy":33.82}