{"Timestep":10,"Time Taken to Run the Code(Mins)":8.733541619777679,"_wandb":{"runtime":522},"_runtime":522,"_timestamp":1.7574162177970874e+09,"_step":12,"Accuracy":38.08,"chance_level":10}