{"Timestep":10,"_wandb":{"runtime":16},"_runtime":16.019114205,"MediaLogs/s&p_0.04":{"caption":"Noisy Images: s&p 0.04","_type":"image-file","sha256":"baea8452707910ea8f11d21702ce13dee1e2cd0558f06ac1145b6522d5554591","size":20448,"path":"media/images/MediaLogs/s&p_0.04_0_baea8452707910ea8f11.png","format":"png","width":138,"height":70},"_timestamp":1.7516497814829557e+09,"chance_level":10,"Time Taken to Run the Code(Mins)":0.2721741755803426,"_step":12,"Accuracy":48.75}