{"_timestamp":1.758194049029277e+09,"_step":12,"Accuracy":33.98,"chance_level":10,"Timestep":10,"Time Taken to Run the Code(Mins)":8.171628411610921,"_wandb":{"runtime":489},"_runtime":489}