{"chance_level":10,"Time Taken to Run the Code(Mins)":15.672802662849426,"_wandb":{"runtime":937},"_runtime":937,"_timestamp":1.7582036485189998e+09,"_step":12,"Timestep":10,"Accuracy":30.82}