{"MediaLogs/gauss_0.0":{"format":"png","width":138,"height":70,"caption":"Noisy Images: gauss 0.0","_type":"image-file","sha256":"1351f578828d886452347dc6a8a5d01cff2cec649d66f35cdd7f696cc437603a","size":18482,"path":"media/images/MediaLogs/gauss_0.0_0_1351f578828d88645234.png"},"_runtime":16.370511776,"chance_level":10,"Time Taken to Run the Code(Mins)":0.2778829574584961,"Timestep":10,"_wandb":{"runtime":16},"_timestamp":1.751472407306103e+09,"Accuracy":55.73,"_step":12}