{"_runtime":16.043474374,"Accuracy":51.87,"_step":12,"Time Taken to Run the Code(Mins)":0.27239015102386477,"_wandb":{"runtime":16},"MediaLogs/s&p_0.02":{"height":70,"caption":"Noisy Images: s&p 0.02","_type":"image-file","sha256":"6d9678668fc378e1951bb630f4f538672833bbd927b8b3128ea48471d230098d","size":19693,"path":"media/images/MediaLogs/s&p_0.02_0_6d9678668fc378e1951b.png","format":"png","width":138},"Timestep":10,"chance_level":10,"_timestamp":1.7516396888788059e+09}