{"_timestamp":1.7579304664159398e+09,"Timestep":10,"Accuracy":38.17,"chance_level":10,"Time Taken to Run the Code(Mins)":9.796069006125132,"_wandb":{"runtime":585},"_runtime":585,"_step":12}