{"_step":11,"Timestep":10,"Accuracy":58.28,"_timestamp":1.7513836294811969e+09,"_runtime":16.353198367,"Time Taken to Run the Code(Mins)":0.27718658447265626,"_wandb":{"runtime":16}}