{"Accuracy":38.34,"chance_level":10,"Time Taken to Run the Code(Mins)":0.33272098302841185,"_wandb":{"runtime":18},"_runtime":18,"_step":12,"_timestamp":1.7574185572358108e+09,"Timestep":10}