{"Accuracy":30.57,"chance_level":10,"Timestep":10,"Time Taken to Run the Code(Mins)":7.2276336550712585,"_wandb":{"runtime":431},"_runtime":431,"_timestamp":1.758221583630963e+09,"_step":12}