{"_wandb":{"runtime":434},"_runtime":434,"_timestamp":1.757923532501579e+09,"_step":12,"Timestep":10,"Accuracy":38.4,"chance_level":10,"Time Taken to Run the Code(Mins)":7.255141695340474}