{"Time Taken to Run the Code(Mins)":0.2712310830752055,"Timestep":10,"_wandb":{"runtime":15},"_timestamp":1.7516441956544542e+09,"chance_level":10,"_runtime":15.968196818,"_step":12,"Accuracy":36.81,"MediaLogs/s&p_0.06":{"format":"png","width":138,"height":70,"caption":"Noisy Images: s&p 0.06","_type":"image-file","sha256":"6e6f2bae3e5fede333b73675a7c86dc6ec467d71d91b51c2e9fcf71564d74f10","size":20969,"path":"media/images/MediaLogs/s&p_0.06_0_6e6f2bae3e5fede333b7.png"}}