{"_runtime":608,"_timestamp":1.75792445921255e+09,"_step":12,"chance_level":10,"Timestep":10,"Accuracy":38.38,"Time Taken to Run the Code(Mins)":10.165954454739888,"_wandb":{"runtime":608}}