{"Accuracy":38.07,"chance_level":10,"Time Taken to Run the Code(Mins)":8.7651944120725,"_wandb":{"runtime":524},"_runtime":524,"_timestamp":1.7574162190206025e+09,"_step":12,"Timestep":10}