{"MediaLogs/gauss_0.4":{"caption":"Noisy Images: gauss 0.4","_type":"image-file","sha256":"9e1134f3eccd4afbd08f42ea855354228da2f6401a3ca3d434708c91e5131886","size":21177,"path":"media/images/MediaLogs/gauss_0.4_0_9e1134f3eccd4afbd08f.png","format":"png","width":138,"height":70},"Accuracy":55.23,"chance_level":10,"_runtime":16.071549596,"_step":12,"Timestep":10,"_timestamp":1.7516502864851766e+09,"Time Taken to Run the Code(Mins)":0.27299596468607584,"_wandb":{"runtime":16}}