{"Accuracy":31.18,"chance_level":10,"Time Taken to Run the Code(Mins)":2.5848860184351605,"_wandb":{"runtime":153},"_runtime":153,"_timestamp":1.7570897508449612e+09,"_step":12,"Timestep":10}