{"Time Taken to Run the Code(Mins)":0.3396376053492228,"_wandb":{"runtime":19},"_runtime":19,"_step":12,"_timestamp":1.7574255343412986e+09,"Timestep":10,"Accuracy":37.56,"chance_level":10}