{"chance_level":10,"Timestep":10,"Accuracy":29.55,"Time Taken to Run the Code(Mins)":6.598669842878977,"_wandb":{"runtime":394},"_runtime":394,"_step":12,"_timestamp":1.7582174117250204e+09}