{"_wandb":{"runtime":434},"_runtime":434,"_step":12,"_timestamp":1.7581965275139453e+09,"Accuracy":31.33,"chance_level":10,"Timestep":10,"Time Taken to Run the Code(Mins)":7.268987421194712}