{"_wandb":{"runtime":437},"_runtime":437,"_timestamp":1.757958357743984e+09,"_step":12,"Timestep":10,"Accuracy":37.53,"chance_level":10,"Time Taken to Run the Code(Mins)":7.32252584695816}