{"_timestamp":1.7581898229488564e+09,"_step":12,"Timestep":10,"Accuracy":34.25,"chance_level":10,"Time Taken to Run the Code(Mins)":7.352559475104014,"_wandb":{"runtime":439},"_runtime":439}