{"Time Taken to Run the Code(Mins)":10.33502329190572,"_wandb":{"runtime":618},"_runtime":618,"_timestamp":1.7579431046051013e+09,"_step":12,"Timestep":10,"Accuracy":38.28,"chance_level":10}