{"_runtime":18,"_timestamp":1.7574304274025152e+09,"_step":12,"Timestep":10,"Accuracy":36.71,"chance_level":10,"Time Taken to Run the Code(Mins)":0.3275423685709635,"_wandb":{"runtime":18}}