{"Timestep":10,"Accuracy":38.19,"Time Taken to Run the Code(Mins)":7.41420845190684,"_wandb":{"runtime":443},"_runtime":443,"_timestamp":1.7579556351484804e+09,"_step":12,"chance_level":10}