{"_timestamp":1.7574258904358885e+09,"_step":12,"Timestep":10,"Accuracy":37.52,"chance_level":10,"Time Taken to Run the Code(Mins)":0.34039620161056516,"_wandb":{"runtime":19},"_runtime":19}