{"Timestep":10,"Accuracy":34.07,"chance_level":10,"Time Taken to Run the Code(Mins)":7.289154255390168,"_wandb":{"runtime":436},"_runtime":436,"_timestamp":1.7581911757194586e+09,"_step":12}