{"_runtime":394,"_step":12,"_timestamp":1.7581889411729064e+09,"Accuracy":34.73,"chance_level":10,"Timestep":10,"Time Taken to Run the Code(Mins)":6.597935366630554,"_wandb":{"runtime":394}}