{"Accuracy":59.81,"_timestamp":1.7513833953485453e+09,"Time Taken to Run the Code(Mins)":0.260420548915863,"_wandb":{"runtime":15},"_runtime":15.388134384,"_step":11,"Timestep":10}