{"Accuracy":30.38,"chance_level":10,"Timestep":10,"Time Taken to Run the Code(Mins)":7.044759937127432,"_wandb":{"runtime":421},"_runtime":421,"_timestamp":1.7582168042712247e+09,"_step":12}