{"Timestep":10,"Accuracy":36.7,"chance_level":10,"Time Taken to Run the Code(Mins)":0.34701464176177976,"_wandb":{"runtime":19},"_runtime":19,"_timestamp":1.7574300998733916e+09,"_step":12}