{"chance_level":10,"Timestep":10,"Accuracy":37.28,"Time Taken to Run the Code(Mins)":0.3346546649932861,"_wandb":{"runtime":19},"_runtime":19,"_timestamp":1.7574440012576272e+09,"_step":12}