{"Time Taken to Run the Code(Mins)":0.264632785320282,"_wandb":{"runtime":15},"_timestamp":1.7513767279719512e+09,"_runtime":15.632652705,"_step":11,"Timestep":10,"Accuracy":66.64}