{"_timestamp":1.7574211748443546e+09,"_step":12,"Timestep":10,"Accuracy":38.37,"chance_level":10,"Time Taken to Run the Code(Mins)":0.3357610543568929,"_wandb":{"runtime":19},"_runtime":19}