{"_timestamp":1.7570827975175412e+09,"_step":12,"Timestep":10,"Accuracy":33.17,"chance_level":10,"Time Taken to Run the Code(Mins)":4.909005864461263,"_wandb":{"runtime":293},"_runtime":293}