{"_step":11,"Timestep":10,"Accuracy":66.64,"Time Taken to Run the Code(Mins)":0.26097144683202106,"_wandb":{"runtime":15},"_timestamp":1.751373903344262e+09,"_runtime":15.419238502}