{"Accuracy":37.23,"chance_level":10,"Time Taken to Run the Code(Mins)":8.975879756609599,"_wandb":{"runtime":535},"_runtime":535,"_timestamp":1.7581869225929778e+09,"_step":12,"Timestep":10}