{"_runtime":374,"_step":12,"_timestamp":1.7581941827205083e+09,"Timestep":10,"Accuracy":32.5,"chance_level":10,"Time Taken to Run the Code(Mins)":6.264584636688232,"_wandb":{"runtime":374}}