{"_step":12,"Timestep":10,"Accuracy":37.57,"chance_level":10,"Time Taken to Run the Code(Mins)":9.038677843411763,"_wandb":{"runtime":540},"_runtime":540,"_timestamp":1.7579338841479871e+09}