{"_timestamp":1.7579263738753495e+09,"_step":12,"Accuracy":38.42,"chance_level":10,"Timestep":10,"Time Taken to Run the Code(Mins)":8.447156325976055,"_wandb":{"runtime":505},"_runtime":505}