{"_runtime":398,"_timestamp":1.7581910751667068e+09,"_step":12,"Timestep":10,"Accuracy":34.06,"chance_level":10,"Time Taken to Run the Code(Mins)":6.675682524840037,"_wandb":{"runtime":398}}