{"_step":12,"Timestep":10,"Accuracy":34.01,"chance_level":10,"Time Taken to Run the Code(Mins)":6.892921392122904,"_wandb":{"runtime":411},"_runtime":411,"_timestamp":1.7581906762324953e+09}