{"Time Taken to Run the Code(Mins)":0.2636624455451965,"_wandb":{"runtime":15},"Timestep":10,"Accuracy":62.76,"_timestamp":1.7513738108225043e+09,"_runtime":15.578695826,"_step":11}