{"chance_level":10,"Time Taken to Run the Code(Mins)":10.486598710219065,"_wandb":{"runtime":627},"_runtime":627,"_timestamp":1.7579412513180168e+09,"_step":12,"Timestep":10,"Accuracy":37.08}