{"Accuracy":37.35,"chance_level":10,"Time Taken to Run the Code(Mins)":7.956853155295054,"_wandb":{"runtime":475},"_runtime":475,"_timestamp":1.7579379736603308e+09,"_step":12,"Timestep":10}