{"_runtime":16.215076157,"Time Taken to Run the Code(Mins)":0.27545681794484456,"_step":12,"Accuracy":53.7,"Timestep":10,"MediaLogs/gauss_0.4":{"_type":"image-file","sha256":"9e1134f3eccd4afbd08f42ea855354228da2f6401a3ca3d434708c91e5131886","size":21177,"path":"media/images/MediaLogs/gauss_0.4_0_9e1134f3eccd4afbd08f.png","format":"png","width":138,"height":70,"caption":"Noisy Images: gauss 0.4"},"_timestamp":1.751650357755318e+09,"_wandb":{"runtime":16},"chance_level":10}