{"Timestep":10,"Accuracy":38.11,"chance_level":10,"Time Taken to Run the Code(Mins)":8.97110300064087,"_wandb":{"runtime":536},"_runtime":536,"_timestamp":1.7579373991818342e+09,"_step":12}