{"Accuracy":29.75,"chance_level":10,"Time Taken to Run the Code(Mins)":12.640010670820873,"_wandb":{"runtime":757},"_runtime":757,"_timestamp":1.7582060421344578e+09,"_step":12,"Timestep":10}