{"Time Taken to Run the Code(Mins)":0.3005605061848958,"_runtime":17.738821243,"chance_level":10,"_wandb":{"runtime":17},"Accuracy":54.22,"MediaLogs/s&p_0.0":{"format":"png","width":138,"height":70,"caption":"Noisy Images: s&p 0.0","_type":"image-file","sha256":"1351f578828d886452347dc6a8a5d01cff2cec649d66f35cdd7f696cc437603a","size":18482,"path":"media/images/MediaLogs/s&p_0.0_0_1351f578828d88645234.png"},"_step":12,"Timestep":10,"_timestamp":1.7515298878971882e+09}