{"Time Taken to Run the Code(Mins)":7.430791358153026,"_wandb":{"runtime":444},"_runtime":444,"_timestamp":1.7579579182498152e+09,"_step":12,"Accuracy":37.3,"chance_level":10,"Timestep":10}