{"_runtime":455,"_step":12,"_timestamp":1.7579289892501955e+09,"Timestep":10,"Accuracy":38.26,"chance_level":10,"Time Taken to Run the Code(Mins)":7.619050999482472,"_wandb":{"runtime":455}}