{"_timestamp":1.7570745559622076e+09,"_step":12,"Accuracy":32.34,"chance_level":10,"Timestep":10,"Time Taken to Run the Code(Mins)":5.050552038351695,"_wandb":{"runtime":301},"_runtime":301}