{"Accuracy":33.07,"chance_level":10,"Time Taken to Run the Code(Mins)":4.91400797367096,"_wandb":{"runtime":293},"_runtime":293,"_timestamp":1.7570908134168496e+09,"_step":12,"Timestep":10}