{"_runtime":454,"_timestamp":1.7579564433617988e+09,"_step":12,"Timestep":10,"Accuracy":38.42,"chance_level":10,"Time Taken to Run the Code(Mins)":7.597645314534505,"_wandb":{"runtime":454}}