{"_runtime":15.525777326,"_step":11,"Timestep":10,"Accuracy":67.34,"Time Taken to Run the Code(Mins)":0.2626715977986654,"_wandb":{"runtime":15},"_timestamp":1.7513794901240158e+09}