{"chance_level":10,"Timestep":10,"Time Taken to Run the Code(Mins)":0.32646316289901733,"_wandb":{"runtime":18},"_runtime":18,"_timestamp":1.7574367541528292e+09,"_step":12,"Accuracy":38.33}