{"Accuracy":37.35,"chance_level":10,"Time Taken to Run the Code(Mins)":0.3419228116671244,"_wandb":{"runtime":19},"_runtime":19,"_timestamp":1.7574285578400764e+09,"_step":12,"Timestep":10}