{"_timestamp":1.7574220423239815e+09,"_step":12,"chance_level":10,"Timestep":10,"Accuracy":38.38,"Time Taken to Run the Code(Mins)":0.3342936833699544,"_wandb":{"runtime":18},"_runtime":18}