{"Accuracy":32.31,"chance_level":10,"Time Taken to Run the Code(Mins)":9.181121718883514,"_wandb":{"runtime":549},"_runtime":549,"_timestamp":1.758209620284384e+09,"_step":12,"Timestep":10}