{"Timestep":10,"Time Taken to Run the Code(Mins)":0.3333133300145467,"_wandb":{"runtime":19},"_runtime":19,"_timestamp":1.7574197000379977e+09,"_step":12,"Accuracy":38.33,"chance_level":10}