{"_runtime":277,"_step":12,"_timestamp":1.7570887585706313e+09,"Timestep":10,"Accuracy":31.05,"chance_level":10,"Time Taken to Run the Code(Mins)":4.649981844425201,"_wandb":{"runtime":277}}