{"_timestamp":1.7574357508282022e+09,"_step":12,"Timestep":10,"Accuracy":35.81,"chance_level":10,"Time Taken to Run the Code(Mins)":0.33694273233413696,"_wandb":{"runtime":19},"_runtime":19}