{"_timestamp":1.7579600389567294e+09,"_step":12,"Accuracy":36.43,"chance_level":10,"Timestep":10,"Time Taken to Run the Code(Mins)":6.7947672486305235,"_wandb":{"runtime":406},"_runtime":406}