{"MediaLogs/gauss_0.0":{"width":138,"height":70,"caption":"Noisy Images: gauss 0.0","_type":"image-file","sha256":"1351f578828d886452347dc6a8a5d01cff2cec649d66f35cdd7f696cc437603a","size":18482,"path":"media/images/MediaLogs/gauss_0.0_0_1351f578828d88645234.png","format":"png"},"_step":12,"Timestep":10,"Time Taken to Run the Code(Mins)":0.27397334973017373,"_timestamp":1.751645775870675e+09,"_wandb":{"runtime":16},"_runtime":16.131454899,"Accuracy":58.87,"chance_level":10}