{"_step":12,"Timestep":10,"Accuracy":32,"chance_level":10,"Time Taken to Run the Code(Mins)":5.248953175544739,"_wandb":{"runtime":313},"_runtime":313,"_timestamp":1.757086375580569e+09}