{"_step":12,"Accuracy":37.98,"chance_level":10,"Timestep":10,"Time Taken to Run the Code(Mins)":7.964248605569204,"_wandb":{"runtime":476},"_runtime":476,"_timestamp":1.7579574119579637e+09}