{"Time Taken to Run the Code(Mins)":7.119871389865875,"_wandb":{"runtime":426},"_runtime":426,"_timestamp":1.7582155170757358e+09,"_step":12,"Timestep":10,"Accuracy":31.15,"chance_level":10}