{"Accuracy":37.12,"chance_level":10,"Time Taken to Run the Code(Mins)":0.323132320245107,"_wandb":{"runtime":18},"_runtime":18,"_timestamp":1.7574391489677649e+09,"_step":12,"Timestep":10}