{"Accuracy":37.52,"chance_level":10,"Time Taken to Run the Code(Mins)":0.33941928545633954,"_wandb":{"runtime":19},"_runtime":19,"_timestamp":1.7574243185599391e+09,"_step":12,"Timestep":10}