{"Timestep":10,"Time Taken to Run the Code(Mins)":6.080722304185231,"_wandb":{"runtime":363},"_runtime":363,"_timestamp":1.7582194826351635e+09,"_step":12,"Accuracy":36.08,"chance_level":10}