{"Timestep":10,"Accuracy":37.51,"chance_level":10,"Time Taken to Run the Code(Mins)":5.975536481539408,"_wandb":{"runtime":356},"_runtime":356,"_step":12,"_timestamp":1.7582127656033888e+09}