{"_timestamp":1.7581945347299054e+09,"_step":12,"chance_level":10,"Timestep":10,"Accuracy":32.61,"Time Taken to Run the Code(Mins)":8.05445362329483,"_wandb":{"runtime":481},"_runtime":481}