{"_runtime":16.224165849,"_step":12,"Timestep":10,"Accuracy":57.87,"MediaLogs/gauss_0.2":{"size":20156,"path":"media/images/MediaLogs/gauss_0.2_0_45f4dc678aa706151beb.png","format":"png","width":138,"height":70,"caption":"Noisy Images: gauss 0.2","_type":"image-file","sha256":"45f4dc678aa706151bebfea1540f5a37a816d74589f6ccf6fdeedb9f2f08c515"},"chance_level":10,"Time Taken to Run the Code(Mins)":0.27545393308003746,"_wandb":{"runtime":16},"_timestamp":1.751645895414986e+09}