{"_timestamp":1.7574400158215e+09,"_step":12,"chance_level":10,"Timestep":10,"Accuracy":36.42,"Time Taken to Run the Code(Mins)":0.32595595916112263,"_wandb":{"runtime":18},"_runtime":18}