{"Accuracy":29.61,"chance_level":10,"Time Taken to Run the Code(Mins)":6.18165092865626,"_wandb":{"runtime":369},"_runtime":369,"_timestamp":1.7582176229866376e+09,"_step":12,"Timestep":10}