{"Accuracy":37.15,"chance_level":10,"Time Taken to Run the Code(Mins)":8.694284617900848,"_wandb":{"runtime":519},"_runtime":519,"_timestamp":1.7579461168908873e+09,"_step":12,"Timestep":10}