{"_runtime":519,"_timestamp":1.7579377789876204e+09,"_step":12,"Timestep":10,"Accuracy":38.11,"chance_level":10,"Time Taken to Run the Code(Mins)":8.684398750464121,"_wandb":{"runtime":519}}