{"_step":12,"chance_level":10,"Timestep":10,"Accuracy":38.13,"Time Taken to Run the Code(Mins)":0.3273253560066223,"_wandb":{"runtime":18},"_runtime":18,"_timestamp":1.7574231924846268e+09}