{"_runtime":465,"_timestamp":1.7579587483748353e+09,"_step":12,"Timestep":10,"Accuracy":36.86,"chance_level":10,"Time Taken to Run the Code(Mins)":7.783208751678467,"_wandb":{"runtime":465}}