{"_wandb":{"runtime":18},"_runtime":18,"_timestamp":1.7574248798742554e+09,"_step":12,"Accuracy":37.53,"chance_level":10,"Timestep":10,"Time Taken to Run the Code(Mins)":0.3383500576019287}