{"Accuracy":32.27,"chance_level":10,"Time Taken to Run the Code(Mins)":8.190829873085022,"_wandb":{"runtime":489},"_runtime":489,"_timestamp":1.758209436167645e+09,"_step":12,"Timestep":10}