{"_timestamp":1.7581990664034488e+09,"_step":12,"Timestep":10,"Accuracy":33.68,"chance_level":10,"Time Taken to Run the Code(Mins)":7.953647871812184,"_wandb":{"runtime":476},"_runtime":476}