{"chance_level":10,"Timestep":10,"Accuracy":31.11,"Time Taken to Run the Code(Mins)":5.370466510454814,"_wandb":{"runtime":321},"_runtime":321,"_step":12,"_timestamp":1.7570870832181296e+09}