{"_runtime":18,"_timestamp":1.7574426990503676e+09,"_step":12,"chance_level":10,"Timestep":10,"Accuracy":38.46,"Time Taken to Run the Code(Mins)":0.3326100746790568,"_wandb":{"runtime":18}}