{"_wandb":{"runtime":410},"_runtime":410,"_timestamp":1.7582180592966316e+09,"_step":12,"Timestep":10,"Accuracy":37.93,"chance_level":10,"Time Taken to Run the Code(Mins)":6.87465036312739}