{"_timestamp":1.7579273668799567e+09,"_step":12,"Accuracy":38.42,"chance_level":10,"Timestep":10,"Time Taken to Run the Code(Mins)":9.487868698438009,"_wandb":{"runtime":568},"_runtime":568}