{"chance_level":10,"Time Taken to Run the Code(Mins)":0.3071411689122518,"_step":12,"MediaLogs/s&p_0.4":{"format":"png","width":138,"height":70,"caption":"Noisy Images: s&p 0.4","_type":"image-file","sha256":"9c04c5b3bdb267bc4705db6d0e1134ee42345c887749caece81c4aff8a090c3d","size":21658,"path":"media/images/MediaLogs/s&p_0.4_0_9c04c5b3bdb267bc4705.png"},"_runtime":18.120600345,"_wandb":{"runtime":18},"_timestamp":1.7515369497072802e+09,"Timestep":10,"Accuracy":12.73}