{"Time Taken to Run the Code(Mins)":7.10846916437149,"_wandb":{"runtime":425},"_runtime":425,"_timestamp":1.7581940263801253e+09,"_step":12,"Timestep":10,"Accuracy":32.45,"chance_level":10}