{"Timestep":10,"Accuracy":32.02,"chance_level":10,"Time Taken to Run the Code(Mins)":3.465971287091573,"_wandb":{"runtime":206},"_runtime":206,"_timestamp":1.7570747691349525e+09,"_step":12}