{"_wandb":{"runtime":494},"_runtime":494,"_step":12,"_timestamp":1.7579463030099363e+09,"Timestep":10,"Accuracy":37.09,"chance_level":10,"Time Taken to Run the Code(Mins)":8.266147843996684}