{"_runtime":16.099975201,"_step":12,"Accuracy":57.35,"chance_level":10,"_wandb":{"runtime":16},"MediaLogs/gauss_0.0":{"path":"media/images/MediaLogs/gauss_0.0_0_1351f578828d88645234.png","format":"png","width":138,"height":70,"caption":"Noisy Images: gauss 0.0","_type":"image-file","sha256":"1351f578828d886452347dc6a8a5d01cff2cec649d66f35cdd7f696cc437603a","size":18482},"Timestep":10,"Time Taken to Run the Code(Mins)":0.2733693520228068,"_timestamp":1.7516467861647902e+09}