{"_timestamp":1.7579554152755146e+09,"_step":12,"Timestep":10,"Accuracy":38.21,"chance_level":10,"Time Taken to Run the Code(Mins)":7.454211151599884,"_wandb":{"runtime":445},"_runtime":445}