{"_timestamp":1.7570745563668337e+09,"_step":12,"Timestep":10,"Accuracy":33.08,"chance_level":10,"Time Taken to Run the Code(Mins)":5.057306655248007,"_wandb":{"runtime":302},"_runtime":302}