{"_runtime":18,"_timestamp":1.7574180936469986e+09,"_step":12,"Timestep":10,"Accuracy":38.4,"chance_level":10,"Time Taken to Run the Code(Mins)":0.32935795386632283,"_wandb":{"runtime":18}}