{"Timestep":10,"Accuracy":33.17,"chance_level":10,"Time Taken to Run the Code(Mins)":3.752726419766744,"_wandb":{"runtime":223},"_runtime":223,"_timestamp":1.757087492185278e+09,"_step":12}