{"Accuracy":38.19,"chance_level":10,"Time Taken to Run the Code(Mins)":9.098134752114614,"_wandb":{"runtime":544},"_runtime":544,"_timestamp":1.7579444181466877e+09,"_step":12,"Timestep":10}