{"Accuracy":38.22,"chance_level":10,"Time Taken to Run the Code(Mins)":7.4352423508962,"_wandb":{"runtime":444},"_runtime":444,"_timestamp":1.7579551979446578e+09,"_step":12,"Timestep":10}