{"chance_level":10,"Time Taken to Run the Code(Mins)":4.552809421221415,"_wandb":{"runtime":271},"_runtime":271,"_timestamp":1.7570883494691107e+09,"_step":12,"Timestep":10,"Accuracy":31.63}