{"_wandb":{"runtime":593},"_runtime":593,"_timestamp":1.7579319625747151e+09,"_step":12,"Timestep":10,"Accuracy":37.89,"chance_level":10,"Time Taken to Run the Code(Mins)":9.913927761713664}