{"Accuracy":31.97,"chance_level":10,"Time Taken to Run the Code(Mins)":4.737408073743184,"_wandb":{"runtime":282},"_runtime":282,"_timestamp":1.7570851925434186e+09,"_step":12,"Timestep":10}