{"_timestamp":1.7574389344122798e+09,"_step":12,"Timestep":10,"Accuracy":37.08,"chance_level":10,"Time Taken to Run the Code(Mins)":0.3226676781972249,"_wandb":{"runtime":18},"_runtime":18}