{"Timestep":10,"Time Taken to Run the Code(Mins)":3.724106200536092,"_wandb":{"runtime":222},"_runtime":222,"_timestamp":1.7570901881600187e+09,"_step":12,"Accuracy":30.98,"chance_level":10}