{"_timestamp":1.7579430601834984e+09,"_step":12,"Accuracy":38.21,"chance_level":10,"Timestep":10,"Time Taken to Run the Code(Mins)":10.206442932287851,"_wandb":{"runtime":610},"_runtime":610}