{"_runtime":721,"_timestamp":1.7582019373273022e+09,"_step":12,"Accuracy":30.4,"chance_level":10,"Timestep":10,"Time Taken to Run the Code(Mins)":12.06605540116628,"_wandb":{"runtime":721}}