{"_step":12,"Accuracy":35.17,"chance_level":10,"Timestep":10,"Time Taken to Run the Code(Mins)":8.223419058322907,"_wandb":{"runtime":492},"_runtime":492,"_timestamp":1.7582136749631739e+09}