{"chance_level":10,"Time Taken to Run the Code(Mins)":0.327417266368866,"_wandb":{"runtime":18},"_runtime":18,"_step":12,"_timestamp":1.7574369710831337e+09,"Timestep":10,"Accuracy":38.26}