{"_step":12,"_timestamp":1.7579341806268215e+09,"Timestep":10,"Accuracy":37.6,"chance_level":10,"Time Taken to Run the Code(Mins)":8.582967185974121,"_wandb":{"runtime":513},"_runtime":513}