{"_runtime":19,"_step":12,"_timestamp":1.7574409137291667e+09,"Timestep":10,"Accuracy":35.96,"chance_level":10,"Time Taken to Run the Code(Mins)":0.34001614650090534,"_wandb":{"runtime":19}}