{"_timestamp":1.751468431311393e+09,"_runtime":16.012453441,"_step":12,"_wandb":{"runtime":16},"chance_level":10,"MediaLogs/s&p_0.2":{"sha256":"258790cc567a266b10ae4c3402110f4a77c2a2ad20e989f48a1132a7e187dd37","size":22652,"path":"media/images/MediaLogs/s&p_0.2_0_258790cc567a266b10ae.png","format":"png","width":138,"height":70,"caption":"Noisy Images: s&p 0.2","_type":"image-file"},"Timestep":10,"Time Taken to Run the Code(Mins)":0.27188334465026853,"Accuracy":29.13}