{"chance_level":10,"Time Taken to Run the Code(Mins)":0.33770462274551394,"_wandb":{"runtime":19},"_runtime":19,"_step":12,"_timestamp":1.7574305084281561e+09,"Timestep":10,"Accuracy":36.72}