{"chance_level":10,"Timestep":10,"Time Taken to Run the Code(Mins)":0.3027079701423645,"_timestamp":1.751532478988434e+09,"MediaLogs/s&p_0.6000000000000001":{"width":138,"height":70,"caption":"Noisy Images: s&p 0.6000000000000001","_type":"image-file","sha256":"698e315362b6ccbd9c79b1c2ac20021c439ba41b9c5e0e51e8c65c93082dd334","size":14570,"path":"media/images/MediaLogs/s&p_0.6000000000000001_0_698e315362b6ccbd9c79.png","format":"png"},"_step":12,"_runtime":17.860745177,"_wandb":{"runtime":17},"Accuracy":12.84}