{"_step":12,"Timestep":10,"Accuracy":36.1,"chance_level":10,"Time Taken to Run the Code(Mins)":9.947822539011637,"_wandb":{"runtime":595},"_runtime":595,"_timestamp":1.757948970017423e+09}