{"Accuracy":38.33,"chance_level":10,"Time Taken to Run the Code(Mins)":0.3360537568728129,"_wandb":{"runtime":18},"_runtime":18,"_timestamp":1.7574199448462515e+09,"_step":12,"Timestep":10}