{"Accuracy":42.22,"Time Taken to Run the Code(Mins)":0.27003411451975506,"_wandb":{"runtime":15},"_timestamp":1.7516440761075253e+09,"_step":12,"MediaLogs/s&p_0.04":{"size":20448,"path":"media/images/MediaLogs/s&p_0.04_0_baea8452707910ea8f11.png","format":"png","width":138,"height":70,"caption":"Noisy Images: s&p 0.04","_type":"image-file","sha256":"baea8452707910ea8f11d21702ce13dee1e2cd0558f06ac1145b6522d5554591"},"_runtime":15.891532889,"Timestep":10,"chance_level":10}