{"_wandb":{"runtime":494},"_runtime":494,"_step":12,"_timestamp":1.7579235851581242e+09,"Timestep":10,"Accuracy":38.41,"chance_level":10,"Time Taken to Run the Code(Mins)":8.262036804358164}