{"chance_level":10,"Timestep":10,"Accuracy":37.2,"Time Taken to Run the Code(Mins)":8.196249159177144,"_wandb":{"runtime":490},"_runtime":490,"_timestamp":1.7579468082754261e+09,"_step":12}