{"Timestep":10,"Time Taken to Run the Code(Mins)":4.985379215081533,"_wandb":{"runtime":297},"_runtime":297,"_timestamp":1.7570878601146595e+09,"_step":12,"Accuracy":32.54,"chance_level":10}