{"chance_level":10,"Time Taken to Run the Code(Mins)":6.526760935783386,"_wandb":{"runtime":390},"_runtime":390,"_timestamp":1.7579516124632704e+09,"_step":12,"Timestep":10,"Accuracy":37.74}