{"chance_level":10,"Time Taken to Run the Code(Mins)":0.33842764298121136,"_wandb":{"runtime":19},"_runtime":19,"_timestamp":1.757443697218259e+09,"_step":12,"Timestep":10,"Accuracy":37.99}