{"_step":12,"Accuracy":38.39,"chance_level":10,"Timestep":10,"Time Taken to Run the Code(Mins)":8.334649014472962,"_wandb":{"runtime":498},"_runtime":498,"_timestamp":1.7579275408176866e+09}