{"Timestep":10,"Accuracy":38.4,"chance_level":10,"Time Taken to Run the Code(Mins)":0.340349010626475,"_wandb":{"runtime":19},"_runtime":19,"_timestamp":1.7574179592464216e+09,"_step":12}