{"_step":12,"_timestamp":1.7516412476320078e+09,"Accuracy":65.86,"chance_level":10,"_runtime":15.956869598,"_wandb":{"runtime":15},"MediaLogs/gauss_0.2":{"caption":"Noisy Images: gauss 0.2","_type":"image-file","sha256":"45f4dc678aa706151bebfea1540f5a37a816d74589f6ccf6fdeedb9f2f08c515","size":20156,"path":"media/images/MediaLogs/gauss_0.2_0_45f4dc678aa706151beb.png","format":"png","width":138,"height":70},"Time Taken to Run the Code(Mins)":0.2711058735847473,"Timestep":10}