{"chance_level":10,"Time Taken to Run the Code(Mins)":9.50927712917328,"_wandb":{"runtime":569},"_runtime":569,"_timestamp":1.7582084940853858e+09,"_step":12,"Timestep":10,"Accuracy":34.32}