{"_runtime":586,"_timestamp":1.7579422630451324e+09,"_step":12,"Timestep":10,"Accuracy":36.41,"chance_level":10,"Time Taken to Run the Code(Mins)":9.814879707495372,"_wandb":{"runtime":586}}