{"Timestep":10,"Accuracy":37.04,"chance_level":10,"Time Taken to Run the Code(Mins)":0.323980438709259,"_wandb":{"runtime":18},"_runtime":18,"_timestamp":1.7574293137482283e+09,"_step":12}