{"_step":12,"Accuracy":38.34,"chance_level":10,"Timestep":10,"Time Taken to Run the Code(Mins)":0.37290397882461546,"_wandb":{"runtime":19},"_runtime":19,"_timestamp":1.7574185293525128e+09}