{"Accuracy":36.05,"chance_level":10,"Time Taken to Run the Code(Mins)":6.563159942626953,"_wandb":{"runtime":392},"_runtime":392,"_step":12,"_timestamp":1.7579594201983612e+09,"Timestep":10}