{"_runtime":18,"_timestamp":1.7574398561417105e+09,"_step":12,"Timestep":10,"Accuracy":36.38,"chance_level":10,"Time Taken to Run the Code(Mins)":0.32866065899531044,"_wandb":{"runtime":18}}