{"Time Taken to Run the Code(Mins)":0.3312231262524923,"_wandb":{"runtime":18},"_runtime":18,"_timestamp":1.757432903079924e+09,"_step":12,"Timestep":10,"Accuracy":38.12,"chance_level":10}