{"Time Taken to Run the Code(Mins)":0.27776211897532144,"_wandb":{"runtime":16},"_step":11,"Timestep":10,"Accuracy":68.89,"_timestamp":1.7513747998668163e+09,"_runtime":16.384305526}