{"_timestamp":1.7579505989931686e+09,"_step":12,"Accuracy":38.3,"chance_level":10,"Timestep":10,"Time Taken to Run the Code(Mins)":8.712557236353556,"_wandb":{"runtime":521},"_runtime":521}