{"_runtime":591,"_timestamp":1.7579317183707871e+09,"_step":12,"Timestep":10,"Accuracy":37.84,"chance_level":10,"Time Taken to Run the Code(Mins)":9.89813553094864,"_wandb":{"runtime":591}}