{"Accuracy":37.54,"chance_level":10,"Time Taken to Run the Code(Mins)":0.34327975908915204,"_wandb":{"runtime":19},"_runtime":19,"_timestamp":1.7574266298896818e+09,"_step":12,"Timestep":10}