{"_wandb":{"runtime":184},"_runtime":184,"_timestamp":1.757074743935262e+09,"_step":12,"Timestep":10,"Accuracy":32.56,"chance_level":10,"Time Taken to Run the Code(Mins)":3.097217071056366}