{"_step":12,"_timestamp":1.7574325494668255e+09,"Accuracy":37.98,"chance_level":10,"Timestep":10,"Time Taken to Run the Code(Mins)":0.3365643342336019,"_wandb":{"runtime":19},"_runtime":19}