{"_runtime":18,"_step":12,"_timestamp":1.7574447140857708e+09,"Timestep":10,"Accuracy":36.82,"chance_level":10,"Time Taken to Run the Code(Mins)":0.33135753075281776,"_wandb":{"runtime":18}}