{"chance_level":10,"_wandb":{"runtime":19},"_runtime":19,"_timestamp":1.7611500157696939e+09,"_step":11,"Timestep":10,"Accuracy":55.00510579697322}