{"Accuracy":37.5,"Time Taken to Run the Code(Mins)":0.33684955835342406,"_wandb":{"runtime":18},"_runtime":18,"_timestamp":1.7574251581727114e+09,"_step":12,"chance_level":10,"Timestep":10}