{"Time Taken to Run the Code(Mins)":8.223798402150472,"_wandb":{"runtime":492},"_runtime":492,"_timestamp":1.7581940388376176e+09,"_step":12,"Timestep":10,"Accuracy":33.92,"chance_level":10}