{"_runtime":634,"_timestamp":1.7579403483462718e+09,"_step":12,"Accuracy":36.61,"chance_level":10,"Timestep":10,"Time Taken to Run the Code(Mins)":10.597429390748342,"_wandb":{"runtime":634}}