{"_runtime":180,"_timestamp":1.757089694585601e+09,"_step":12,"Timestep":10,"Accuracy":31.68,"chance_level":10,"Time Taken to Run the Code(Mins)":3.025374674797058,"_wandb":{"runtime":180}}