{"_runtime":18,"_step":12,"_timestamp":1.7574404817732265e+09,"Timestep":10,"Accuracy":36.55,"chance_level":10,"Time Taken to Run the Code(Mins)":0.32509315411249795,"_wandb":{"runtime":18}}