{"_runtime":558,"_timestamp":1.757931740871754e+09,"_step":12,"Timestep":10,"Accuracy":37.87,"chance_level":10,"Time Taken to Run the Code(Mins)":9.334707041581472,"_wandb":{"runtime":558}}