{"Timestep":10,"Time Taken to Run the Code(Mins)":0.3313825011253357,"_wandb":{"runtime":18},"_runtime":18,"_step":12,"_timestamp":1.7574302637119703e+09,"Accuracy":36.69,"chance_level":10}