{"Accuracy":32.64,"chance_level":10,"Time Taken to Run the Code(Mins)":4.868067137400309,"_wandb":{"runtime":291},"_runtime":291,"_timestamp":1.7570839365888317e+09,"_step":12,"Timestep":10}