{"Accuracy":29.9,"chance_level":10,"Time Taken to Run the Code(Mins)":7.870282693703969,"_wandb":{"runtime":470},"_runtime":470,"_timestamp":1.758211147789542e+09,"_step":12,"Timestep":10}