{"_runtime":478,"_step":12,"_timestamp":1.7579576093502402e+09,"Timestep":10,"Accuracy":38.09,"chance_level":10,"Time Taken to Run the Code(Mins)":7.994397040208181,"_wandb":{"runtime":478}}