{"_runtime":448,"_timestamp":1.758195024889343e+09,"_step":12,"Timestep":10,"Accuracy":31.63,"chance_level":10,"Time Taken to Run the Code(Mins)":7.503343045711517,"_wandb":{"runtime":448}}