{"_runtime":15.370452742,"_step":11,"Time Taken to Run the Code(Mins)":0.26017876466115314,"_wandb":{"runtime":15},"Timestep":10,"Accuracy":69.69,"_timestamp":1.7513739726947203e+09}