{"_runtime":18,"_timestamp":1.757437484625635e+09,"_step":12,"Timestep":10,"Accuracy":38.26,"chance_level":10,"Time Taken to Run the Code(Mins)":0.32182392676671345,"_wandb":{"runtime":18}}