{"Time Taken to Run the Code(Mins)":0.3260904749234517,"_wandb":{"runtime":18},"_runtime":18,"_timestamp":1.7574309162434394e+09,"_step":12,"Timestep":10,"Accuracy":36.28,"chance_level":10}