{"Timestep":10,"Accuracy":34.26,"chance_level":10,"Time Taken to Run the Code(Mins)":9.60393855969111,"_wandb":{"runtime":574},"_runtime":574,"_timestamp":1.7582079081168883e+09,"_step":12}