{"Accuracy":37.15,"chance_level":10,"Time Taken to Run the Code(Mins)":0.32863924105962117,"_wandb":{"runtime":18},"_runtime":18,"_timestamp":1.7574391754414766e+09,"_step":12,"Timestep":10}