{"_step":12,"Timestep":10,"Accuracy":30.31,"chance_level":10,"Time Taken to Run the Code(Mins)":7.56856986284256,"_wandb":{"runtime":452},"_runtime":452,"_timestamp":1.758216519700191e+09}