{"_timestamp":1.7574241809216774e+09,"_step":12,"Timestep":10,"Accuracy":37.79,"chance_level":10,"Time Taken to Run the Code(Mins)":0.3288049300511678,"_wandb":{"runtime":18},"_runtime":18}