{"_runtime":15.986903019,"Accuracy":58.03,"_wandb":{"runtime":15},"MediaLogs/gauss_0.0":{"_type":"image-file","sha256":"1351f578828d886452347dc6a8a5d01cff2cec649d66f35cdd7f696cc437603a","size":18482,"path":"media/images/MediaLogs/gauss_0.0_0_1351f578828d88645234.png","format":"png","width":138,"height":70,"caption":"Noisy Images: gauss 0.0"},"Time Taken to Run the Code(Mins)":0.27152652740478517,"_step":12,"Timestep":10,"chance_level":10,"_timestamp":1.7516478613644822e+09}