{"Accuracy":30.38,"chance_level":10,"Time Taken to Run the Code(Mins)":9.181990762551626,"_wandb":{"runtime":549},"_runtime":549,"_timestamp":1.7582101775374117e+09,"_step":12,"Timestep":10}