{"_runtime":18,"_timestamp":1.7574205466537762e+09,"_step":12,"chance_level":10,"Timestep":10,"Accuracy":38.41,"Time Taken to Run the Code(Mins)":0.3319782098134359,"_wandb":{"runtime":18}}