{"_runtime":403,"_step":12,"_timestamp":1.758192064549009e+09,"Timestep":10,"Accuracy":33.87,"chance_level":10,"Time Taken to Run the Code(Mins)":6.751060966650645,"_wandb":{"runtime":403}}