{"_step":12,"Timestep":10,"Accuracy":36.36,"chance_level":10,"Time Taken to Run the Code(Mins)":0.8670192996660868,"_wandb":{"runtime":18},"_runtime":18,"_timestamp":1.7574397748624606e+09}