{"_runtime":434,"_timestamp":1.7581949869431136e+09,"_step":12,"chance_level":10,"Timestep":10,"Accuracy":32.59,"Time Taken to Run the Code(Mins)":7.263914899031321,"_wandb":{"runtime":434}}