{"Accuracy":31.97,"chance_level":10,"Time Taken to Run the Code(Mins)":4.7675221482912695,"_wandb":{"runtime":284},"_runtime":284,"_timestamp":1.7570881525999668e+09,"_step":12,"Timestep":10}