{"_timestamp":1.7574404552500699e+09,"_step":12,"Timestep":10,"Accuracy":36.54,"chance_level":10,"Time Taken to Run the Code(Mins)":0.3218576947848002,"_wandb":{"runtime":18},"_runtime":18}