{"_wandb":{"runtime":585},"_runtime":585,"_timestamp":1.757929903775495e+09,"_step":12,"Timestep":10,"Accuracy":38.13,"chance_level":10,"Time Taken to Run the Code(Mins)":9.781235460440318}