{"_runtime":18,"_step":12,"_timestamp":1.75742482380047e+09,"Timestep":10,"Accuracy":37.51,"chance_level":10,"Time Taken to Run the Code(Mins)":0.32903435627619426,"_wandb":{"runtime":18}}