{"_step":11,"Timestep":10,"Time Taken to Run the Code(Mins)":0.2621889591217041,"_wandb":{"runtime":15},"Accuracy":58.22,"_timestamp":1.7513831857234867e+09,"_runtime":15.490544095}