{"Time Taken to Run the Code(Mins)":5.215428165594736,"_wandb":{"runtime":311},"_runtime":311,"_timestamp":1.7570867466687925e+09,"_step":12,"Timestep":10,"Accuracy":31.32,"chance_level":10}