{"chance_level":10,"_wandb":{"runtime":16},"Accuracy":67.06,"MediaLogs/gauss_0.02":{"size":18675,"path":"media/images/MediaLogs/gauss_0.02_0_5e20f382c4cf0c521504.png","format":"png","width":138,"height":70,"caption":"Noisy Images: gauss 0.02","_type":"image-file","sha256":"5e20f382c4cf0c521504d5dacaefd9b6ba260472feb927e28d65237353ec6f3f"},"_step":12,"_timestamp":1.751530529417998e+09,"Time Taken to Run the Code(Mins)":0.27235569556554157,"_runtime":16.035527052,"Timestep":10}