{"chance_level":10,"Time Taken to Run the Code(Mins)":0.32773698965708414,"_wandb":{"runtime":18},"_runtime":18,"_timestamp":1.7574300720542672e+09,"_step":12,"Timestep":10,"Accuracy":36.69}