{"Timestep":10,"Accuracy":34.03,"Time Taken to Run the Code(Mins)":7.440322124958039,"_wandb":{"runtime":444},"_runtime":444,"_timestamp":1.7582200371470237e+09,"_step":12,"chance_level":10}