{"Timestep":10,"Time Taken to Run the Code(Mins)":4.822135130564372,"_wandb":{"runtime":288},"_runtime":288,"_timestamp":1.7570863528766584e+09,"_step":12,"Accuracy":32.01,"chance_level":10}