{"Timestep":10,"Accuracy":38.18,"chance_level":10,"Time Taken to Run the Code(Mins)":8.70640170176824,"_wandb":{"runtime":520},"_runtime":520,"_timestamp":1.7579444947132666e+09,"_step":12}