{"_wandb":{"runtime":514},"_runtime":514,"_timestamp":1.7581884889279351e+09,"_step":12,"Timestep":10,"Accuracy":35.82,"chance_level":10,"Time Taken to Run the Code(Mins)":8.61869418223699}