{"Accuracy":33.85,"Time Taken to Run the Code(Mins)":7.438628085454305,"_wandb":{"runtime":444},"_runtime":444,"_step":12,"_timestamp":1.7581920857604818e+09,"chance_level":10,"Timestep":10}