{"_step":12,"chance_level":10,"Timestep":10,"Accuracy":38.23,"Time Taken to Run the Code(Mins)":0.32867643038431804,"_wandb":{"runtime":18},"_runtime":18,"_timestamp":1.757432277638108e+09}