{"_runtime":18,"_timestamp":1.757440589106327e+09,"_step":12,"Timestep":10,"Accuracy":36.62,"chance_level":10,"Time Taken to Run the Code(Mins)":0.3186186234156291,"_wandb":{"runtime":18}}