{"Timestep":10,"Accuracy":32.48,"Time Taken to Run the Code(Mins)":4.372086175282797,"_wandb":{"runtime":261},"_runtime":261,"_timestamp":1.7570877374081216e+09,"_step":12,"chance_level":10}