{"_wandb":{"runtime":16},"_step":12,"Timestep":10,"Accuracy":59.23,"_runtime":16.116835431,"Time Taken to Run the Code(Mins)":0.2736130674680074,"chance_level":10,"MediaLogs/gauss_0.02":{"sha256":"5e20f382c4cf0c521504d5dacaefd9b6ba260472feb927e28d65237353ec6f3f","size":18675,"path":"media/images/MediaLogs/gauss_0.02_0_5e20f382c4cf0c521504.png","format":"png","width":138,"height":70,"caption":"Noisy Images: gauss 0.02","_type":"image-file"},"_timestamp":1.7514715938806736e+09}