{"Time Taken to Run the Code(Mins)":4.8452943166097,"_wandb":{"runtime":289},"_runtime":289,"_step":12,"_timestamp":1.757085038690817e+09,"Timestep":10,"Accuracy":32.09,"chance_level":10}