{"_wandb":{"runtime":281},"_runtime":281,"_timestamp":1.7570781865679152e+09,"_step":12,"chance_level":10,"Timestep":10,"Accuracy":33.07,"Time Taken to Run the Code(Mins)":4.713729723294576}