{"Timestep":10,"_timestamp":1.751965327162407e+09,"chance_level":10,"MediaLogs/gauss_0.6":{"format":"png","width":138,"height":70,"caption":"Noisy Images: gauss 0.6","_type":"image-file","sha256":"71e7e49c617876a92187f5f8ac37579a945a9374c00d35e39fc54ca17076c745","size":21734,"path":"media/images/MediaLogs/gauss_0.6_0_71e7e49c617876a92187.png"},"Accuracy":40.49,"Time Taken to Run the Code(Mins)":0.273096231619517,"_step":12,"_wandb":{"runtime":16},"_runtime":16.064348804}