{"_step":12,"Timestep":10,"Accuracy":33.55,"chance_level":10,"Time Taken to Run the Code(Mins)":6.931336776415507,"_wandb":{"runtime":414},"_runtime":414,"_timestamp":1.7582150827496347e+09}