{"chance_level":10,"Time Taken to Run the Code(Mins)":4.330019617080689,"_wandb":{"runtime":258},"_runtime":258,"_timestamp":1.7570900049419925e+09,"_step":12,"Timestep":10,"Accuracy":30.92}