{"Time Taken to Run the Code(Mins)":0.33470077912012736,"_wandb":{"runtime":19},"_runtime":19,"_timestamp":1.7574459343030603e+09,"_step":12,"Timestep":10,"Accuracy":36.21,"chance_level":10}