{"Accuracy":38.18,"chance_level":10,"Timestep":10,"Time Taken to Run the Code(Mins)":9.09818068742752,"_wandb":{"runtime":544},"_runtime":544,"_timestamp":1.757949586595752e+09,"_step":12}