{"chance_level":10,"Time Taken to Run the Code(Mins)":8.47865020831426,"_wandb":{"runtime":507},"_runtime":507,"_timestamp":1.7582131655743856e+09,"_step":12,"Timestep":10,"Accuracy":37.6}