{"_step":12,"_timestamp":1.75794157251011e+09,"Accuracy":36.99,"chance_level":10,"Timestep":10,"Time Taken to Run the Code(Mins)":10.20151528120041,"_wandb":{"runtime":609},"_runtime":609}