{"_runtime":16.112572784,"Timestep":10,"_wandb":{"runtime":16},"Accuracy":49.76,"_step":12,"chance_level":10,"Time Taken to Run the Code(Mins)":0.27358839511871336,"MediaLogs/gauss_0.0":{"width":138,"height":70,"caption":"Noisy Images: gauss 0.0","_type":"image-file","sha256":"1351f578828d886452347dc6a8a5d01cff2cec649d66f35cdd7f696cc437603a","size":18482,"path":"media/images/MediaLogs/gauss_0.0_0_1351f578828d88645234.png","format":"png"},"_timestamp":1.7519644876652837e+09}