{"_timestamp":1.758204681308726e+09,"_step":12,"Timestep":10,"Accuracy":30.08,"chance_level":10,"Time Taken to Run the Code(Mins)":16.3055561542511,"_wandb":{"runtime":976},"_runtime":976}