{"Accuracy":37.41,"chance_level":10,"Timestep":10,"Time Taken to Run the Code(Mins)":0.34156383673350016,"_wandb":{"runtime":19},"_runtime":19,"_timestamp":1.7574334178545e+09,"_step":12}