{"_step":12,"chance_level":10,"Timestep":10,"Accuracy":38.04,"Time Taken to Run the Code(Mins)":0.33472270965576173,"_wandb":{"runtime":19},"_runtime":19,"_timestamp":1.7574171976179376e+09}