{"_timestamp":1.7581898513494525e+09,"_step":12,"Timestep":10,"Accuracy":34.23,"chance_level":10,"Time Taken to Run the Code(Mins)":7.5663103858629865,"_wandb":{"runtime":452},"_runtime":452}