{"_timestamp":1.757432603862301e+09,"_step":12,"Accuracy":38.01,"chance_level":10,"Timestep":10,"Time Taken to Run the Code(Mins)":0.3418444633483887,"_wandb":{"runtime":19},"_runtime":19}