{"Timestep":10,"Time Taken to Run the Code(Mins)":0.3240801215171814,"_wandb":{"runtime":18},"_runtime":18,"_timestamp":1.7574402407332869e+09,"_step":12,"Accuracy":36.46,"chance_level":10}