{"Time Taken to Run the Code(Mins)":9.05329422156016,"_wandb":{"runtime":541},"_runtime":541,"_timestamp":1.7579373766319702e+09,"_step":12,"Timestep":10,"Accuracy":38.11,"chance_level":10}