{"Time Taken to Run the Code(Mins)":10.237597660223644,"_wandb":{"runtime":613},"_runtime":613,"_timestamp":1.7579231909883814e+09,"_step":12,"Timestep":10,"Accuracy":38.02,"chance_level":10}