{"_runtime":15.616416061,"_step":11,"Time Taken to Run the Code(Mins)":0.2642347812652588,"_wandb":{"runtime":15},"Timestep":10,"Accuracy":69.21,"_timestamp":1.7513769847213163e+09}