{"Timestep":10,"Time Taken to Run the Code(Mins)":0.3428085366884867,"_wandb":{"runtime":19},"_runtime":19,"_timestamp":1.7574179050395167e+09,"_step":12,"Accuracy":38.39,"chance_level":10}