{"_timestamp":1.7574388812673156e+09,"_step":12,"Timestep":10,"Accuracy":37.74,"chance_level":10,"Time Taken to Run the Code(Mins)":0.3306937615076701,"_wandb":{"runtime":18},"_runtime":18}