{"_step":12,"_timestamp":1.7570851403308613e+09,"Timestep":10,"Accuracy":32.12,"chance_level":10,"Time Taken to Run the Code(Mins)":5.2281957825024925,"_wandb":{"runtime":312},"_runtime":312}