{"Accuracy":33.91,"chance_level":10,"Time Taken to Run the Code(Mins)":8.165822076797486,"_wandb":{"runtime":488},"_runtime":488,"_timestamp":1.7581940268444972e+09,"_step":12,"Timestep":10}