{"Accuracy":15.14,"_wandb":{"runtime":16},"_step":12,"MediaLogs/s&p_0.4":{"format":"png","width":138,"height":70,"caption":"Noisy Images: s&p 0.4","_type":"image-file","sha256":"9c04c5b3bdb267bc4705db6d0e1134ee42345c887749caece81c4aff8a090c3d","size":21658,"path":"media/images/MediaLogs/s&p_0.4_0_9c04c5b3bdb267bc4705.png"},"_runtime":16.041675113,"Timestep":10,"chance_level":10,"_timestamp":1.7515341586755092e+09,"Time Taken to Run the Code(Mins)":0.27244594097137453}