{"_timestamp":1.7611482392269373e+09,"_step":101,"Timestep":100,"Accuracy":56.87324624612927,"chance_level":10,"_wandb":{"runtime":117},"_runtime":117}