{"Time Taken to Run the Code(Mins)":10.38121204773585,"_wandb":{"runtime":620},"_runtime":620,"_timestamp":1.7579312469091113e+09,"_step":12,"Timestep":10,"Accuracy":37.74,"chance_level":10}