{"Time Taken to Run the Code(Mins)":10.169059908390045,"_wandb":{"runtime":608},"_runtime":608,"_timestamp":1.7579319289866645e+09,"_step":12,"Timestep":10,"Accuracy":37.87,"chance_level":10}