{"_runtime":881,"_timestamp":1.758203162679172e+09,"_step":12,"Timestep":10,"Accuracy":30.77,"chance_level":10,"Time Taken to Run the Code(Mins)":14.739173984527588,"_wandb":{"runtime":881}}