{"Time Taken to Run the Code(Mins)":0.2739885330200195,"MediaLogs/gauss_0.2":{"sha256":"45f4dc678aa706151bebfea1540f5a37a816d74589f6ccf6fdeedb9f2f08c515","size":20156,"path":"media/images/MediaLogs/gauss_0.2_0_45f4dc678aa706151beb.png","format":"png","width":138,"height":70,"caption":"Noisy Images: gauss 0.2","_type":"image-file"},"_wandb":{"runtime":16},"Timestep":10,"_timestamp":1.7516433571780534e+09,"Accuracy":50.81,"_runtime":16.134983625,"chance_level":10,"_step":12}