{"_wandb":{"runtime":18},"_runtime":18,"_timestamp":1.757439633716255e+09,"_step":12,"Timestep":10,"Accuracy":37.19,"chance_level":10,"Time Taken to Run the Code(Mins)":0.32828261454900104}