{"Accuracy":36.44,"chance_level":10,"Time Taken to Run the Code(Mins)":6.482690497239431,"_wandb":{"runtime":387},"_runtime":387,"_timestamp":1.7581929094347734e+09,"_step":12,"Timestep":10}