{"_runtime":506,"_timestamp":1.7582102125739365e+09,"_step":12,"Timestep":10,"Accuracy":30.59,"chance_level":10,"Time Taken to Run the Code(Mins)":8.45897034406662,"_wandb":{"runtime":506}}