{"_timestamp":1.7579378822699711e+09,"_step":12,"Timestep":10,"Accuracy":37.3,"chance_level":10,"Time Taken to Run the Code(Mins)":9.027111542224883,"_wandb":{"runtime":539},"_runtime":539}