{"Timestep":10,"Accuracy":36.49,"chance_level":10,"Time Taken to Run the Code(Mins)":7.295423158009847,"_wandb":{"runtime":435},"_runtime":435,"_step":12,"_timestamp":1.7581980865061667e+09}