{"_step":12,"Timestep":10,"Accuracy":36.27,"chance_level":10,"Time Taken to Run the Code(Mins)":10.66322721640269,"_wandb":{"runtime":638},"_runtime":638,"_timestamp":1.7579416225053496e+09}