{"_timestamp":1.7579305325155606e+09,"_step":12,"Timestep":10,"Accuracy":38.12,"chance_level":10,"Time Taken to Run the Code(Mins)":9.148270293076832,"_wandb":{"runtime":547},"_runtime":547}