{"Time Taken to Run the Code(Mins)":0.33581564426422117,"_wandb":{"runtime":19},"_runtime":19,"_timestamp":1.7574288557792227e+09,"_step":12,"chance_level":10,"Timestep":10,"Accuracy":37.37}