{"_timestamp":1.751546446110967e+09,"Time Taken to Run the Code(Mins)":0.26629215478897095,"_wandb":{"runtime":15},"chance_level":10,"Accuracy":13.15,"_step":12,"Timestep":10,"MediaLogs/s&p_0.4":{"size":21658,"path":"media/images/MediaLogs/s&p_0.4_0_9c04c5b3bdb267bc4705.png","format":"png","width":138,"height":70,"caption":"Noisy Images: s&p 0.4","_type":"image-file","sha256":"9c04c5b3bdb267bc4705db6d0e1134ee42345c887749caece81c4aff8a090c3d"},"_runtime":15.709630143}