{"Accuracy":38.34,"chance_level":10,"Timestep":10,"Time Taken to Run the Code(Mins)":0.33390058279037477,"_wandb":{"runtime":18},"_runtime":18,"_timestamp":1.7574209291972759e+09,"_step":12}