{"chance_level":10,"Time Taken to Run the Code(Mins)":8.281847480932871,"_wandb":{"runtime":495},"_runtime":495,"_step":12,"_timestamp":1.7581930695900118e+09,"Timestep":10,"Accuracy":36.55}