{"_runtime":19,"_timestamp":1.7574216049610066e+09,"_step":12,"Accuracy":38.39,"chance_level":10,"Timestep":10,"Time Taken to Run the Code(Mins)":0.34167598088582357,"_wandb":{"runtime":19}}