{"_timestamp":1.7579535549815655e+09,"Timestep":10,"Accuracy":36.83,"chance_level":10,"Time Taken to Run the Code(Mins)":8.730758810043335,"_wandb":{"runtime":522},"_runtime":522,"_step":12}