{"_step":12,"Accuracy":68.49,"_wandb":{"runtime":16},"_timestamp":1.7516438860777786e+09,"chance_level":10,"_runtime":16.01844262,"Timestep":10,"MediaLogs/s&p_0.0":{"size":18482,"path":"media/images/MediaLogs/s&p_0.0_0_1351f578828d88645234.png","format":"png","width":138,"height":70,"caption":"Noisy Images: s&p 0.0","_type":"image-file","sha256":"1351f578828d886452347dc6a8a5d01cff2cec649d66f35cdd7f696cc437603a"},"Time Taken to Run the Code(Mins)":0.27200969457626345}