{"_step":12,"Accuracy":36.39,"chance_level":10,"Timestep":10,"Time Taken to Run the Code(Mins)":8.617594357331594,"_wandb":{"runtime":515},"_runtime":515,"_timestamp":1.7579471282100928e+09}