{"chance_level":10,"Time Taken to Run the Code(Mins)":7.313063971201578,"_wandb":{"runtime":437},"_runtime":437,"_step":12,"_timestamp":1.7582212066622646e+09,"Timestep":10,"Accuracy":32.43}