{"_timestamp":1.7579471622600574e+09,"_step":12,"Timestep":10,"Accuracy":36.38,"chance_level":10,"Time Taken to Run the Code(Mins)":8.91975224018097,"_wandb":{"runtime":533},"_runtime":533}