{"Time Taken to Run the Code(Mins)":0.2616964062054952,"_wandb":{"runtime":15},"Timestep":10,"Accuracy":68.53,"_timestamp":1.7513773116421854e+09,"_runtime":15.459789029,"_step":11}