{"_runtime":15.978752087,"chance_level":10,"Timestep":10,"_timestamp":1.751641464317401e+09,"Time Taken to Run the Code(Mins)":0.27133443355560305,"_wandb":{"runtime":15},"_step":12,"MediaLogs/gauss_0.6000000000000001":{"size":21734,"path":"media/images/MediaLogs/gauss_0.6000000000000001_0_71e7e49c617876a92187.png","format":"png","width":138,"height":70,"caption":"Noisy Images: gauss 0.6000000000000001","_type":"image-file","sha256":"71e7e49c617876a92187f5f8ac37579a945a9374c00d35e39fc54ca17076c745"},"Accuracy":42.4}