{"_runtime":735,"_timestamp":1.7579292913861606e+09,"_step":12,"Timestep":10,"Accuracy":38.34,"chance_level":10,"Time Taken to Run the Code(Mins)":12.281740470727284,"_wandb":{"runtime":735}}