{"Time Taken to Run the Code(Mins)":7.143344656626383,"_wandb":{"runtime":427},"_runtime":427,"_step":12,"_timestamp":1.7581939060281045e+09,"Timestep":10,"Accuracy":33.92,"chance_level":10}