{"Timestep":10,"Accuracy":38.47,"chance_level":10,"Time Taken to Run the Code(Mins)":6.960419464111328,"_wandb":{"runtime":416},"_runtime":416,"_timestamp":1.7579559625795696e+09,"_step":12}