{"_wandb":{"runtime":237},"_runtime":237,"_timestamp":1.757090845830747e+09,"_step":12,"Timestep":10,"Accuracy":32.39,"chance_level":10,"Time Taken to Run the Code(Mins)":3.9752089738845826}