{"_timestamp":1.7574438909843075e+09,"_step":12,"Timestep":10,"Accuracy":37.2,"chance_level":10,"Time Taken to Run the Code(Mins)":0.34253043731053673,"_wandb":{"runtime":19},"_runtime":19}