{"_wandb":{"runtime":397},"_runtime":397,"_timestamp":1.7581906466864305e+09,"_step":12,"Timestep":10,"Accuracy":34.01,"chance_level":10,"Time Taken to Run the Code(Mins)":6.648643199602763}