{"Timestep":10,"Accuracy":30,"chance_level":10,"Time Taken to Run the Code(Mins)":7.597854626178742,"_wandb":{"runtime":454},"_runtime":454,"_step":12,"_timestamp":1.7582116108941915e+09}