{"_timestamp":1.7579226920758846e+09,"Timestep":10,"Accuracy":38.01,"chance_level":10,"Time Taken to Run the Code(Mins)":5.343215334415436,"_wandb":{"runtime":319},"_runtime":319,"_step":12}