{"Time Taken to Run the Code(Mins)":0.26997232834498086,"MediaLogs/s&p_0.0":{"caption":"Noisy Images: s&p 0.0","_type":"image-file","sha256":"1351f578828d886452347dc6a8a5d01cff2cec649d66f35cdd7f696cc437603a","size":18482,"path":"media/images/MediaLogs/s&p_0.0_0_1351f578828d88645234.png","format":"png","width":138,"height":70},"_timestamp":1.7525861821712697e+09,"Accuracy":68.71,"chance_level":10,"_step":12,"_wandb":{"runtime":15},"_runtime":15.896533236,"Timestep":10}