{"_runtime":19,"_timestamp":1.7574396609899256e+09,"_step":12,"Accuracy":37.2,"chance_level":10,"Timestep":10,"Time Taken to Run the Code(Mins)":0.33610957066218056,"_wandb":{"runtime":19}}