{"_step":12,"_timestamp":1.7579518932287133e+09,"Timestep":10,"Accuracy":37.83,"chance_level":10,"Time Taken to Run the Code(Mins)":10.738117492198944,"_wandb":{"runtime":641},"_runtime":641}