{"Timestep":10,"Time Taken to Run the Code(Mins)":8.174490237236023,"_wandb":{"runtime":488},"_runtime":488,"_timestamp":1.7579464549249015e+09,"_step":12,"Accuracy":37.15,"chance_level":10}