{"_step":12,"Timestep":10,"Accuracy":37.21,"chance_level":10,"Time Taken to Run the Code(Mins)":8.31434276898702,"_wandb":{"runtime":497},"_runtime":497,"_timestamp":1.7582074752549803e+09}