{"_wandb":{"runtime":548},"_runtime":548,"_timestamp":1.7579495503028436e+09,"_step":12,"Timestep":10,"Accuracy":38.22,"chance_level":10,"Time Taken to Run the Code(Mins)":9.171871189276377}