{"_timestamp":1.7581873462396197e+09,"_step":12,"chance_level":10,"Timestep":10,"Accuracy":37.24,"Time Taken to Run the Code(Mins)":8.892629512151082,"_wandb":{"runtime":531},"_runtime":531}