{"Timestep":10,"Accuracy":38.36,"chance_level":10,"Time Taken to Run the Code(Mins)":0.33803967634836835,"_wandb":{"runtime":19},"_runtime":19,"_step":12,"_timestamp":1.7574221237551608e+09}