{"Timestep":10,"Accuracy":38.31,"chance_level":10,"Time Taken to Run the Code(Mins)":10.502065730094909,"_wandb":{"runtime":627},"_runtime":627,"_step":12,"_timestamp":1.757943126754275e+09}