{"Timestep":10,"_step":12,"chance_level":10,"MediaLogs/s&p_0.02":{"width":138,"height":70,"caption":"Noisy Images: s&p 0.02","_type":"image-file","sha256":"6d9678668fc378e1951bb630f4f538672833bbd927b8b3128ea48471d230098d","size":19693,"path":"media/images/MediaLogs/s&p_0.02_0_6d9678668fc378e1951b.png","format":"png"},"Accuracy":54.39,"_timestamp":1.751650764042514e+09,"_wandb":{"runtime":15},"Time Taken to Run the Code(Mins)":0.26998337109883624,"_runtime":15.896057231}