{"Time Taken to Run the Code(Mins)":8.52806034485499,"_wandb":{"runtime":510},"_runtime":510,"_timestamp":1.7581884901433547e+09,"_step":12,"Timestep":10,"Accuracy":35.85,"chance_level":10}