{"Time Taken to Run the Code(Mins)":0.28681016763051354,"MediaLogs/s&p_0.02":{"sha256":"6d9678668fc378e1951bb630f4f538672833bbd927b8b3128ea48471d230098d","size":19693,"path":"media/images/MediaLogs/s&p_0.02_0_6d9678668fc378e1951b.png","format":"png","width":138,"height":70,"caption":"Noisy Images: s&p 0.02","_type":"image-file"},"Accuracy":54.39,"_wandb":{"runtime":16},"_timestamp":1.7519693641366742e+09,"_runtime":16.909276391,"Timestep":10,"_step":12,"chance_level":10}