{"_step":12,"Timestep":10,"Accuracy":37.34,"chance_level":10,"Time Taken to Run the Code(Mins)":0.3324854612350464,"_wandb":{"runtime":18},"_runtime":18,"_timestamp":1.7574287468842404e+09}