{"Time Taken to Run the Code(Mins)":14.239635916550954,"_wandb":{"runtime":851},"_runtime":851,"_timestamp":1.7582031693958554e+09,"_step":12,"Timestep":10,"Accuracy":30.77,"chance_level":10}