{"_wandb":{"runtime":15},"Accuracy":40.93,"chance_level":10,"_timestamp":1.7515517682770846e+09,"_runtime":15.728474988,"Timestep":10,"MediaLogs/s&p_0.0":{"_type":"image-file","sha256":"1351f578828d886452347dc6a8a5d01cff2cec649d66f35cdd7f696cc437603a","size":18482,"path":"media/images/MediaLogs/s&p_0.0_0_1351f578828d88645234.png","format":"png","width":138,"height":70,"caption":"Noisy Images: s&p 0.0"},"_step":12,"Time Taken to Run the Code(Mins)":0.26666297515233356}