{"Accuracy":60.48,"Time Taken to Run the Code(Mins)":0.2761569897333781,"Timestep":10,"_wandb":{"runtime":16},"_runtime":16.267318295,"MediaLogs/gauss_0.02":{"_type":"image-file","sha256":"5e20f382c4cf0c521504d5dacaefd9b6ba260472feb927e28d65237353ec6f3f","size":18675,"path":"media/images/MediaLogs/gauss_0.02_0_5e20f382c4cf0c521504.png","format":"png","width":138,"height":70,"caption":"Noisy Images: gauss 0.02"},"_timestamp":1.751468887369614e+09,"chance_level":10,"_step":12}