{"_wandb":{"runtime":373},"_runtime":373,"_timestamp":1.758211210890809e+09,"_step":12,"Timestep":10,"Accuracy":29.95,"chance_level":10,"Time Taken to Run the Code(Mins)":6.265662395954132}