{"Timestep":10,"Accuracy":38.31,"chance_level":10,"Time Taken to Run the Code(Mins)":8.171076293786367,"_wandb":{"runtime":488},"_runtime":488,"_step":12,"_timestamp":1.757943314716069e+09}