{"_wandb":{"runtime":416},"_runtime":416,"_timestamp":1.758195475507e+09,"_step":12,"Timestep":10,"Accuracy":31.73,"chance_level":10,"Time Taken to Run the Code(Mins)":6.968806000550588}