{"Accuracy":33.86,"chance_level":10,"Time Taken to Run the Code(Mins)":7.892379661401113,"_wandb":{"runtime":472},"_runtime":472,"_timestamp":1.758199606578387e+09,"_step":12,"Timestep":10}