{"Accuracy":32.48,"chance_level":10,"Time Taken to Run the Code(Mins)":5.29080890417099,"_wandb":{"runtime":316},"_runtime":316,"_timestamp":1.7570845556101375e+09,"_step":12,"Timestep":10}