{"Timestep":10,"Time Taken to Run the Code(Mins)":0.33528509934743245,"_wandb":{"runtime":18},"_runtime":18,"_timestamp":1.7574230829157553e+09,"_step":12,"Accuracy":38.14,"chance_level":10}