{"_timestamp":1.761149424884994e+09,"_step":11,"Timestep":10,"Accuracy":51.948507164008916,"chance_level":10,"_wandb":{"runtime":20},"_runtime":20}