{"_wandb":{"runtime":15},"Timestep":10,"Accuracy":59.73,"_timestamp":1.7513831624941292e+09,"_runtime":15.425241865,"_step":11,"Time Taken to Run the Code(Mins)":0.26106220881144204}