{"_runtime":494,"_timestamp":1.75792405620391e+09,"_step":12,"Timestep":10,"Accuracy":38.37,"chance_level":10,"Time Taken to Run the Code(Mins)":8.270733869075775,"_wandb":{"runtime":494}}