{"_runtime":396,"_step":12,"_timestamp":1.758222504473445e+09,"Timestep":10,"Accuracy":30,"chance_level":10,"Time Taken to Run the Code(Mins)":6.627024825414022,"_wandb":{"runtime":396}}