{"_step":12,"Timestep":10,"Accuracy":38.01,"chance_level":10,"Time Taken to Run the Code(Mins)":10.82877346277237,"_wandb":{"runtime":648},"_runtime":648,"_timestamp":1.7579232281150935e+09}