{"_timestamp":1.7579562586775222e+09,"_step":12,"Timestep":10,"Accuracy":38.51,"chance_level":10,"Time Taken to Run the Code(Mins)":7.61361848115921,"_wandb":{"runtime":455},"_runtime":455}