{"_wandb":{"runtime":18},"_runtime":18,"_step":12,"_timestamp":1.7574244027603984e+09,"Timestep":10,"Accuracy":37.53,"chance_level":10,"Time Taken to Run the Code(Mins)":0.3348629633585612}