{"Accuracy":38.27,"chance_level":10,"Timestep":10,"Time Taken to Run the Code(Mins)":0.32514875729878745,"_wandb":{"runtime":18},"_runtime":18,"_timestamp":1.7574375403427205e+09,"_step":12}