{"_wandb":{"runtime":308},"_runtime":308,"_step":12,"_timestamp":1.75708671952722e+09,"chance_level":10,"Timestep":10,"Accuracy":31.67,"Time Taken to Run the Code(Mins)":5.170612462361654}