{"chance_level":10,"Time Taken to Run the Code(Mins)":8.948600161075593,"_wandb":{"runtime":535},"_runtime":535,"_timestamp":1.7579496269245627e+09,"_step":12,"Timestep":10,"Accuracy":38.14}