{"_wandb":{"runtime":408},"_runtime":408,"_timestamp":1.7582148577808313e+09,"_step":12,"Timestep":10,"Accuracy":33.35,"chance_level":10,"Time Taken to Run the Code(Mins)":6.8308905800183615}