{"_step":12,"_runtime":16.69617825,"_wandb":{"runtime":16},"chance_level":10,"Accuracy":51.87,"MediaLogs/s&p_0.02":{"size":19693,"path":"media/images/MediaLogs/s&p_0.02_0_6d9678668fc378e1951b.png","format":"png","width":138,"height":70,"caption":"Noisy Images: s&p 0.02","_type":"image-file","sha256":"6d9678668fc378e1951bb630f4f538672833bbd927b8b3128ea48471d230098d"},"Timestep":10,"Time Taken to Run the Code(Mins)":0.2833675225575765,"_timestamp":1.751637511381749e+09}