{"_step":12,"_timestamp":1.7574372966905005e+09,"Timestep":10,"Accuracy":38.28,"chance_level":10,"Time Taken to Run the Code(Mins)":0.3395284493764242,"_wandb":{"runtime":19},"_runtime":19}