{"_runtime":491,"_step":12,"_timestamp":1.7582094291497042e+09,"Timestep":10,"Accuracy":32.22,"chance_level":10,"Time Taken to Run the Code(Mins)":8.208515687783558,"_wandb":{"runtime":491}}