{"Time Taken to Run the Code(Mins)":0.329365074634552,"_wandb":{"runtime":18},"_runtime":18,"_timestamp":1.75741844511066e+09,"_step":12,"chance_level":10,"Timestep":10,"Accuracy":38.41}