{"chance_level":10,"Time Taken to Run the Code(Mins)":0.32906829118728637,"_wandb":{"runtime":18},"_runtime":18,"_timestamp":1.7574196182004147e+09,"_step":12,"Timestep":10,"Accuracy":38.33}