{"chance_level":10,"Time Taken to Run the Code(Mins)":9.16754051844279,"_wandb":{"runtime":548},"_runtime":548,"_step":12,"_timestamp":1.75793748781172e+09,"Timestep":10,"Accuracy":38.12}