{"_wandb":{"runtime":490},"_runtime":490,"_step":12,"_timestamp":1.7582121209476032e+09,"chance_level":10,"Timestep":10,"Accuracy":29.38,"Time Taken to Run the Code(Mins)":8.204591421286265}