{"_wandb":{"runtime":15},"_runtime":15.929881981,"_step":12,"chance_level":10,"Time Taken to Run the Code(Mins)":0.2705581704775492,"Accuracy":11.94,"Timestep":10,"MediaLogs/s&p_0.6000000000000001":{"height":70,"caption":"Noisy Images: s&p 0.6000000000000001","_type":"image-file","sha256":"698e315362b6ccbd9c79b1c2ac20021c439ba41b9c5e0e51e8c65c93082dd334","size":14570,"path":"media/images/MediaLogs/s&p_0.6000000000000001_0_698e315362b6ccbd9c79.png","format":"png","width":138},"_timestamp":1.7515310765965724e+09}