{"_runtime":563,"_timestamp":1.7579436913911397e+09,"_step":12,"Accuracy":38.25,"chance_level":10,"Timestep":10,"Time Taken to Run the Code(Mins)":9.415386807918548,"_wandb":{"runtime":563}}