{"_step":12,"Accuracy":38.36,"chance_level":10,"Timestep":10,"Time Taken to Run the Code(Mins)":8.426464227835337,"_wandb":{"runtime":504},"_runtime":504,"_timestamp":1.757926097846098e+09}