{"_step":12,"_timestamp":1.7574342305612698e+09,"Timestep":10,"Accuracy":37.04,"chance_level":10,"Time Taken to Run the Code(Mins)":0.3285645643870036,"_wandb":{"runtime":18},"_runtime":18}