{"Timestep":10,"_step":12,"_runtime":15.959611343,"Time Taken to Run the Code(Mins)":0.27106266021728515,"_wandb":{"runtime":15},"MediaLogs/gauss_0.0":{"path":"media/images/MediaLogs/gauss_0.0_0_1351f578828d88645234.png","format":"png","width":138,"height":70,"caption":"Noisy Images: gauss 0.0","_type":"image-file","sha256":"1351f578828d886452347dc6a8a5d01cff2cec649d66f35cdd7f696cc437603a","size":18482},"Accuracy":56.89,"_timestamp":1.751977330387159e+09,"chance_level":10}