{"chance_level":10,"Time Taken to Run the Code(Mins)":3.8954532583554586,"_wandb":{"runtime":232},"_runtime":232,"_step":12,"_timestamp":1.75708939012394e+09,"Timestep":10,"Accuracy":32.14}