{"Time Taken to Run the Code(Mins)":4.520648900667826,"_wandb":{"runtime":270},"_runtime":270,"_timestamp":1.7570878655250106e+09,"_step":12,"Timestep":10,"Accuracy":32.55,"chance_level":10}