{"_runtime":259,"_step":12,"_timestamp":1.757088827903584e+09,"Timestep":10,"Accuracy":31.01,"chance_level":10,"Time Taken to Run the Code(Mins)":4.343382215499878,"_wandb":{"runtime":259}}