{"Time Taken to Run the Code(Mins)":10.675043813387553,"_wandb":{"runtime":638},"_runtime":638,"_timestamp":1.7579423627050486e+09,"_step":12,"Timestep":10,"Accuracy":36.46,"chance_level":10}