{"Time Taken to Run the Code(Mins)":8.42848684390386,"_wandb":{"runtime":504},"_runtime":504,"_timestamp":1.7579437032472417e+09,"_step":12,"chance_level":10,"Timestep":10,"Accuracy":38.01}