{"_runtime":241,"_timestamp":1.757086421254699e+09,"_step":12,"Timestep":10,"Accuracy":32.02,"chance_level":10,"Time Taken to Run the Code(Mins)":4.03648841381073,"_wandb":{"runtime":241}}