{"Time Taken to Run the Code(Mins)":7.775283356507619,"_wandb":{"runtime":465},"_runtime":465,"_timestamp":1.7579560573557196e+09,"_step":12,"Timestep":10,"Accuracy":38.46,"chance_level":10}