{"Time Taken to Run the Code(Mins)":0.3205952485402425,"_wandb":{"runtime":18},"_runtime":18,"_step":12,"_timestamp":1.7574420457289448e+09,"Timestep":10,"Accuracy":38.21,"chance_level":10}