{"_wandb":{"runtime":234},"_runtime":234,"_step":12,"_timestamp":1.757088647592207e+09,"Timestep":10,"Accuracy":31.29,"chance_level":10,"Time Taken to Run the Code(Mins)":3.923081660270691}