{"_runtime":19,"_timestamp":1.7574463171748166e+09,"_step":12,"Timestep":10,"Accuracy":36.25,"chance_level":10,"Time Taken to Run the Code(Mins)":0.3364379684130351,"_wandb":{"runtime":19}}