{"_wandb":{"runtime":15},"_runtime":15.822950358,"MediaLogs/s&p_0.2":{"width":138,"height":70,"caption":"Noisy Images: s&p 0.2","_type":"image-file","sha256":"258790cc567a266b10ae4c3402110f4a77c2a2ad20e989f48a1132a7e187dd37","size":22652,"path":"media/images/MediaLogs/s&p_0.2_0_258790cc567a266b10ae.png","format":"png"},"_timestamp":1.7514710908201876e+09,"_step":12,"Accuracy":31.11,"Time Taken to Run the Code(Mins)":0.2687829852104187,"Timestep":10,"chance_level":10}