{"_runtime":19,"_timestamp":1.7574423214257996e+09,"_step":12,"Timestep":10,"Accuracy":38.44,"chance_level":10,"Time Taken to Run the Code(Mins)":0.34658677180608116,"_wandb":{"runtime":19}}