{"_timestamp":1.7579448503545427e+09,"Timestep":10,"Accuracy":38.19,"chance_level":10,"Time Taken to Run the Code(Mins)":9.535375070571899,"_wandb":{"runtime":563},"_runtime":563,"_step":12}