{"_step":12,"_timestamp":1.757434965131435e+09,"Timestep":10,"Accuracy":36.27,"chance_level":10,"Time Taken to Run the Code(Mins)":0.34068281253178917,"_wandb":{"runtime":19},"_runtime":19}