{"Timestep":10,"Accuracy":37.51,"chance_level":10,"Time Taken to Run the Code(Mins)":0.3404678503672282,"_wandb":{"runtime":19},"_runtime":19,"_timestamp":1.7574245435049763e+09,"_step":12}