{"_wandb":{"runtime":498},"_runtime":498,"_timestamp":1.7581968495392056e+09,"_step":12,"Timestep":10,"Accuracy":31.36,"chance_level":10,"Time Taken to Run the Code(Mins)":8.340731461842855}