{"_step":12,"_timestamp":1.757936351765845e+09,"Timestep":10,"Accuracy":38.26,"chance_level":10,"Time Taken to Run the Code(Mins)":9.937196282545726,"_wandb":{"runtime":594},"_runtime":594}