{"_timestamp":1.7581869164030542e+09,"_step":12,"Timestep":10,"Accuracy":37.25,"chance_level":10,"Time Taken to Run the Code(Mins)":8.872962061564127,"_wandb":{"runtime":529},"_runtime":529}