{"_step":12,"chance_level":10,"Timestep":10,"Accuracy":36.42,"Time Taken to Run the Code(Mins)":0.34204495350519815,"_wandb":{"runtime":19},"_runtime":19,"_timestamp":1.7574400433375764e+09}