{"Timestep":10,"Accuracy":36.42,"chance_level":10,"Time Taken to Run the Code(Mins)":9.632488818963369,"_wandb":{"runtime":576},"_runtime":576,"_timestamp":1.7579417960721245e+09,"_step":12}