{"chance_level":10,"Time Taken to Run the Code(Mins)":0.33218729893366494,"_wandb":{"runtime":18},"_runtime":18,"_timestamp":1.7574418046257749e+09,"_step":12,"Timestep":10,"Accuracy":38.24}