{"Timestep":10,"Accuracy":34.02,"chance_level":10,"Time Taken to Run the Code(Mins)":7.245084079106649,"_wandb":{"runtime":433},"_runtime":433,"_timestamp":1.7581907255227668e+09,"_step":12}