{"_runtime":592,"_timestamp":1.7579337869445834e+09,"_step":12,"Timestep":10,"Accuracy":37.63,"chance_level":10,"Time Taken to Run the Code(Mins)":9.899474895000457,"_wandb":{"runtime":592}}