{"Time Taken to Run the Code(Mins)":9.586563960711162,"_wandb":{"runtime":573},"_runtime":573,"_timestamp":1.7579273534345691e+09,"_step":12,"Timestep":10,"Accuracy":38.42,"chance_level":10}