{"_step":12,"_timestamp":1.7574414778146906e+09,"Timestep":10,"Accuracy":38.27,"chance_level":10,"Time Taken to Run the Code(Mins)":0.34128516912460327,"_wandb":{"runtime":19},"_runtime":19}