{"_runtime":491,"_timestamp":1.757945011397215e+09,"_step":12,"Timestep":10,"Accuracy":37.61,"chance_level":10,"Time Taken to Run the Code(Mins)":8.220416037241618,"_wandb":{"runtime":491}}