{"_timestamp":1.7581884161815975e+09,"Accuracy":35.81,"chance_level":10,"Timestep":10,"Time Taken to Run the Code(Mins)":6.7233203212420145,"_wandb":{"runtime":401},"_runtime":401,"_step":12}