{"_wandb":{"runtime":522},"_runtime":522,"_step":12,"_timestamp":1.7579427051870167e+09,"Timestep":10,"Accuracy":38.4,"chance_level":10,"Time Taken to Run the Code(Mins)":8.729390096664428}