{"Timestep":10,"Time Taken to Run the Code(Mins)":0.33107999165852864,"_wandb":{"runtime":18},"_runtime":18,"_timestamp":1.7574182553075385e+09,"_step":12,"Accuracy":38.41,"chance_level":10}