{"_timestamp":1.7579561166068864e+09,"_step":12,"Timestep":10,"Accuracy":38.48,"chance_level":10,"Time Taken to Run the Code(Mins)":6.948281816641489,"_wandb":{"runtime":415},"_runtime":415}