{"chance_level":10,"Time Taken to Run the Code(Mins)":7.92410147190094,"_wandb":{"runtime":474},"_runtime":474,"_step":12,"_timestamp":1.7581945256079142e+09,"Timestep":10,"Accuracy":32.58}