{"chance_level":10,"Timestep":10,"Time Taken to Run the Code(Mins)":6.881813911596934,"_wandb":{"runtime":410},"_runtime":410,"_timestamp":1.7579569855681858e+09,"_step":12,"Accuracy":37.93}