{"chance_level":10,"Time Taken to Run the Code(Mins)":8.221582913398743,"_wandb":{"runtime":491},"_runtime":491,"_timestamp":1.7582131348482368e+09,"_step":12,"Timestep":10,"Accuracy":37.54}