{"Timestep":10,"Time Taken to Run the Code(Mins)":0.2802677909533183,"MediaLogs/gauss_0.06":{"path":"media/images/MediaLogs/gauss_0.06_0_fb4f18abaa786478c902.png","format":"png","width":138,"height":70,"caption":"Noisy Images: gauss 0.06","_type":"image-file","sha256":"fb4f18abaa786478c902089c03246b573543818264d6cd766815c05412f01760","size":18959},"_step":12,"_wandb":{"runtime":16},"_timestamp":1.7515537890943198e+09,"_runtime":16.511501941,"Accuracy":68.02,"chance_level":10}