{"Time Taken to Run the Code(Mins)":7.674898064136505,"_wandb":{"runtime":459},"_runtime":459,"_timestamp":1.757956296631243e+09,"_step":12,"Timestep":10,"Accuracy":38.5,"chance_level":10}