{"_timestamp":1.7582173791103697e+09,"_step":12,"Timestep":10,"Accuracy":29.52,"chance_level":10,"Time Taken to Run the Code(Mins)":7.020428470770518,"_wandb":{"runtime":419},"_runtime":419}