{"_wandb":{"runtime":437},"_runtime":437,"_timestamp":1.7581894180418568e+09,"_step":12,"Timestep":10,"Accuracy":34.73,"chance_level":10,"Time Taken to Run the Code(Mins)":7.310759902000427}