{"_wandb":{"runtime":533},"_runtime":533,"_timestamp":1.7579442568010166e+09,"_step":12,"Timestep":10,"Accuracy":38.22,"chance_level":10,"Time Taken to Run the Code(Mins)":8.930084788799286}