{"Time Taken to Run the Code(Mins)":0.260281244913737,"_wandb":{"runtime":15},"Timestep":10,"Accuracy":68.89,"_timestamp":1.751379536462584e+09,"_runtime":15.381026342,"_step":11}