{"Accuracy":37.97,"chance_level":10,"Time Taken to Run the Code(Mins)":0.33157464265823366,"_wandb":{"runtime":18},"_runtime":18,"_step":12,"_timestamp":1.757443535711543e+09,"Timestep":10}