{"chance_level":10,"Time Taken to Run the Code(Mins)":0.3338620742162069,"_wandb":{"runtime":18},"_runtime":18,"_timestamp":1.75742277874202e+09,"_step":12,"Timestep":10,"Accuracy":38.11}