{"Timestep":10,"Accuracy":37.34,"chance_level":10,"Time Taken to Run the Code(Mins)":0.33173379898071287,"_wandb":{"runtime":18},"_runtime":18,"_timestamp":1.7574285847366562e+09,"_step":12}