{"Timestep":10,"Accuracy":37.49,"chance_level":10,"Time Taken to Run the Code(Mins)":8.419384527206422,"_wandb":{"runtime":503},"_runtime":503,"_step":12,"_timestamp":1.7579332469285045e+09}