{"_runtime":574,"_timestamp":1.7579372955710764e+09,"_step":12,"Timestep":10,"Accuracy":38.07,"chance_level":10,"Time Taken to Run the Code(Mins)":9.606553785006206,"_wandb":{"runtime":574}}