{"Time Taken to Run the Code(Mins)":0.32027769883473717,"_wandb":{"runtime":18},"_runtime":18,"_timestamp":1.7574181199832442e+09,"_step":12,"Timestep":10,"Accuracy":38.39,"chance_level":10}