{"_runtime":15.860062272,"Time Taken to Run the Code(Mins)":0.26898638407389325,"_wandb":{"runtime":15},"_step":11,"Timestep":10,"Accuracy":69.69,"_timestamp":1.7513774288565643e+09}