{"Accuracy":35.82,"chance_level":10,"Time Taken to Run the Code(Mins)":8.841578658421835,"_wandb":{"runtime":528},"_runtime":528,"_step":12,"_timestamp":1.7579541083528724e+09,"Timestep":10}