{"MediaLogs/s&p_0.4":{"_type":"image-file","sha256":"9c04c5b3bdb267bc4705db6d0e1134ee42345c887749caece81c4aff8a090c3d","size":21658,"path":"media/images/MediaLogs/s&p_0.4_0_9c04c5b3bdb267bc4705.png","format":"png","width":138,"height":70,"caption":"Noisy Images: s&p 0.4"},"Accuracy":24.24,"Timestep":10,"Time Taken to Run the Code(Mins)":0.27116159598032635,"_wandb":{"runtime":15},"_runtime":15.963395982,"_timestamp":1.7514711862179859e+09,"_step":12,"chance_level":10}