{"Timestep":10,"Accuracy":34.3,"chance_level":10,"Time Taken to Run the Code(Mins)":6.266749993960063,"_wandb":{"runtime":374},"_runtime":374,"_step":12,"_timestamp":1.7581902740801752e+09}