{"chance_level":10,"Timestep":10,"_timestamp":1.7519616597956376e+09,"_step":12,"Accuracy":42.45,"_wandb":{"runtime":15},"_runtime":15.822131609,"Time Taken to Run the Code(Mins)":0.2687910477320353,"MediaLogs/s&p_0.04":{"size":20448,"path":"media/images/MediaLogs/s&p_0.04_0_baea8452707910ea8f11.png","format":"png","width":138,"height":70,"caption":"Noisy Images: s&p 0.04","_type":"image-file","sha256":"baea8452707910ea8f11d21702ce13dee1e2cd0558f06ac1145b6522d5554591"}}