{"Accuracy":37.23,"chance_level":10,"Time Taken to Run the Code(Mins)":9.502384082476299,"_wandb":{"runtime":568},"_runtime":568,"_timestamp":1.757946612137239e+09,"_step":12,"Timestep":10}