{"_step":12,"Timestep":10,"Accuracy":38.35,"chance_level":10,"Time Taken to Run the Code(Mins)":0.32659283876419065,"_wandb":{"runtime":18},"_runtime":18,"_timestamp":1.7574217667779868e+09}