{"chance_level":10,"Time Taken to Run the Code(Mins)":7.058313632011414,"_wandb":{"runtime":422},"_runtime":422,"_timestamp":1.7582201456973703e+09,"_step":12,"Timestep":10,"Accuracy":34.07}