{"_step":12,"chance_level":10,"Timestep":10,"Accuracy":32.47,"Time Taken to Run the Code(Mins)":7.076277681191763,"_wandb":{"runtime":423},"_runtime":423,"_timestamp":1.7582213259145675e+09}