{"_timestamp":1.758201841240153e+09,"_step":12,"Timestep":10,"Accuracy":30.26,"chance_level":10,"Time Taken to Run the Code(Mins)":12.659285910924275,"_wandb":{"runtime":757},"_runtime":757}