{"_runtime":213,"_step":12,"_timestamp":1.7570908397377543e+09,"Timestep":10,"Accuracy":32.39,"chance_level":10,"Time Taken to Run the Code(Mins)":3.579056378205617,"_wandb":{"runtime":213}}