{"_runtime":16.152537535,"chance_level":10,"_wandb":{"runtime":16},"Accuracy":30.44,"Time Taken to Run the Code(Mins)":0.27430582443873086,"MediaLogs/s&p_0.2":{"height":70,"caption":"Noisy Images: s&p 0.2","_type":"image-file","sha256":"258790cc567a266b10ae4c3402110f4a77c2a2ad20e989f48a1132a7e187dd37","size":22652,"path":"media/images/MediaLogs/s&p_0.2_0_258790cc567a266b10ae.png","format":"png","width":138},"_timestamp":1.751553252835674e+09,"_step":12,"Timestep":10}