{"_timestamp":1.7579454224480577e+09,"_step":12,"Timestep":10,"Accuracy":37.67,"chance_level":10,"Time Taken to Run the Code(Mins)":8.935282691319783,"_wandb":{"runtime":534},"_runtime":534}