{"_runtime":758,"_timestamp":1.7582063934851334e+09,"_step":12,"Timestep":10,"Accuracy":29.94,"chance_level":10,"Time Taken to Run the Code(Mins)":12.670859523614247,"_wandb":{"runtime":758}}