{"_timestamp":1.7515296702449565e+09,"Accuracy":62.39,"_runtime":16.067379458,"_step":12,"Timestep":10,"chance_level":10,"Time Taken to Run the Code(Mins)":0.2728379686673482,"_wandb":{"runtime":16},"MediaLogs/gauss_0.02":{"width":138,"height":70,"caption":"Noisy Images: gauss 0.02","_type":"image-file","sha256":"5e20f382c4cf0c521504d5dacaefd9b6ba260472feb927e28d65237353ec6f3f","size":18675,"path":"media/images/MediaLogs/gauss_0.02_0_5e20f382c4cf0c521504.png","format":"png"}}