{"_step":12,"_timestamp":1.7574427530824795e+09,"Timestep":10,"Accuracy":38.49,"chance_level":10,"Time Taken to Run the Code(Mins)":0.3265124360720317,"_wandb":{"runtime":18},"_runtime":18}