{"Time Taken to Run the Code(Mins)":7.5467533826828,"_wandb":{"runtime":451},"_runtime":451,"_step":12,"_timestamp":1.7579586962345653e+09,"Timestep":10,"Accuracy":36.86,"chance_level":10}