{"Timestep":10,"Accuracy":37.37,"chance_level":10,"Time Taken to Run the Code(Mins)":8.560542750358582,"_wandb":{"runtime":511},"_runtime":511,"_timestamp":1.7582126418752162e+09,"_step":12}