{"_runtime":14,"Time Taken to Run the Code(Mins)":0.2733649293581645,"_timestamp":1.7568247376953826e+09,"_step":0,"_wandb":{"runtime":14}}