{"Time Taken to Run the Code(Mins)":0.33522488673528034,"_wandb":{"runtime":18},"_runtime":18,"_step":12,"_timestamp":1.7574244305961478e+09,"Timestep":10,"Accuracy":37.54,"chance_level":10}