{"_wandb":{"runtime":455},"_runtime":455,"_timestamp":1.7579328343242235e+09,"_step":12,"Timestep":10,"Accuracy":37.64,"chance_level":10,"Time Taken to Run the Code(Mins)":7.6090391437212626}