{"_timestamp":1.7574311879995034e+09,"_step":12,"Timestep":10,"Accuracy":36.34,"chance_level":10,"Time Taken to Run the Code(Mins)":0.3223068078358968,"_wandb":{"runtime":18},"_runtime":18}