{"_step":12,"_timestamp":1.757440670713738e+09,"Accuracy":35.84,"chance_level":10,"Timestep":10,"Time Taken to Run the Code(Mins)":0.3402203877766927,"_wandb":{"runtime":19},"_runtime":19}