{"_timestamp":1.7582088599751601e+09,"_step":12,"Timestep":10,"Accuracy":34.35,"chance_level":10,"Time Taken to Run the Code(Mins)":8.673164081573486,"_wandb":{"runtime":518},"_runtime":518}