{"_runtime":459,"_timestamp":1.7579585544545596e+09,"_step":12,"Timestep":10,"Accuracy":37.56,"chance_level":10,"Time Taken to Run the Code(Mins)":7.672856672604879,"_wandb":{"runtime":459}}