{"_step":12,"_timestamp":1.757436211660719e+09,"Timestep":10,"Accuracy":36.01,"chance_level":10,"Time Taken to Run the Code(Mins)":0.34606046676635743,"_wandb":{"runtime":19},"_runtime":19}