{"_runtime":422,"_timestamp":1.7582159621691542e+09,"_step":12,"Timestep":10,"Accuracy":31.45,"chance_level":10,"Time Taken to Run the Code(Mins)":7.073659976323445,"_wandb":{"runtime":422}}