{"_wandb":{"runtime":545},"_runtime":545,"_timestamp":1.7579495379078634e+09,"_step":12,"Timestep":10,"Accuracy":38.25,"chance_level":10,"Time Taken to Run the Code(Mins)":9.12547519604365}