{"Accuracy":36.98,"chance_level":10,"Time Taken to Run the Code(Mins)":9.933385459582011,"_wandb":{"runtime":594},"_runtime":594,"_timestamp":1.7582066749392684e+09,"_step":12,"Timestep":10}