{"chance_level":10,"Time Taken to Run the Code(Mins)":16.23286695877711,"_wandb":{"runtime":972},"_runtime":972,"_step":12,"_timestamp":1.7582046784186037e+09,"Timestep":10,"Accuracy":30.09}