{"_step":12,"Timestep":10,"Accuracy":33.86,"chance_level":10,"Time Taken to Run the Code(Mins)":6.854352613290151,"_wandb":{"runtime":409},"_runtime":409,"_timestamp":1.7581934136376152e+09}