{"_wandb":{"runtime":254},"_runtime":254,"_step":12,"_timestamp":1.7570854394375293e+09,"Timestep":10,"Accuracy":31.87,"chance_level":10,"Time Taken to Run the Code(Mins)":4.259623316923777}