{"_timestamp":1.7581902749516346e+09,"_step":12,"Timestep":10,"Accuracy":34.3,"chance_level":10,"Time Taken to Run the Code(Mins)":6.181141523520152,"_wandb":{"runtime":369},"_runtime":369}