{"Timestep":10,"Accuracy":38.45,"chance_level":10,"Time Taken to Run the Code(Mins)":0.32898465792338055,"_wandb":{"runtime":18},"_runtime":18,"_timestamp":1.7574271994250133e+09,"_step":12}