{"chance_level":10,"Time Taken to Run the Code(Mins)":0.33795963525772094,"_wandb":{"runtime":19},"_runtime":19,"_timestamp":1.757428180644077e+09,"_step":12,"Timestep":10,"Accuracy":37.99}