{"Time Taken to Run the Code(Mins)":3.8331674973169965,"_wandb":{"runtime":228},"_runtime":228,"_timestamp":1.7570908308991878e+09,"_step":12,"Timestep":10,"Accuracy":32.38,"chance_level":10}