{"_step":12,"Accuracy":32.32,"chance_level":10,"Timestep":10,"Time Taken to Run the Code(Mins)":4.7638030807177225,"_wandb":{"runtime":284},"_runtime":284,"_timestamp":1.757084807574182e+09}