{"Time Taken to Run the Code(Mins)":0.32917381525039674,"_wandb":{"runtime":18},"_runtime":18,"_timestamp":1.7574349918497577e+09,"_step":12,"Timestep":10,"Accuracy":36.24,"chance_level":10}