{"_wandb":{"runtime":237},"_runtime":237,"_timestamp":1.7570748029179456e+09,"_step":12,"chance_level":10,"Timestep":10,"Accuracy":31.29,"Time Taken to Run the Code(Mins)":3.974040162563324}