{"_wandb":{"runtime":18},"_runtime":18,"_step":12,"_timestamp":1.7574234141397104e+09,"Timestep":10,"Accuracy":37.77,"chance_level":10,"Time Taken to Run the Code(Mins)":0.3378529985745748}