{"_timestamp":1.7515292415452118e+09,"chance_level":10,"_wandb":{"runtime":16},"Accuracy":12.72,"_step":12,"Timestep":10,"Time Taken to Run the Code(Mins)":0.284850804011027,"MediaLogs/s&p_0.4":{"path":"media/images/MediaLogs/s&p_0.4_0_9c04c5b3bdb267bc4705.png","format":"png","width":138,"height":70,"caption":"Noisy Images: s&p 0.4","_type":"image-file","sha256":"9c04c5b3bdb267bc4705db6d0e1134ee42345c887749caece81c4aff8a090c3d","size":21658},"_runtime":16.785383212}