{"Timestep":10,"Accuracy":38.12,"chance_level":10,"Time Taken to Run the Code(Mins)":10.044582025210063,"_wandb":{"runtime":601},"_runtime":601,"_timestamp":1.7579299218985128e+09,"_step":12}