{"_step":12,"Timestep":10,"Accuracy":37.87,"chance_level":10,"Time Taken to Run the Code(Mins)":9.667236125469207,"_wandb":{"runtime":578},"_runtime":578,"_timestamp":1.757931806109421e+09}