{"Timestep":10,"Accuracy":36.1,"chance_level":10,"Time Taken to Run the Code(Mins)":8.109228114287058,"_wandb":{"runtime":484},"_runtime":484,"_step":12,"_timestamp":1.7579485332459512e+09}