{"_runtime":15.630037621,"_step":11,"Time Taken to Run the Code(Mins)":0.26446459293365476,"_wandb":{"runtime":15},"Timestep":10,"Accuracy":69.69,"_timestamp":1.7513788639247546e+09}