{"Timestep":10,"Accuracy":38.5,"chance_level":10,"Time Taken to Run the Code(Mins)":7.120254818598429,"_wandb":{"runtime":425},"_runtime":425,"_step":12,"_timestamp":1.7579561378772743e+09}