{"Accuracy":65.86,"chance_level":10,"_runtime":15.998147798,"MediaLogs/gauss_0.2":{"path":"media/images/MediaLogs/gauss_0.2_0_45f4dc678aa706151beb.png","format":"png","width":138,"height":70,"caption":"Noisy Images: gauss 0.2","_type":"image-file","sha256":"45f4dc678aa706151bebfea1540f5a37a816d74589f6ccf6fdeedb9f2f08c515","size":20156},"_wandb":{"runtime":15},"_timestamp":1.7516390874577463e+09,"Timestep":10,"Time Taken to Run the Code(Mins)":0.27163774172465005,"_step":12}