{"Timestep":10,"Accuracy":37.51,"chance_level":10,"Time Taken to Run the Code(Mins)":8.008603139718373,"_wandb":{"runtime":479},"_runtime":479,"_timestamp":1.7579322793146667e+09,"_step":12}