{"chance_level":10,"Time Taken to Run the Code(Mins)":3.70704452196757,"_wandb":{"runtime":221},"_runtime":221,"_timestamp":1.7579225654569972e+09,"_step":12,"Timestep":10,"Accuracy":38.02}