{"Accuracy":69.05,"_timestamp":1.751373880192593e+09,"_runtime":15.488449877,"_step":11,"Time Taken to Run the Code(Mins)":0.262162979443868,"_wandb":{"runtime":15},"Timestep":10}