{"_wandb":{"runtime":553},"_runtime":553,"_timestamp":1.7579267617869399e+09,"_step":12,"Timestep":10,"Accuracy":38.4,"chance_level":10,"Time Taken to Run the Code(Mins)":9.251945368448894}