{"Classification_with_Predictive_Coding_On_Models_Pretrained_with_Reconstruction/fine_tuned_Training_accuracy":10.003818181818183,"Classification_with_Predictive_Coding_On_Models_Pretrained_with_Reconstruction/fine_tuned_test_loss":2.3046929202502286,"Accuracy_Over_TimeSteps_pc_class_train_balanced/Timestep_0":10,"gradients/fc3.weight":{"_type":"histogram","values":[1,0,0,0,0,2,0,0,0,1,0,1,1,0,1,1,1,2,4,1,1,4,0,2,3,5,1,3,5,4,7,7,487,23,17,7,10,5,4,7,5,2,2,0,1,2,2,0,2,0,0,0,2,0,0,1,0,0,2,0,0,0,0,1],"bins":[-0.006419762969017029,-0.006223103031516075,-0.0060264430940151215,-0.005829783622175455,-0.005633123684674501,-0.005436463747173548,-0.005239803809672594,-0.00504314387217164,-0.004846484400331974,-0.00464982446283102,-0.004453164525330067,-0.004256504587829113,-0.004059844650328159,-0.0038631849456578493,-0.0036665250081568956,-0.0034698653034865856,-0.003273205365985632,-0.0030765454284846783,-0.0028798857238143682,-0.0026832257863134146,-0.0024865660816431046,-0.002289906144142151,-0.002093246206641197,-0.0018965863855555654,-0.0016999265644699335,-0.0015032667433843017,-0.0013066069222986698,-0.0011099469847977161,-0.0009132871637120843,-0.0007166273426264524,-0.0005199674633331597,-0.0003233076131436974,-0.00012664776295423508,7.001208723522723e-05,0.00026667193742468953,0.00046333178761415184,0.0006599916378036141,0.000856651458889246,0.0010533113963901997,0.0012499712174758315,0.0014466310385614634,0.0016432908596470952,0.001839950680732727,0.0020366106182336807,0.0022332705557346344,0.0024299302604049444,0.002626590197905898,0.002823249902576208,0.003019909840077162,0.0032165697775781155,0.0034132294822484255,0.003609889419749379,0.003806549124419689,0.004003209061920643,0.0041998689994215965,0.00439652893692255,0.004593188874423504,0.00478984834626317,0.004986508283764124,0.005183168221265078,0.005379828158766031,0.005576488096266985,0.005773147568106651,0.005969807505607605,0.006166467443108559]},"Classification_with_Predictive_Coding_On_Models_Pretrained_with_Reconstruction/Fine_tuned_Recon_Testing_loss":0.018309364566885974,"Classification_with_Predictive_Coding_On_Models_Pretrained_with_Reconstruction/fine_tuned_train_loss":2.304242834715587,"Classification_with_Predictive_Coding_On_Models_Pretrained_with_Reconstruction/fine_tuned_Recon_Training_loss":0.01833923208667799,"Accuracy_0":10,"_timestamp":1.756904617675171e+09,"Classification_with_Predictive_Coding_On_Models_Pretrained_with_Reconstruction/fine_tuned_Testing_accuracy":10,"_runtime":4062.446617121,"_step":57,"gradients/fc3.bias":{"values":[1,0,0,0,0,0,0,0,0,0,0,0,0,0,1,1,0,0,0,0,0,0,0,0,0,0,0,0,0,0,0,0,2,0,0,0,1,0,0,0,1,1,0,0,0,0,0,0,1,0,0,0,0,0,0,0,0,0,0,0,0,0,0,1],"bins":[-0.05808478966355324,-0.056305110454559326,-0.054525431245565414,-0.0527457557618618,-0.05096607655286789,-0.04918639734387398,-0.047406718134880066,-0.045627038925886154,-0.04384735971689224,-0.04206768423318863,-0.04028800502419472,-0.038508325815200806,-0.036728646606206894,-0.03494896739721298,-0.03316929191350937,-0.03138961270451546,-0.029609933495521545,-0.027830254286527634,-0.02605057694017887,-0.02427089773118496,-0.022491220384836197,-0.020711541175842285,-0.018931861966848373,-0.01715218462049961,-0.0153725054115057,-0.013592827133834362,-0.011813148856163025,-0.010033469647169113,-0.008253791369497776,-0.006474113091826439,-0.0046944343484938145,-0.0029147558379918337,-0.0011350810527801514,0.0006445974577218294,0.00242427596822381,0.004203954711556435,0.005983632989227772,0.007763311266899109,0.00954299047589302,0.011322668753564358,0.013102347031235695,0.014882025308907032,0.01666170358657837,0.01844138279557228,0.020221062004566193,0.022000739350914955,0.023780418559908867,0.02556009590625763,0.02733977511525154,0.029119454324245453,0.030899131670594215,0.03267880901694298,0.03445848822593689,0.0362381674349308,0.03801784664392471,0.039797525852918625,0.04157720506191254,0.04335688054561615,0.04513655975461006,0.04691623896360397,0.048695918172597885,0.0504755973815918,0.05225527286529541,0.05403495207428932,0.055814631283283234],"_type":"histogram"},"Accuracy_Over_TimeSteps_pc_class_train_balanced/Timestep_10":10,"Accuracy_20":10,"Accuracy_Over_TimeSteps_pc_class_train_balanced/Timestep_20":10,"Accuracy_10":10,"_wandb":{"runtime":4062}}