{"Time Taken to Run the Code(Mins)":0.25784532229105633,"_wandb":{"runtime":15},"Timestep":10,"Accuracy":67.98,"_timestamp":1.7513766585267045e+09,"_runtime":15.236575973,"_step":11}