{"Time Taken to Run the Code(Mins)":7.617438884576162,"_wandb":{"runtime":455},"_runtime":455,"_timestamp":1.7579577515464761e+09,"_step":12,"chance_level":10,"Timestep":10,"Accuracy":37.27}