{"Accuracy":38.35,"chance_level":10,"Time Taken to Run the Code(Mins)":0.34316792488098147,"_wandb":{"runtime":19},"_runtime":19,"_timestamp":1.7574189400329697e+09,"_step":12,"Timestep":10}