{"_timestamp":1.7570848775669398e+09,"_step":12,"chance_level":10,"Timestep":10,"Accuracy":32.09,"Time Taken to Run the Code(Mins)":5.20267676115036,"_wandb":{"runtime":311},"_runtime":311}