{"_step":11,"Timestep":10,"Accuracy":69.69,"_timestamp":1.7513749408090725e+09,"_runtime":15.983559356,"Time Taken to Run the Code(Mins)":0.27098607619603476,"_wandb":{"runtime":15}}