{"_runtime":18,"_timestamp":1.757424992505121e+09,"_step":12,"Timestep":10,"Accuracy":37.53,"chance_level":10,"Time Taken to Run the Code(Mins)":0.3349175175031026,"_wandb":{"runtime":18}}