{"Timestep":10,"_runtime":17.497908947,"Accuracy":49.44,"chance_level":10,"Time Taken to Run the Code(Mins)":0.29677894910176594,"_step":12,"_wandb":{"runtime":17},"_timestamp":1.7515450601422143e+09,"MediaLogs/gauss_0.04":{"format":"png","width":138,"height":70,"caption":"Noisy Images: gauss 0.04","_type":"image-file","sha256":"bc6a87b22c7ea2ae3c6b1a757398b7c4a6f48fe11c0f65de8a9386900ca6d63b","size":18834,"path":"media/images/MediaLogs/gauss_0.04_0_bc6a87b22c7ea2ae3c6b.png"}}