{"_wandb":{"runtime":520},"_runtime":520,"_timestamp":1.7579268915740533e+09,"_step":12,"Timestep":10,"Accuracy":38.43,"chance_level":10,"Time Taken to Run the Code(Mins)":8.702367488543192}