{"_timestamp":1.757437431886764e+09,"chance_level":10,"Timestep":10,"Accuracy":38.29,"Time Taken to Run the Code(Mins)":0.32607643604278563,"_wandb":{"runtime":18},"_runtime":18,"_step":12}