{"Time Taken to Run the Code(Mins)":0.33179505666097003,"_wandb":{"runtime":18},"_runtime":18,"_timestamp":1.7574191280948515e+09,"_step":12,"Timestep":10,"Accuracy":38.37,"chance_level":10}