{"_wandb":{"runtime":15},"_step":12,"_timestamp":1.7515340152753656e+09,"_runtime":15.92852552,"Time Taken to Run the Code(Mins)":0.27054182688395184,"MediaLogs/s&p_0.2":{"format":"png","width":138,"height":70,"caption":"Noisy Images: s&p 0.2","_type":"image-file","sha256":"258790cc567a266b10ae4c3402110f4a77c2a2ad20e989f48a1132a7e187dd37","size":22652,"path":"media/images/MediaLogs/s&p_0.2_0_258790cc567a266b10ae.png"},"Timestep":10,"chance_level":10,"Accuracy":16.28}