{"Accuracy":38.14,"Time Taken to Run the Code(Mins)":0.34105610847473145,"_wandb":{"runtime":19},"_runtime":19,"_timestamp":1.7574328494454048e+09,"_step":12,"chance_level":10,"Timestep":10}