{"_runtime":18,"_timestamp":1.7574228618567164e+09,"_step":12,"Timestep":10,"Accuracy":38.09,"chance_level":10,"Time Taken to Run the Code(Mins)":0.3321571191151937,"_wandb":{"runtime":18}}