{"Time Taken to Run the Code(Mins)":0.29613430897394816,"_timestamp":1.7514664910154157e+09,"_runtime":17.479041131,"Accuracy":57.43,"chance_level":10,"_step":12,"Timestep":10,"_wandb":{"runtime":17},"MediaLogs/gauss_0.06":{"_type":"image-file","sha256":"fb4f18abaa786478c902089c03246b573543818264d6cd766815c05412f01760","size":18959,"path":"media/images/MediaLogs/gauss_0.06_0_fb4f18abaa786478c902.png","format":"png","width":138,"height":70,"caption":"Noisy Images: gauss 0.06"}}