{"Accuracy":37.34,"chance_level":10,"Time Taken to Run the Code(Mins)":0.3369205037752787,"_wandb":{"runtime":19},"_runtime":19,"_step":12,"_timestamp":1.757444220808267e+09,"Timestep":10}