{"chance_level":10,"Time Taken to Run the Code(Mins)":3.8809218565622965,"_wandb":{"runtime":231},"_runtime":231,"_timestamp":1.7570892635710034e+09,"_step":12,"Timestep":10,"Accuracy":32.79}