{"_wandb":{"runtime":511},"_runtime":511,"_timestamp":1.7579548632104144e+09,"_step":12,"Accuracy":36.23,"chance_level":10,"Timestep":10,"Time Taken to Run the Code(Mins)":8.54223306576411}