{"Time Taken to Run the Code(Mins)":8.462557876110077,"_wandb":{"runtime":506},"_runtime":506,"_step":12,"_timestamp":1.7579337759678257e+09,"Timestep":10,"Accuracy":37.57,"chance_level":10}