{"_step":12,"Timestep":10,"Accuracy":37.71,"chance_level":10,"Time Taken to Run the Code(Mins)":8.020080387592316,"_wandb":{"runtime":479},"_runtime":479,"_timestamp":1.7579454748316631e+09}