{"Timestep":10,"Accuracy":38.37,"Time Taken to Run the Code(Mins)":0.3336217204729716,"_wandb":{"runtime":18},"_runtime":18,"_timestamp":1.75742209619374e+09,"_step":12,"chance_level":10}