{"chance_level":10,"Time Taken to Run the Code(Mins)":9.57061789035797,"_wandb":{"runtime":572},"_runtime":572,"_step":12,"_timestamp":1.757933160780196e+09,"Timestep":10,"Accuracy":37.65}