{"_runtime":18,"_timestamp":1.7574329296178064e+09,"_step":12,"Timestep":10,"Accuracy":38.11,"chance_level":10,"Time Taken to Run the Code(Mins)":0.3265931169191996,"_wandb":{"runtime":18}}