{"chance_level":10,"Time Taken to Run the Code(Mins)":4.561125373840332,"_wandb":{"runtime":272},"_runtime":272,"_timestamp":1.7570911123645036e+09,"_step":12,"Timestep":10,"Accuracy":31.81}