{"_runtime":657,"_timestamp":1.7579424778546703e+09,"_step":12,"Timestep":10,"Accuracy":36.53,"chance_level":10,"Time Taken to Run the Code(Mins)":10.978904191652934,"_wandb":{"runtime":657}}