{"Time Taken to Run the Code(Mins)":7.421951544284821,"_wandb":{"runtime":443},"_runtime":443,"_step":12,"_timestamp":1.757959169458521e+09,"chance_level":10,"Timestep":10,"Accuracy":36.96}