{"Timestep":10,"Accuracy":36.32,"chance_level":10,"Time Taken to Run the Code(Mins)":0.33198758363723757,"_wandb":{"runtime":18},"_runtime":18,"_timestamp":1.7574312966953201e+09,"_step":12}