{"Timestep":10,"Accuracy":37.36,"chance_level":10,"Time Taken to Run the Code(Mins)":0.33716705242792766,"_wandb":{"runtime":19},"_runtime":19,"_timestamp":1.7574286387762372e+09,"_step":12}