{"_timestamp":1.7515315297398012e+09,"MediaLogs/gauss_0.06":{"sha256":"fb4f18abaa786478c902089c03246b573543818264d6cd766815c05412f01760","size":18959,"path":"media/images/MediaLogs/gauss_0.06_0_fb4f18abaa786478c902.png","format":"png","width":138,"height":70,"caption":"Noisy Images: gauss 0.06","_type":"image-file"},"_step":12,"Timestep":10,"Time Taken to Run the Code(Mins)":0.2722041885058085,"_wandb":{"runtime":16},"_runtime":16.032923917,"Accuracy":67.96,"chance_level":10}