{"Time Taken to Run the Code(Mins)":8.713139760494233,"_wandb":{"runtime":521},"_runtime":521,"_timestamp":1.757953605334404e+09,"_step":12,"Timestep":10,"Accuracy":36.76,"chance_level":10}