{"_step":12,"_timestamp":1.7582146216064181e+09,"Timestep":10,"Accuracy":32.96,"chance_level":10,"Time Taken to Run the Code(Mins)":6.924822433789571,"_wandb":{"runtime":414},"_runtime":414}