{"Time Taken to Run the Code(Mins)":7.176520315806071,"_wandb":{"runtime":429},"_runtime":429,"_step":12,"_timestamp":1.7582214743001413e+09,"Timestep":10,"Accuracy":32.53,"chance_level":10}