{"Accuracy":34.3,"Time Taken to Run the Code(Mins)":8.04421663681666,"_wandb":{"runtime":481},"_runtime":481,"_step":12,"_timestamp":1.7581903555596023e+09,"chance_level":10,"Timestep":10}