{"_wandb":{"runtime":19},"_runtime":19,"_timestamp":1.7574448245139384e+09,"_step":12,"Timestep":10,"Accuracy":36.85,"chance_level":10,"Time Taken to Run the Code(Mins)":0.3360957145690918}