{"_timestamp":1.7570836248704846e+09,"Timestep":10,"Accuracy":32.72,"chance_level":10,"Time Taken to Run the Code(Mins)":4.900446407000223,"_wandb":{"runtime":293},"_runtime":293,"_step":12}