{"Accuracy":35.92,"chance_level":10,"Time Taken to Run the Code(Mins)":0.34044835170110066,"_wandb":{"runtime":19},"_runtime":19,"_timestamp":1.7574358867748654e+09,"_step":12,"Timestep":10}