{"_step":12,"Timestep":10,"Accuracy":31.19,"chance_level":10,"Time Taken to Run the Code(Mins)":4.4704843441645306,"_wandb":{"runtime":267},"_runtime":267,"_timestamp":1.7570872734769683e+09}