{"chance_level":10,"Timestep":10,"Time Taken to Run the Code(Mins)":6.338182906309764,"_wandb":{"runtime":379},"_runtime":379,"_timestamp":1.7582111922158437e+09,"_step":12,"Accuracy":29.95}