{"_timestamp":1.7574275251751795e+09,"_step":12,"Timestep":10,"Accuracy":37.88,"chance_level":10,"Time Taken to Run the Code(Mins)":0.3267858823140462,"_wandb":{"runtime":18},"_runtime":18}