{"_runtime":403,"_timestamp":1.758221603828977e+09,"_step":12,"Accuracy":30.65,"chance_level":10,"Timestep":10,"Time Taken to Run the Code(Mins)":6.758189324537913,"_wandb":{"runtime":403}}