{"_step":11,"Timestep":10,"Accuracy":69.31,"Time Taken to Run the Code(Mins)":0.2649294098218282,"_wandb":{"runtime":15},"_timestamp":1.7513619259967961e+09,"_runtime":15.630559591}