{"Accuracy":38.32,"chance_level":10,"Time Taken to Run the Code(Mins)":9.634123182296753,"_wandb":{"runtime":575},"_runtime":575,"_timestamp":1.757925638368791e+09,"_step":12,"Timestep":10}