{"Accuracy":38.5,"chance_level":10,"Time Taken to Run the Code(Mins)":0.32562968333562214,"_wandb":{"runtime":18},"_runtime":18,"_timestamp":1.7574429115931678e+09,"_step":12,"Timestep":10}