{"chance_level":10,"Time Taken to Run the Code(Mins)":5.349525423844655,"_wandb":{"runtime":319},"_runtime":319,"_timestamp":1.7570870807109659e+09,"_step":12,"Timestep":10,"Accuracy":31.08}