{"_wandb":{"runtime":15},"_step":11,"Timestep":10,"Accuracy":69.73,"_timestamp":1.7513737640971797e+09,"_runtime":15.45736767,"Time Taken to Run the Code(Mins)":0.261595086256663}