{"Timestep":10,"Accuracy":38.29,"chance_level":10,"Time Taken to Run the Code(Mins)":0.32500008344650266,"_wandb":{"runtime":18},"_runtime":18,"_timestamp":1.7574374582374632e+09,"_step":12}