{"Timestep":10,"Accuracy":37.99,"Time Taken to Run the Code(Mins)":9.425167632102966,"_wandb":{"runtime":563},"_runtime":563,"_timestamp":1.7579370332050586e+09,"_step":12,"chance_level":10}