{"Timestep":10,"Accuracy":31.82,"chance_level":10,"Time Taken to Run the Code(Mins)":5.2923561056454975,"_wandb":{"runtime":316},"_runtime":316,"_timestamp":1.757085476900034e+09,"_step":12}