{"_wandb":{"runtime":18},"_runtime":18,"_step":12,"_timestamp":1.7574456377539525e+09,"Accuracy":36.05,"chance_level":10,"Timestep":10,"Time Taken to Run the Code(Mins)":0.3186729868253072}