{"chance_level":10,"_wandb":{"runtime":15},"_timestamp":1.75153535034902e+09,"_runtime":15.979380568,"_step":12,"Accuracy":69.08,"MediaLogs/gauss_0.02":{"width":138,"height":70,"caption":"Noisy Images: gauss 0.02","_type":"image-file","sha256":"5e20f382c4cf0c521504d5dacaefd9b6ba260472feb927e28d65237353ec6f3f","size":18675,"path":"media/images/MediaLogs/gauss_0.02_0_5e20f382c4cf0c521504.png","format":"png"},"Time Taken to Run the Code(Mins)":0.2713000178337097,"Timestep":10}