{"Accuracy":37.96,"chance_level":10,"Time Taken to Run the Code(Mins)":6.948424931367239,"_wandb":{"runtime":415},"_runtime":415,"_step":12,"_timestamp":1.7579569117180977e+09,"Timestep":10}