{"_wandb":{"runtime":239},"_runtime":239,"_step":12,"_timestamp":1.757088547852202e+09,"Timestep":10,"Accuracy":31.27,"chance_level":10,"Time Taken to Run the Code(Mins)":4.007071514924367}