{"chance_level":10,"Time Taken to Run the Code(Mins)":3.6265090425809223,"_wandb":{"runtime":216},"_runtime":216,"_step":12,"_timestamp":1.7570891217176116e+09,"Timestep":10,"Accuracy":32.68}