{"chance_level":10,"Time Taken to Run the Code(Mins)":8.38382423321406,"_wandb":{"runtime":501},"_runtime":501,"_timestamp":1.7579387122528145e+09,"_step":12,"Timestep":10,"Accuracy":37.63}