{"Time Taken to Run the Code(Mins)":7.271478474140167,"_wandb":{"runtime":434},"_runtime":434,"_timestamp":1.7582227406077328e+09,"_step":12,"Timestep":10,"Accuracy":30.06,"chance_level":10}