{"_runtime":525,"_timestamp":1.757954189958684e+09,"_step":12,"Timestep":10,"Accuracy":35.97,"chance_level":10,"Time Taken to Run the Code(Mins)":8.78394565184911,"_wandb":{"runtime":525}}