{"Timestep":10,"Time Taken to Run the Code(Mins)":0.33243393898010254,"_wandb":{"runtime":18},"_runtime":18,"_timestamp":1.7574198363491719e+09,"_step":12,"Accuracy":38.33,"chance_level":10}