{"_timestamp":1.7574212834972172e+09,"_step":12,"chance_level":10,"Timestep":10,"Accuracy":38.38,"Time Taken to Run the Code(Mins)":0.331138014793396,"_wandb":{"runtime":18},"_runtime":18}