{"chance_level":10,"Timestep":10,"Time Taken to Run the Code(Mins)":7.545504021644592,"_wandb":{"runtime":451},"_runtime":451,"_step":12,"_timestamp":1.7579564433483887e+09,"Accuracy":38.42}