{"Accuracy":37.71,"chance_level":10,"Time Taken to Run the Code(Mins)":0.33975234429041545,"_wandb":{"runtime":19},"_runtime":19,"_timestamp":1.7574236353890202e+09,"_step":12,"Timestep":10}