{"_timestamp":1.7581957443755074e+09,"_step":12,"Timestep":10,"Accuracy":31.72,"chance_level":10,"Time Taken to Run the Code(Mins)":7.501376084486643,"_wandb":{"runtime":448},"_runtime":448}