{"_runtime":694,"_timestamp":1.758206761816797e+09,"_step":12,"Timestep":10,"Accuracy":36.93,"chance_level":10,"Time Taken to Run the Code(Mins)":11.605656456947326,"_wandb":{"runtime":694}}