{"chance_level":10,"Timestep":10,"Time Taken to Run the Code(Mins)":11.401366531848907,"_wandb":{"runtime":683},"_runtime":683,"_step":12,"_timestamp":1.7582067589816332e+09,"Accuracy":36.94}