{"Timestep":10,"Time Taken to Run the Code(Mins)":11.801983137925466,"_wandb":{"runtime":706},"_runtime":706,"_timestamp":1.7579306377263432e+09,"_step":12,"Accuracy":38.15,"chance_level":10}