{"_runtime":19,"_step":12,"_timestamp":1.7574257820861666e+09,"Timestep":10,"Accuracy":37.6,"chance_level":10,"Time Taken to Run the Code(Mins)":0.3425097068150838,"_wandb":{"runtime":19}}