{"Time Taken to Run the Code(Mins)":0.333329451084137,"_wandb":{"runtime":18},"_runtime":18,"_step":12,"_timestamp":1.7574345274236598e+09,"Timestep":10,"Accuracy":37.07,"chance_level":10}