{"_runtime":18,"_step":12,"_timestamp":1.7574219606052177e+09,"Timestep":10,"Accuracy":38.35,"chance_level":10,"Time Taken to Run the Code(Mins)":0.33216214974721275,"_wandb":{"runtime":18}}