{"_timestamp":1.758198466116429e+09,"_step":12,"chance_level":10,"Timestep":10,"Accuracy":36.52,"Time Taken to Run the Code(Mins)":8.228376356760661,"_wandb":{"runtime":492},"_runtime":492}