{"Time Taken to Run the Code(Mins)":0.271408216158549,"_wandb":{"runtime":15},"_timestamp":1.7516504287309194e+09,"Timestep":10,"Accuracy":51.12,"chance_level":10,"_step":12,"MediaLogs/gauss_0.6000000000000001":{"sha256":"71e7e49c617876a92187f5f8ac37579a945a9374c00d35e39fc54ca17076c745","size":21734,"path":"media/images/MediaLogs/gauss_0.6000000000000001_0_71e7e49c617876a92187.png","format":"png","width":138,"height":70,"caption":"Noisy Images: gauss 0.6000000000000001","_type":"image-file"},"_runtime":15.980527519}