{"MediaLogs/gauss_0.4":{"height":70,"caption":"Noisy Images: gauss 0.4","_type":"image-file","sha256":"9e1134f3eccd4afbd08f42ea855354228da2f6401a3ca3d434708c91e5131886","size":21177,"path":"media/images/MediaLogs/gauss_0.4_0_9e1134f3eccd4afbd08f.png","format":"png","width":138},"_timestamp":1.7516424979262185e+09,"Time Taken to Run the Code(Mins)":0.27100561062494916,"chance_level":10,"Timestep":10,"_step":12,"Accuracy":48.48,"_wandb":{"runtime":15},"_runtime":15.958649026}