{"_wandb":{"runtime":506},"_runtime":506,"_step":12,"_timestamp":1.7582126237784758e+09,"chance_level":10,"Timestep":10,"Accuracy":29.42,"Time Taken to Run the Code(Mins)":8.46124491294225}