{"Timestep":10,"Accuracy":35.16,"Time Taken to Run the Code(Mins)":8.399322032928467,"_wandb":{"runtime":502},"_runtime":502,"_timestamp":1.758213695007786e+09,"_step":12,"chance_level":10}