{"gradients/conv3.bias":{"_type":"histogram","values":[1,0,0,0,0,0,0,1,1,0,0,0,1,0,1,0,1,1,0,1,0,0,1,3,0,1,1,1,0,0,0,1,3,1,0,0,0,0,0,1,0,0,2,1,1,0,0,1,1,1,0,1,0,1,0,0,1,0,0,0,0,0,0,1],"bins":[-0.0018168996321037412,-0.001737973652780056,-0.0016590476734563708,-0.0015801216941326857,-0.0015011957148090005,-0.0014222697354853153,-0.0013433437561616302,-0.001264417776837945,-0.0011854917975142598,-0.0011065658181905746,-0.0010276398388668895,-0.0009487138595432043,-0.0008697878802195191,-0.000790861900895834,-0.0007119359215721488,-0.0006330099422484636,-0.0005540839629247785,-0.0004751579836010933,-0.0003962320042774081,-0.00031730602495372295,-0.00023838004563003778,-0.00015945406630635262,-8.052808698266745e-05,-1.602107658982277e-06,7.732387166470289e-05,0.00015624985098838806,0.00023517583031207323,0.0003141018096357584,0.00039302778895944357,0.00047195376828312874,0.0005508797476068139,0.0006298057269304991,0.0007087318226695061,0.0007876578019931912,0.0008665837813168764,0.0009455097606405616,0.0010244357399642467,0.001103361719287932,0.001182287698611617,0.0012612136779353023,0.0013401396572589874,0.0014190656365826726,0.0014979916159063578,0.001576917595230043,0.001655843574553728,0.0017347695538774133,0.0018136955332010984,0.0018926215125247836,0.0019715474918484688,0.002050473354756832,0.002129399450495839,0.002208325546234846,0.0022872514091432095,0.002366177272051573,0.00244510336779058,0.002524029463529587,0.00260295532643795,0.0026818811893463135,0.0027608072850853205,0.0028397333808243275,0.002918659243732691,0.002997585106641054,0.003076511202380061,0.003155437298119068,0.0032343631610274315]},"_wandb":{"runtime":15},"gradients/conv2.bias":{"bins":[-0.0007132774917408824,-0.0006341184489428997,-0.0005549594643525779,-0.00047580042155459523,-0.000396641407860443,-0.00031748239416629076,-0.0002383233659202233,-0.00015916433767415583,-8.00053239800036e-05,-8.463030098937452e-07,7.83127179602161e-05,0.00015747174620628357,0.0002366307599004358,0.00031578977359458804,0.00039494881639257073,0.00047410783008672297,0.0005532668437808752,0.0006324258865788579,0.0007115848711691797,0.0007907439139671624,0.0008699028985574841,0.0009490619413554668,0.0010282209841534495,0.0011073800269514322,0.001186538953334093,0.0012656979961320758,0.0013448570389300585,0.0014240160817280412,0.0015031751245260239,0.0015823341673240066,0.0016614930937066674,0.0017406521365046501,0.001819811062887311,0.0018989701056852937,0.0019781291484832764,0.0020572880748659372,0.0021364472340792418,0.0022156061604619026,0.0022947650868445635,0.002373924246057868,0.002453083172440529,0.0025322423316538334,0.0026114012580364943,0.002690560184419155,0.0027697193436324596,0.0028488782700151205,0.002928037429228425,0.003007196355611086,0.0030863555148243904,0.0031655144412070513,0.003244673367589712,0.0033238325268030167,0.0034029914531856775,0.003482150612398982,0.003561309538781643,0.0036404684651643038,0.0037196276243776083,0.003798786550760269,0.0038779457099735737,0.003957104403525591,0.004036263562738895,0.0041154227219522,0.0041945818811655045,0.004273740574717522,0.004352899733930826],"_type":"histogram","values":[1,1,0,0,0,0,1,0,3,0,0,0,0,2,0,3,1,1,0,1,1,0,0,0,0,0,0,0,0,0,0,0,0,0,0,0,0,0,0,0,0,0,0,0,0,0,0,0,0,0,0,0,0,0,0,0,0,0,0,0,0,0,0,1]},"gradients/conv3.weight":{"values":[2,1,1,1,0,3,3,2,6,3,1,3,10,9,6,7,18,15,7,15,19,23,35,36,50,46,55,67,78,79,92,107,160,173,218,266,402,554,903,1691,3107,1623,972,602,434,268,186,108,98,59,50,34,13,17,17,10,7,9,3,8,2,4,0,2],"bins":[-0.0028557477053254843,-0.0027848954778164625,-0.0027140432503074408,-0.002643191022798419,-0.0025723387952893972,-0.0025014865677803755,-0.0024306343402713537,-0.002359782112762332,-0.00228892988525331,-0.0022180776577442884,-0.0021472254302352667,-0.002076373202726245,-0.002005520975217223,-0.0019346687477082014,-0.0018638165201991796,-0.0017929642926901579,-0.0017221120651811361,-0.0016512598376721144,-0.0015804076101630926,-0.0015095553826540709,-0.001438703155145049,-0.0013678509276360273,-0.0012969987001270056,-0.0012261464726179838,-0.001155294245108962,-0.0010844420175999403,-0.0010135897900909185,-0.0009427375625818968,-0.000871885335072875,-0.0008010331075638533,-0.0007301808800548315,-0.0006593286525458097,-0.0005884763086214662,-0.0005176240811124444,-0.00044677185360342264,-0.0003759196260944009,-0.0003050673985853791,-0.00023421517107635736,-0.0001633629435673356,-9.251071605831385e-05,-2.1658488549292088e-05,4.919373895972967e-05,0.00012004596646875143,0.0001908981939777732,0.00026175042148679495,0.0003326026489958167,0.00040345487650483847,0.0004743071040138602,0.000545159331522882,0.0006160115590319037,0.0006868637865409255,0.0007577160140499473,0.000828568241558969,0.0008994204690679908,0.0009702726965770125,0.0010411249240860343,0.001111977151595056,0.0011828293791040778,0.0012536816066130996,0.0013245338341221213,0.001395386061631143,0.0014662382891401649,0.0015370905166491866,0.0016079427441582084,0.0016787949716672301],"_type":"histogram"},"gradients/fc2.weight":{"bins":[-0.008272947743535042,-0.008018293417990208,-0.007763638626784086,-0.007508984301239252,-0.007254329510033131,-0.0069996751844882965,-0.006745020393282175,-0.006490366067737341,-0.0062357112765312195,-0.005981056950986385,-0.005726402625441551,-0.00547174783423543,-0.005217093508690596,-0.004962438717484474,-0.00470778439193964,-0.004453129600733519,-0.0041984752751886845,-0.00394382094964385,-0.003689166158437729,-0.003434511600062251,-0.0031798570416867733,-0.002925202716141939,-0.0026705481577664614,-0.0024158935993909836,-0.002161239041015506,-0.001906584482640028,-0.0016519299242645502,-0.0013972754823043942,-0.0011426209239289165,-0.0008879663655534387,-0.0006333118653856218,-0.00037865733611397445,-0.00012400280684232712,0.00013065172242932022,0.00038530625170096755,0.0006399607518687844,0.0008946153102442622,0.00114926986861974,0.001403924310579896,0.0016585788689553738,0.0019132334273308516,0.0021678879857063293,0.002422542544081807,0.002677197102457285,0.002931851428002119,0.003186505986377597,0.0034411605447530746,0.0036958151031285524,0.00395046966150403,0.004205123987048864,0.004459778778254986,0.00471443310379982,0.004969087895005941,0.0052237422205507755,0.005478397011756897,0.005733051337301731,0.005987705662846565,0.006242360454052687,0.006497014779597521,0.006751669570803642,0.007006323896348476,0.007260978687554598,0.007515633013099432,0.0077702878043055534,0.008024942129850388],"_type":"histogram","values":[1,1,0,1,0,0,3,0,2,1,1,3,1,1,1,2,6,6,2,2,5,6,6,3,3,13,16,12,19,28,27,45,369,67,38,29,23,20,6,12,5,9,8,4,5,3,3,4,3,1,1,2,2,3,1,0,0,0,1,1,0,0,1,2]},"_step":0,"gradients/conv1.weight":{"values":[1,1,0,1,3,4,5,4,1,2,5,4,1,1,0,2,1,4,4,4,2,3,7,3,5,6,7,7,7,4,9,8,6,5,8,11,9,9,20,19,19,15,20,22,16,12,21,21,16,11,10,11,7,6,4,7,7,10,3,4,0,3,1,1],