{"Time Taken to Run the Code(Mins)":14.026911850770315,"_wandb":{"runtime":839},"_runtime":839,"_timestamp":1.7582027309894068e+09,"_step":12,"chance_level":10,"Timestep":10,"Accuracy":30.69}