{"_wandb":{"runtime":18},"_runtime":18,"_timestamp":1.757440187531808e+09,"_step":12,"Timestep":10,"Accuracy":36.41,"chance_level":10,"Time Taken to Run the Code(Mins)":0.3310973127683004}