{"Time Taken to Run the Code(Mins)":0.29651090304056804,"Accuracy":65.86,"MediaLogs/gauss_0.2":{"caption":"Noisy Images: gauss 0.2","_type":"image-file","sha256":"45f4dc678aa706151bebfea1540f5a37a816d74589f6ccf6fdeedb9f2f08c515","size":20156,"path":"media/images/MediaLogs/gauss_0.2_0_45f4dc678aa706151beb.png","format":"png","width":138,"height":70},"chance_level":10,"_wandb":{"runtime":17},"_timestamp":1.7516379962279465e+09,"_runtime":17.484405258,"_step":12,"Timestep":10}