{"_step":12,"_timestamp":1.7579560485091271e+09,"Timestep":10,"Accuracy":38.49,"chance_level":10,"Time Taken to Run the Code(Mins)":6.820609617233276,"_wandb":{"runtime":407},"_runtime":407}