{"_wandb":{"runtime":613},"_runtime":613,"_step":12,"_timestamp":1.75792445426193e+09,"Accuracy":38.34,"chance_level":10,"Timestep":10,"Time Taken to Run the Code(Mins)":10.25267284711202}