{"_step":12,"_timestamp":1.7581928586356242e+09,"Timestep":10,"Accuracy":36.42,"chance_level":10,"Time Taken to Run the Code(Mins)":6.868496779600779,"_wandb":{"runtime":410},"_runtime":410}