{"_wandb":{"runtime":246},"_runtime":246,"_timestamp":1.7570892824760106e+09,"_step":12,"Timestep":10,"Accuracy":32.8,"chance_level":10,"Time Taken to Run the Code(Mins)":4.125586835543315}