{"Time Taken to Run the Code(Mins)":0.3411882479985555,"_wandb":{"runtime":19},"_runtime":19,"_timestamp":1.7574317910142102e+09,"_step":12,"Accuracy":38.39,"chance_level":10,"Timestep":10}