{"_wandb":{"runtime":272},"_runtime":272,"_timestamp":1.7570905752344854e+09,"_step":12,"Timestep":10,"Accuracy":32.93,"chance_level":10,"Time Taken to Run the Code(Mins)":4.572051012516022}