{"_wandb":{"runtime":18},"_runtime":18,"_timestamp":1.7574299381819193e+09,"_step":12,"Timestep":10,"Accuracy":36.61,"chance_level":10,"Time Taken to Run the Code(Mins)":0.329139777024587}