{"Accuracy":36.63,"Time Taken to Run the Code(Mins)":0.3242075840632121,"_wandb":{"runtime":18},"_runtime":18,"_timestamp":1.7574299648198204e+09,"_step":12,"chance_level":10,"Timestep":10}