{"chance_level":10,"Time Taken to Run the Code(Mins)":6.841764982541402,"_wandb":{"runtime":409},"_runtime":409,"_timestamp":1.7582107936257331e+09,"_step":12,"Timestep":10,"Accuracy":29.52}