{"Time Taken to Run the Code(Mins)":8.5688059369723,"_wandb":{"runtime":512},"_runtime":512,"_timestamp":1.7579533627652543e+09,"_step":12,"Accuracy":36.63,"chance_level":10,"Timestep":10}