{"_step":12,"Timestep":10,"Accuracy":34.23,"chance_level":10,"Time Taken to Run the Code(Mins)":6.955340512593588,"_wandb":{"runtime":415},"_runtime":415,"_timestamp":1.758189736638188e+09}