{"_runtime":463,"_timestamp":1.7582088526122718e+09,"_step":12,"Timestep":10,"Accuracy":31.57,"chance_level":10,"Time Taken to Run the Code(Mins)":7.748840502897898,"_wandb":{"runtime":463}}