{"_timestamp":1.7579484739390516e+09,"_step":12,"Timestep":10,"Accuracy":36.09,"chance_level":10,"Time Taken to Run the Code(Mins)":7.993435839811961,"_wandb":{"runtime":478},"_runtime":478}