{"Accuracy":38.25,"chance_level":10,"Time Taken to Run the Code(Mins)":0.32333653370539345,"_wandb":{"runtime":18},"_runtime":18,"_timestamp":1.7574419119417713e+09,"_step":12,"Timestep":10}