{"Time Taken to Run the Code(Mins)":0.3266217072804769,"_wandb":{"runtime":18},"_runtime":18,"_timestamp":1.757418362900508e+09,"_step":12,"Timestep":10,"Accuracy":38.4,"chance_level":10}