{"_step":12,"Accuracy":38.39,"chance_level":10,"Timestep":10,"Time Taken to Run the Code(Mins)":0.32103006839752196,"_wandb":{"runtime":18},"_runtime":18,"_timestamp":1.757431735913211e+09}