{"_timestamp":1.7579589022330558e+09,"_step":12,"Timestep":10,"Accuracy":36.94,"chance_level":10,"Time Taken to Run the Code(Mins)":7.614221874872843,"_wandb":{"runtime":455},"_runtime":455}