{"Accuracy":31.43,"chance_level":10,"Timestep":10,"Time Taken to Run the Code(Mins)":7.066464142004649,"_wandb":{"runtime":422},"_runtime":422,"_timestamp":1.7582159825641444e+09,"_step":12}