{"_timestamp":1.7574202717975407e+09,"Accuracy":38.42,"chance_level":10,"Timestep":10,"Time Taken to Run the Code(Mins)":0.3601358373959859,"_wandb":{"runtime":20},"_runtime":20,"_step":12}