{"Time Taken to Run the Code(Mins)":4.831058303515117,"_wandb":{"runtime":288},"_runtime":288,"_step":12,"_timestamp":1.75708490357185e+09,"Timestep":10,"Accuracy":32.08,"chance_level":10}