{"Accuracy":36.54,"chance_level":10,"Time Taken to Run the Code(Mins)":8.28315681219101,"_wandb":{"runtime":495},"_runtime":495,"_timestamp":1.7581930663160741e+09,"_step":12,"Timestep":10}