{"chance_level":10,"Time Taken to Run the Code(Mins)":5.991717433929443,"_wandb":{"runtime":357},"_runtime":357,"_timestamp":1.7582127750868483e+09,"_step":12,"Timestep":10,"Accuracy":37.54}