{"Time Taken to Run the Code(Mins)":0.2699480732282003,"MediaLogs/s&p_0.6000000000000001":{"width":138,"height":70,"caption":"Noisy Images: s&p 0.6000000000000001","_type":"image-file","sha256":"698e315362b6ccbd9c79b1c2ac20021c439ba41b9c5e0e51e8c65c93082dd334","size":14570,"path":"media/images/MediaLogs/s&p_0.6000000000000001_0_698e315362b6ccbd9c79.png","format":"png"},"_step":12,"chance_level":10,"Timestep":10,"Accuracy":18.27,"_wandb":{"runtime":15},"_timestamp":1.7514704113616328e+09,"_runtime":15.892151808}