{"_wandb":{"runtime":18},"_runtime":18,"_step":12,"_timestamp":1.7574182282754831e+09,"Accuracy":38.41,"chance_level":10,"Timestep":10,"Time Taken to Run the Code(Mins)":0.32791422605514525}