{"chance_level":10,"Timestep":10,"Accuracy":37.6,"Time Taken to Run the Code(Mins)":11.528423591454823,"_wandb":{"runtime":690},"_runtime":690,"_timestamp":1.7579344700997322e+09,"_step":12}