{"_runtime":520,"_timestamp":1.7579547451882644e+09,"_step":12,"Timestep":10,"Accuracy":36.23,"chance_level":10,"Time Taken to Run the Code(Mins)":8.703058830897014,"_wandb":{"runtime":520}}