{"chance_level":10,"Time Taken to Run the Code(Mins)":7.64363861878713,"_wandb":{"runtime":457},"_runtime":457,"_step":12,"_timestamp":1.7581973299190164e+09,"Timestep":10,"Accuracy":31.1}