{"_wandb":{"runtime":609},"_runtime":609,"_timestamp":1.7579518301604068e+09,"_step":12,"Timestep":10,"Accuracy":37.76,"chance_level":10,"Time Taken to Run the Code(Mins)":10.178492867946625}