{"Time Taken to Run the Code(Mins)":0.26866145531336466,"_step":12,"Accuracy":53.83,"chance_level":10,"_runtime":15.815565145,"_wandb":{"runtime":15},"MediaLogs/s&p_0.02":{"sha256":"6d9678668fc378e1951bb630f4f538672833bbd927b8b3128ea48471d230098d","size":19693,"path":"media/images/MediaLogs/s&p_0.02_0_6d9678668fc378e1951b.png","format":"png","width":138,"height":70,"caption":"Noisy Images: s&p 0.02","_type":"image-file"},"_timestamp":1.7519646305015955e+09,"Timestep":10}