{"_timestamp":1.7574456115199816e+09,"_step":12,"Timestep":10,"Accuracy":36.03,"chance_level":10,"Time Taken to Run the Code(Mins)":0.3330181757609049,"_wandb":{"runtime":18},"_runtime":18}