{"Timestep":10,"Accuracy":38.35,"chance_level":10,"Time Taken to Run the Code(Mins)":8.96718373298645,"_wandb":{"runtime":536},"_runtime":536,"_step":12,"_timestamp":1.757950899530541e+09}