{"_timestamp":1.7574226143409271e+09,"_step":12,"Accuracy":38.11,"chance_level":10,"Timestep":10,"Time Taken to Run the Code(Mins)":0.34299283822377524,"_wandb":{"runtime":19},"_runtime":19}