{"_timestamp":1.757083714250192e+09,"_step":12,"Timestep":10,"Accuracy":32.64,"chance_level":10,"Time Taken to Run the Code(Mins)":1.7905394117037454,"_wandb":{"runtime":106},"_runtime":106}