{"chance_level":10,"Time Taken to Run the Code(Mins)":9.95742290019989,"_wandb":{"runtime":595},"_runtime":595,"_timestamp":1.7579319335653517e+09,"_step":12,"Timestep":10,"Accuracy":37.86}