{"Time Taken to Run the Code(Mins)":7.30755789677302,"_wandb":{"runtime":437},"_runtime":437,"_timestamp":1.7579592190796103e+09,"_step":12,"Timestep":10,"Accuracy":36.94,"chance_level":10}