{"_runtime":420,"_timestamp":1.7582210440020194e+09,"_step":12,"Timestep":10,"Accuracy":32.19,"chance_level":10,"Time Taken to Run the Code(Mins)":7.035354431470235,"_wandb":{"runtime":420}}