{"_step":12,"chance_level":10,"Timestep":10,"Accuracy":36.88,"Time Taken to Run the Code(Mins)":0.3223130981127421,"_wandb":{"runtime":18},"_runtime":18,"_timestamp":1.7574452617634854e+09}