{"_runtime":18,"_step":12,"_timestamp":1.757432359234811e+09,"Timestep":10,"Accuracy":38.26,"chance_level":10,"Time Taken to Run the Code(Mins)":0.3284955104192098,"_wandb":{"runtime":18}}