{"Accuracy":37.99,"chance_level":10,"Timestep":10,"Time Taken to Run the Code(Mins)":9.871574437618255,"_wandb":{"runtime":590},"_runtime":590,"_timestamp":1.7579371445610998e+09,"_step":12}