{"_wandb":{"runtime":492},"_runtime":492,"_step":12,"_timestamp":1.7579348166064932e+09,"Timestep":10,"Accuracy":37.59,"chance_level":10,"Time Taken to Run the Code(Mins)":8.254062978426616}