{"Accuracy":69.69,"_timestamp":1.7513738570563102e+09,"Time Taken to Run the Code(Mins)":0.2640638709068298,"_wandb":{"runtime":15},"_runtime":15.610995942,"_step":11,"Timestep":10}