{"_timestamp":1.7574243748682714e+09,"_step":12,"Timestep":10,"Accuracy":37.55,"chance_level":10,"Time Taken to Run the Code(Mins)":0.3338256994883219,"_wandb":{"runtime":18},"_runtime":18}