{"chance_level":10,"Time Taken to Run the Code(Mins)":4.846536076068878,"_wandb":{"runtime":289},"_runtime":289,"_timestamp":1.7570839383163905e+09,"_step":12,"Timestep":10,"Accuracy":32.64}