{"_timestamp":1.7570895476246247e+09,"_step":12,"Timestep":10,"Accuracy":32.19,"chance_level":10,"Time Taken to Run the Code(Mins)":4.27437527179718,"_wandb":{"runtime":255},"_runtime":255}