{"_step":12,"Timestep":10,"Accuracy":34.08,"chance_level":10,"Time Taken to Run the Code(Mins)":6.7378604729970295,"_wandb":{"runtime":402},"_runtime":402,"_timestamp":1.758191202668617e+09}