{"chance_level":10,"Time Taken to Run the Code(Mins)":7.4985706051190695,"_wandb":{"runtime":448},"_runtime":448,"_timestamp":1.7579584147295513e+09,"_step":12,"Timestep":10,"Accuracy":37.57}