{"Time Taken to Run the Code(Mins)":4.911450672149658,"_wandb":{"runtime":293},"_runtime":293,"_timestamp":1.7570745476722004e+09,"_step":12,"Timestep":10,"Accuracy":32.77,"chance_level":10}