{"_timestamp":1.7570904354046726e+09,"_step":12,"chance_level":10,"Timestep":10,"Accuracy":33.09,"Time Taken to Run the Code(Mins)":4.465131711959839,"_wandb":{"runtime":266},"_runtime":266}