{"_runtime":16.267256173,"_step":11,"Time Taken to Run the Code(Mins)":0.27571856578191123,"_wandb":{"runtime":16},"Timestep":10,"Accuracy":69.69,"_timestamp":1.7513740896068485e+09}