{"Accuracy":34.71,"chance_level":10,"Time Taken to Run the Code(Mins)":7.392684984207153,"_wandb":{"runtime":442},"_runtime":442,"_step":12,"_timestamp":1.7581894065058699e+09,"Timestep":10}