{"_timestamp":1.7579471675219204e+09,"_step":12,"Timestep":10,"Accuracy":36.41,"chance_level":10,"Time Taken to Run the Code(Mins)":8.916978760560353,"_wandb":{"runtime":533},"_runtime":533}