{"Accuracy":38.25,"chance_level":10,"Time Taken to Run the Code(Mins)":9.556235690911612,"_wandb":{"runtime":571},"_runtime":571,"_step":12,"_timestamp":1.7579437002871277e+09,"Timestep":10}