{"MediaLogs/s&p_0.4":{"sha256":"9c04c5b3bdb267bc4705db6d0e1134ee42345c887749caece81c4aff8a090c3d","size":21658,"path":"media/images/MediaLogs/s&p_0.4_0_9c04c5b3bdb267bc4705.png","format":"png","width":138,"height":70,"caption":"Noisy Images: s&p 0.4","_type":"image-file"},"chance_level":10,"Timestep":10,"Accuracy":23.26,"_runtime":16.02085789,"Time Taken to Run the Code(Mins)":0.27206804752349856,"_wandb":{"runtime":16},"_timestamp":1.7514712100104856e+09,"_step":12}