{"_wandb":{"runtime":18},"_runtime":18,"_timestamp":1.7574363736101208e+09,"_step":12,"Timestep":10,"Accuracy":36.03,"chance_level":10,"Time Taken to Run the Code(Mins)":0.3215264479319255}