{"chance_level":10,"Timestep":10,"Time Taken to Run the Code(Mins)":9.26962289015452,"_wandb":{"runtime":554},"_runtime":554,"_timestamp":1.75792733294339e+09,"_step":12,"Accuracy":38.42}