{"_timestamp":1.7574217130356836e+09,"Timestep":10,"Accuracy":38.39,"chance_level":10,"Time Taken to Run the Code(Mins)":0.337903622786204,"_wandb":{"runtime":19},"_runtime":19,"_step":12}