{"Accuracy":38.38,"chance_level":10,"Time Taken to Run the Code(Mins)":0.3263959010442098,"_wandb":{"runtime":18},"_runtime":18,"_timestamp":1.757422068954967e+09,"_step":12,"Timestep":10}