{"Time Taken to Run the Code(Mins)":4.649767422676087,"_wandb":{"runtime":277},"_runtime":277,"_timestamp":1.7570881840685215e+09,"_step":12,"Timestep":10,"Accuracy":31.52,"chance_level":10}