{"Accuracy":38.42,"chance_level":10,"Time Taken to Run the Code(Mins)":8.946779425938924,"_wandb":{"runtime":535},"_runtime":535,"_timestamp":1.7579272515053868e+09,"_step":12,"Timestep":10}