{"_wandb":{"runtime":20},"_runtime":20,"_timestamp":1.757431546063654e+09,"_step":12,"Timestep":10,"Accuracy":36.36,"chance_level":10,"Time Taken to Run the Code(Mins)":0.36528707345326744}