{"_step":12,"chance_level":10,"MediaLogs/gauss_0.06":{"caption":"Noisy Images: gauss 0.06","_type":"image-file","sha256":"fb4f18abaa786478c902089c03246b573543818264d6cd766815c05412f01760","size":18959,"path":"media/images/MediaLogs/gauss_0.06_0_fb4f18abaa786478c902.png","format":"png","width":138,"height":70},"_timestamp":1.7514690555344846e+09,"Accuracy":63.17,"Time Taken to Run the Code(Mins)":0.277029279867808,"_wandb":{"runtime":16},"Timestep":10,"_runtime":16.319474832}