{"_runtime":550,"_step":12,"_timestamp":1.7582090619605463e+09,"Timestep":10,"Accuracy":32.03,"chance_level":10,"Time Taken to Run the Code(Mins)":9.200191875298819,"_wandb":{"runtime":550}}