{"_step":12,"Timestep":10,"Accuracy":37.51,"chance_level":10,"Time Taken to Run the Code(Mins)":0.3243953744570414,"_wandb":{"runtime":18},"_runtime":18,"_timestamp":1.7574259439433174e+09}