{"Accuracy":38.32,"chance_level":10,"Time Taken to Run the Code(Mins)":9.28233213822047,"_wandb":{"runtime":555},"_runtime":555,"_timestamp":1.7579506788984125e+09,"_step":12,"Timestep":10}