{"chance_level":10,"Time Taken to Run the Code(Mins)":8.663967923323314,"_wandb":{"runtime":518},"_runtime":518,"_step":12,"_timestamp":1.7579470825648174e+09,"Timestep":10,"Accuracy":36.31}