{"Time Taken to Run the Code(Mins)":4.221549467245738,"_wandb":{"runtime":251},"_runtime":251,"_timestamp":1.7570914741619284e+09,"_step":12,"Accuracy":31.1,"chance_level":10,"Timestep":10}