{"Timestep":10,"Accuracy":37.05,"chance_level":10,"Time Taken to Run the Code(Mins)":0.3329755425453186,"_wandb":{"runtime":18},"_runtime":18,"_timestamp":1.757429584669461e+09,"_step":12}