{"_runtime":560,"_timestamp":1.7579460068949032e+09,"_step":12,"Timestep":10,"Accuracy":37.04,"chance_level":10,"Time Taken to Run the Code(Mins)":9.365014326572418,"_wandb":{"runtime":560}}