{"_wandb":{"runtime":410},"_runtime":410,"_timestamp":1.7582147376309118e+09,"_step":12,"Timestep":10,"Accuracy":33.35,"chance_level":10,"Time Taken to Run the Code(Mins)":6.866853678226471}