{"_runtime":419,"_timestamp":1.7581925579472866e+09,"_step":12,"chance_level":10,"Timestep":10,"Accuracy":36.41,"Time Taken to Run the Code(Mins)":7.030354348818461,"_wandb":{"runtime":419}}