{"Timestep":10,"Accuracy":38.34,"chance_level":10,"Time Taken to Run the Code(Mins)":0.3273459633191427,"_wandb":{"runtime":18},"_runtime":18,"_timestamp":1.757421877247112e+09,"_step":12}