{"Timestep":10,"Accuracy":38.35,"chance_level":10,"Time Taken to Run the Code(Mins)":0.33483052253723145,"_wandb":{"runtime":19},"_runtime":19,"_step":12,"_timestamp":1.757426765545274e+09}