{"_runtime":570,"_timestamp":1.757941194255418e+09,"_step":12,"Timestep":10,"Accuracy":37.03,"chance_level":10,"Time Taken to Run the Code(Mins)":9.545562601089477,"_wandb":{"runtime":570}}