{"_wandb":{"runtime":249},"_runtime":249,"_step":12,"_timestamp":1.758222961067723e+09,"Accuracy":30.58,"chance_level":10,"Timestep":10,"Time Taken to Run the Code(Mins)":4.177825669447581}