{"_timestamp":1.7581869197866297e+09,"_step":12,"Timestep":10,"Accuracy":37.24,"chance_level":10,"Time Taken to Run the Code(Mins)":8.929441678524018,"_wandb":{"runtime":532},"_runtime":532}