{"_wandb":{"runtime":4},"_runtime":4,"Time Taken to Run the Code(Mins)":0.091144597530365,"_timestamp":1.757415535304944e+09,"_step":0}