{"_timestamp":1.7513789106203358e+09,"_runtime":15.388394604,"_step":11,"Timestep":10,"Accuracy":69.31,"Time Taken to Run the Code(Mins)":0.26042933464050294,"_wandb":{"runtime":15}}