{"Timestep":10,"Accuracy":36.17,"chance_level":10,"Time Taken to Run the Code(Mins)":7.447645775477091,"_wandb":{"runtime":445},"_runtime":445,"_timestamp":1.7579596519180744e+09,"_step":12}