{"Time Taken to Run the Code(Mins)":9.70425616502762,"_wandb":{"runtime":580},"_runtime":580,"_timestamp":1.7582002234747305e+09,"_step":12,"Accuracy":31.33,"chance_level":10,"Timestep":10}