{"chance_level":10,"Time Taken to Run the Code(Mins)":0.33145708243052163,"_wandb":{"runtime":18},"_runtime":18,"_timestamp":1.75743898796931e+09,"_step":12,"Timestep":10,"Accuracy":37.05}