{"_timestamp":1.7579582120561824e+09,"_step":12,"Timestep":10,"Accuracy":37.43,"chance_level":10,"Time Taken to Run the Code(Mins)":7.451555796464285,"_wandb":{"runtime":445},"_runtime":445}