{"_step":12,"chance_level":10,"Timestep":10,"Accuracy":33.9,"Time Taken to Run the Code(Mins)":7.673803901672363,"_wandb":{"runtime":458},"_runtime":458,"_timestamp":1.7581935448345404e+09}