{"Timestep":10,"Accuracy":33.22,"chance_level":10,"Time Taken to Run the Code(Mins)":5.119478857517242,"_wandb":{"runtime":306},"_runtime":306,"_timestamp":1.7570860429401429e+09,"_step":12}