{"_step":12,"_timestamp":1.757444742038322e+09,"Timestep":10,"Accuracy":36.82,"chance_level":10,"Time Taken to Run the Code(Mins)":0.3370862682660421,"_wandb":{"runtime":19},"_runtime":19}