{"_wandb":{"runtime":442},"_runtime":442,"_timestamp":1.7579580351315792e+09,"_step":12,"Timestep":10,"Accuracy":37.3,"chance_level":10,"Time Taken to Run the Code(Mins)":7.398583400249481}