{"_wandb":{"runtime":419},"_runtime":419,"_timestamp":1.75819350523459e+09,"_step":12,"Timestep":10,"Accuracy":33.86,"chance_level":10,"Time Taken to Run the Code(Mins)":7.009809641043345}