{"_timestamp":1.7574376199677157e+09,"_step":12,"Timestep":10,"Accuracy":38.28,"chance_level":10,"Time Taken to Run the Code(Mins)":0.3196820298830668,"_wandb":{"runtime":18},"_runtime":18}