{"_step":12,"_timestamp":1.7574330101678848e+09,"Timestep":10,"Accuracy":38.15,"chance_level":10,"Time Taken to Run the Code(Mins)":0.32277145783106487,"_wandb":{"runtime":18},"_runtime":18}