{"Time Taken to Run the Code(Mins)":0.32990507284800213,"_wandb":{"runtime":18},"_runtime":18,"_timestamp":1.75742462692967e+09,"_step":12,"chance_level":10,"Timestep":10,"Accuracy":37.49}