{"Time Taken to Run the Code(Mins)":8.699844229221345,"_wandb":{"runtime":520},"_runtime":520,"_timestamp":1.7579542891371832e+09,"_step":12,"Timestep":10,"Accuracy":36.08,"chance_level":10}