{"_runtime":410,"_timestamp":1.758221621360428e+09,"_step":12,"Accuracy":30.8,"chance_level":10,"Timestep":10,"Time Taken to Run the Code(Mins)":6.8668627897898356,"_wandb":{"runtime":410}}