{"_wandb":{"runtime":447},"_runtime":447,"_timestamp":1.7582178583186448e+09,"_step":12,"Timestep":10,"Accuracy":29.82,"chance_level":10,"Time Taken to Run the Code(Mins)":7.486030904452006}