{"chance_level":10,"Time Taken to Run the Code(Mins)":0.34466787179311115,"_wandb":{"runtime":19},"_runtime":19,"_timestamp":1.75742679319301e+09,"_step":12,"Timestep":10,"Accuracy":38.38}