{"Time Taken to Run the Code(Mins)":12.321277244885762,"_wandb":{"runtime":737},"_runtime":737,"_timestamp":1.7579292860998068e+09,"_step":12,"Accuracy":38.3,"chance_level":10,"Timestep":10}