{"Accuracy":37.26,"chance_level":10,"Time Taken to Run the Code(Mins)":0.3409534970919291,"_wandb":{"runtime":19},"_runtime":19,"_timestamp":1.7574439740060627e+09,"_step":12,"Timestep":10}