{"Time Taken to Run the Code(Mins)":7.564650523662567,"_wandb":{"runtime":452},"_runtime":452,"_timestamp":1.7579585655095863e+09,"_step":12,"Timestep":10,"Accuracy":36.82,"chance_level":10}