{"_step":12,"_timestamp":1.7574249356750917e+09,"Timestep":10,"Accuracy":37.53,"chance_level":10,"Time Taken to Run the Code(Mins)":0.34754691918691,"_wandb":{"runtime":19},"_runtime":19}