{"_step":101,"chance_level":10,"Timestep":100,"Accuracy":62.248345947368065,"_wandb":{"runtime":119},"_runtime":119,"_timestamp":1.7611485033044763e+09}