{"_runtime":15.505240808,"_step":11,"Timestep":10,"Time Taken to Run the Code(Mins)":0.26245065530141193,"_wandb":{"runtime":15},"Accuracy":68.04,"_timestamp":1.7513748470593736e+09}