{"_step":12,"chance_level":10,"Timestep":10,"Accuracy":33.2,"Time Taken to Run the Code(Mins)":4.940940209229788,"_wandb":{"runtime":295},"_runtime":295,"_timestamp":1.7570858455292742e+09}