{"_step":12,"Accuracy":38.03,"chance_level":10,"Timestep":10,"Time Taken to Run the Code(Mins)":0.33435236612955727,"_wandb":{"runtime":19},"_runtime":19,"_timestamp":1.757432684715192e+09}