{"_timestamp":1.7579524708091679e+09,"_step":12,"Timestep":10,"Accuracy":37.21,"chance_level":10,"Time Taken to Run the Code(Mins)":9.352245906988779,"_wandb":{"runtime":559},"_runtime":559}