{"Accuracy":36.91,"chance_level":10,"Time Taken to Run the Code(Mins)":6.95768590370814,"_wandb":{"runtime":415},"_runtime":415,"_timestamp":1.757959272432962e+09,"_step":12,"Timestep":10}