{"_timestamp":1.7513750810009499e+09,"_runtime":15.460342857,"_step":11,"Time Taken to Run the Code(Mins)":0.26165043910344443,"_wandb":{"runtime":15},"Timestep":10,"Accuracy":69.69}