{"Timestep":10,"Accuracy":33.83,"chance_level":10,"Time Taken to Run the Code(Mins)":6.876679797967275,"_wandb":{"runtime":410},"_runtime":410,"_timestamp":1.758191633071255e+09,"_step":12}