{"_timestamp":1.7574259169590943e+09,"_step":12,"Timestep":10,"Accuracy":37.5,"chance_level":10,"Time Taken to Run the Code(Mins)":0.3240672469139099,"_wandb":{"runtime":18},"_runtime":18}