{"_step":12,"Accuracy":37.19,"chance_level":10,"Timestep":10,"Time Taken to Run the Code(Mins)":0.3268299420674642,"_wandb":{"runtime":18},"_runtime":18,"_timestamp":1.7574395803960836e+09}