{"_timestamp":1.757428882325008e+09,"_step":12,"Timestep":10,"Accuracy":37.38,"chance_level":10,"Time Taken to Run the Code(Mins)":0.3234923680623372,"_wandb":{"runtime":18},"_runtime":18}