{"Accuracy":37.89,"chance_level":10,"Time Taken to Run the Code(Mins)":9.5382417400678,"_wandb":{"runtime":570},"_runtime":570,"_timestamp":1.7579321903514209e+09,"_step":12,"Timestep":10}