{"Time Taken to Run the Code(Mins)":9.322153429190317,"_wandb":{"runtime":557},"_runtime":557,"_timestamp":1.7579284796574667e+09,"_step":12,"Timestep":10,"Accuracy":38.37,"chance_level":10}