{"Time Taken to Run the Code(Mins)":5.286671372254689,"_wandb":{"runtime":315},"_runtime":315,"_timestamp":1.7570863924751194e+09,"_step":12,"chance_level":10,"Timestep":10,"Accuracy":31.98}