{"Accuracy":38.33,"chance_level":10,"Timestep":10,"Time Taken to Run the Code(Mins)":8.322144178549449,"_wandb":{"runtime":497},"_runtime":497,"_step":12,"_timestamp":1.7579263169194012e+09}