{"_wandb":{"runtime":592},"_runtime":592,"_timestamp":1.7579360563484473e+09,"_step":12,"Timestep":10,"Accuracy":38.34,"chance_level":10,"Time Taken to Run the Code(Mins)":9.913001720110575}