{"_step":12,"Timestep":10,"Accuracy":32.43,"chance_level":10,"Time Taken to Run the Code(Mins)":7.760413563251495,"_wandb":{"runtime":464},"_runtime":464,"_timestamp":1.758209865372929e+09}