{"_runtime":480,"_step":12,"_timestamp":1.7581959751871254e+09,"Timestep":10,"Accuracy":31.39,"chance_level":10,"Time Taken to Run the Code(Mins)":8.035041797161103,"_wandb":{"runtime":480}}