{"_timestamp":1.7570887438511202e+09,"_step":12,"Timestep":10,"Accuracy":31.01,"chance_level":10,"Time Taken to Run the Code(Mins)":4.6404390096664425,"_wandb":{"runtime":277},"_runtime":277}