{"chance_level":10,"Time Taken to Run the Code(Mins)":0.3283243258794149,"_wandb":{"runtime":18},"_runtime":18,"_timestamp":1.757437104577728e+09,"_step":12,"Timestep":10,"Accuracy":38.25}