{"_wandb":{"runtime":464},"_runtime":464,"_timestamp":1.7581974317445824e+09,"_step":12,"Timestep":10,"Accuracy":31.07,"chance_level":10,"Time Taken to Run the Code(Mins)":7.761574558417002}