{"_step":12,"chance_level":10,"Timestep":10,"Accuracy":31.46,"Time Taken to Run the Code(Mins)":1.3986513336499533,"_wandb":{"runtime":82},"_runtime":82,"_timestamp":1.7570911739670956e+09}