{"Accuracy":31.43,"chance_level":10,"Time Taken to Run the Code(Mins)":1.3385584553082783,"_wandb":{"runtime":79},"_runtime":79,"_timestamp":1.7570911781422684e+09,"_step":12,"Timestep":10}