{"MediaLogs/gauss_0.2":{"size":20156,"path":"media/images/MediaLogs/gauss_0.2_0_45f4dc678aa706151beb.png","format":"png","width":138,"height":70,"caption":"Noisy Images: gauss 0.2","_type":"image-file","sha256":"45f4dc678aa706151bebfea1540f5a37a816d74589f6ccf6fdeedb9f2f08c515"},"Timestep":10,"chance_level":10,"_wandb":{"runtime":15},"_step":12,"_timestamp":1.7516512398169725e+09,"_runtime":15.989859215,"Time Taken to Run the Code(Mins)":0.2715288718541463,"Accuracy":58.04}