{"Time Taken to Run the Code(Mins)":0.3472522020339966,"_wandb":{"runtime":19},"_runtime":19,"_timestamp":1.757428017890096e+09,"_step":12,"Accuracy":37.98,"chance_level":10,"Timestep":10}