{"Timestep":10,"Accuracy":38.17,"chance_level":10,"Time Taken to Run the Code(Mins)":7.502467207113901,"_wandb":{"runtime":449},"_runtime":449,"_timestamp":1.757955701133195e+09,"_step":12}