{"_wandb":{"runtime":385},"_runtime":385,"_step":12,"_timestamp":1.7582163639014564e+09,"Timestep":10,"Accuracy":30.08,"chance_level":10,"Time Taken to Run the Code(Mins)":6.444131290912628}