{"Timestep":10,"Accuracy":34.34,"chance_level":10,"Time Taken to Run the Code(Mins)":6.808574203650156,"_wandb":{"runtime":407},"_runtime":407,"_timestamp":1.7582082340211751e+09,"_step":12}