{"_runtime":19,"_timestamp":1.7574261366644635e+09,"_step":12,"Timestep":10,"Accuracy":37.51,"chance_level":10,"Time Taken to Run the Code(Mins)":0.3404145121574402,"_wandb":{"runtime":19}}