{"_runtime":441,"_timestamp":1.7582224940319211e+09,"_step":12,"Timestep":10,"Accuracy":29.94,"chance_level":10,"Time Taken to Run the Code(Mins)":7.387535778681437,"_wandb":{"runtime":441}}