{"_wandb":{"runtime":670},"_runtime":670,"_timestamp":1.757936825349858e+09,"_step":12,"Timestep":10,"Accuracy":37.86,"chance_level":10,"Time Taken to Run the Code(Mins)":11.213510406017303}