{"Accuracy":29.84,"chance_level":10,"Time Taken to Run the Code(Mins)":7.747605121135711,"_wandb":{"runtime":463},"_runtime":463,"_timestamp":1.7582111326512156e+09,"_step":12,"Timestep":10}