{"Time Taken to Run the Code(Mins)":0.32047282457351683,"_wandb":{"runtime":18},"_runtime":18,"_timestamp":1.7574343105891397e+09,"_step":12,"Timestep":10,"Accuracy":37.04,"chance_level":10}