{"_runtime":530,"_step":12,"_timestamp":1.7579535260583558e+09,"Timestep":10,"Accuracy":36.72,"chance_level":10,"Time Taken to Run the Code(Mins)":8.869350739320119,"_wandb":{"runtime":530}}