{"Accuracy":33.07,"chance_level":10,"Time Taken to Run the Code(Mins)":3.904996613661448,"_wandb":{"runtime":233},"_runtime":233,"_timestamp":1.757078514009325e+09,"_step":12,"Timestep":10}