{"Accuracy":31.22,"chance_level":10,"Time Taken to Run the Code(Mins)":4.411683162053426,"_wandb":{"runtime":263},"_runtime":263,"_timestamp":1.7570884684191768e+09,"_step":12,"Timestep":10}