{"_runtime":623,"_timestamp":1.7579225666463356e+09,"_step":12,"Timestep":10,"Accuracy":38.06,"chance_level":10,"Time Taken to Run the Code(Mins)":10.42297789255778,"_wandb":{"runtime":623}}