{"_wandb":{"runtime":620},"_runtime":620,"_timestamp":1.7579416509669194e+09,"_step":12,"chance_level":10,"Timestep":10,"Accuracy":36.31,"Time Taken to Run the Code(Mins)":10.359791354338329}