{"Timestep":10,"Accuracy":36.92,"chance_level":10,"Time Taken to Run the Code(Mins)":6.969840888182322,"_wandb":{"runtime":416},"_runtime":416,"_timestamp":1.757958822651863e+09,"_step":12}