{"_timestamp":1.7574425919610033e+09,"_step":12,"Timestep":10,"Accuracy":38.48,"chance_level":10,"Time Taken to Run the Code(Mins)":0.3207900047302246,"_wandb":{"runtime":18},"_runtime":18}