{"_wandb":{"runtime":400},"_runtime":400,"_step":12,"_timestamp":1.7581916315721397e+09,"Timestep":10,"Accuracy":33.82,"chance_level":10,"Time Taken to Run the Code(Mins)":6.712995882829031}