{"_step":12,"Accuracy":33.93,"chance_level":10,"Timestep":10,"Time Taken to Run the Code(Mins)":6.836416868368785,"_wandb":{"runtime":408},"_runtime":408,"_timestamp":1.7581937503301528e+09}