{"Timestep":10,"Accuracy":29,"chance_level":10,"Time Taken to Run the Code(Mins)":6.7701488614082335,"_wandb":{"runtime":404},"_runtime":404,"_timestamp":1.7582116180613067e+09,"_step":12}