{"_wandb":{"runtime":532},"_runtime":532,"_timestamp":1.757931820736198e+09,"_step":12,"Timestep":10,"Accuracy":37.89,"chance_level":10,"Time Taken to Run the Code(Mins)":8.929853304227192}