{"Accuracy":32.66,"Time Taken to Run the Code(Mins)":4.649352590243022,"_wandb":{"runtime":277},"_runtime":277,"_step":12,"_timestamp":1.7570839164112225e+09,"chance_level":10,"Timestep":10}