{"Accuracy":37.61,"chance_level":10,"Time Taken to Run the Code(Mins)":8.58588893810908,"_wandb":{"runtime":513},"_runtime":513,"_step":12,"_timestamp":1.7582131750066762e+09,"Timestep":10}