{"Time Taken to Run the Code(Mins)":6.789539992809296,"_wandb":{"runtime":405},"_runtime":405,"_timestamp":1.757957247644112e+09,"_step":12,"Timestep":10,"Accuracy":37.96,"chance_level":10}