{"_step":12,"_timestamp":1.7581888624780293e+09,"Timestep":10,"Accuracy":34.68,"chance_level":10,"Time Taken to Run the Code(Mins)":7.611808947722117,"_wandb":{"runtime":455},"_runtime":455}