{"_step":12,"Timestep":10,"Accuracy":38.42,"chance_level":10,"Time Taken to Run the Code(Mins)":9.338173802693685,"_wandb":{"runtime":552},"_runtime":552,"_timestamp":1.757927481856121e+09}