{"Time Taken to Run the Code(Mins)":7.492843894163768,"_wandb":{"runtime":448},"_runtime":448,"_timestamp":1.7579514095514705e+09,"_step":12,"Timestep":10,"Accuracy":37.75,"chance_level":10}