{"_step":12,"_timestamp":1.7579331561314044e+09,"Timestep":10,"Accuracy":37.65,"chance_level":10,"Time Taken to Run the Code(Mins)":9.578092098236084,"_wandb":{"runtime":573},"_runtime":573}