{"Accuracy":29.36,"chance_level":10,"Time Taken to Run the Code(Mins)":6.4382191816965735,"_wandb":{"runtime":385},"_runtime":385,"_timestamp":1.7582120143693125e+09,"_step":12,"Timestep":10}