{"chance_level":10,"Time Taken to Run the Code(Mins)":0.3367736419041952,"_wandb":{"runtime":19},"_runtime":19,"_step":12,"_timestamp":1.757443235439482e+09,"Timestep":10,"Accuracy":37.94}