{"_wandb":{"runtime":286},"_runtime":286,"_timestamp":1.7570827911368973e+09,"_step":12,"Timestep":10,"Accuracy":33.15,"chance_level":10,"Time Taken to Run the Code(Mins)":4.80225297609965}