{"MediaLogs/s&p_0.8":{"width":138,"height":70,"caption":"Noisy Images: s&p 0.8","_type":"image-file","sha256":"c5de290bc607a4d3a958a7bbf55c32825b481e2e8eecb255f8d00ebb9a0e0de2","size":7046,"path":"media/images/MediaLogs/s&p_0.8_0_c5de290bc607a4d3a958.png","format":"png"},"_timestamp":1.7515311476556025e+09,"_runtime":15.869598323,"_wandb":{"runtime":15},"_step":12,"Accuracy":13.55,"chance_level":10,"Time Taken to Run the Code(Mins)":0.26972996393839516,"Timestep":10}