{"_step":12,"_timestamp":1.7579526273497167e+09,"chance_level":10,"Timestep":10,"Accuracy":37.19,"Time Taken to Run the Code(Mins)":9.348487742741902,"_wandb":{"runtime":559},"_runtime":559}