{"chance_level":10,"Timestep":10,"Time Taken to Run the Code(Mins)":8.60357632637024,"_wandb":{"runtime":514},"_runtime":514,"_timestamp":1.7579455563129559e+09,"_step":12,"Accuracy":37.71}