{"Timestep":10,"Accuracy":37.33,"chance_level":10,"Time Taken to Run the Code(Mins)":0.32422430912653605,"_wandb":{"runtime":18},"_runtime":18,"_step":12,"_timestamp":1.7574287196496148e+09}