{"_runtime":19,"_timestamp":1.7574323323924344e+09,"_step":12,"chance_level":10,"Timestep":10,"Accuracy":38.23,"Time Taken to Run the Code(Mins)":0.33888509273529055,"_wandb":{"runtime":19}}