{"Time Taken to Run the Code(Mins)":0.3366969625155131,"_wandb":{"runtime":19},"_runtime":19,"_timestamp":1.7574445488651233e+09,"_step":12,"Accuracy":37.29,"chance_level":10,"Timestep":10}