{"Timestep":10,"Accuracy":37.57,"chance_level":10,"Time Taken to Run the Code(Mins)":7.567209808031718,"_wandb":{"runtime":452},"_runtime":452,"_timestamp":1.7579584486944628e+09,"_step":12}