{"Timestep":10,"Accuracy":37.24,"Time Taken to Run the Code(Mins)":8.515839811166128,"_wandb":{"runtime":510},"_runtime":510,"_step":12,"_timestamp":1.7581874407701848e+09,"chance_level":10}