{"Time Taken to Run the Code(Mins)":0.3277716318766276,"_wandb":{"runtime":18},"_runtime":18,"_timestamp":1.7574429647715535e+09,"_step":12,"Timestep":10,"Accuracy":38.49,"chance_level":10}