{"Timestep":10,"Accuracy":33.07,"Time Taken to Run the Code(Mins)":4.130291453997294,"_wandb":{"runtime":246},"_runtime":246,"_timestamp":1.7570889983051727e+09,"_step":12,"chance_level":10}