{"_step":12,"Accuracy":38.12,"chance_level":10,"Timestep":10,"Time Taken to Run the Code(Mins)":11.658028443654379,"_wandb":{"runtime":697},"_runtime":697,"_timestamp":1.757930645769785e+09}