{"chance_level":10,"Time Taken to Run the Code(Mins)":11.52858749628067,"_wandb":{"runtime":690},"_runtime":690,"_timestamp":1.7579409445683866e+09,"_step":12,"Timestep":10,"Accuracy":36.86}