{"_wandb":{"runtime":485},"_runtime":485,"_timestamp":1.7579574750215342e+09,"_step":12,"chance_level":10,"Timestep":10,"Accuracy":38.1,"Time Taken to Run the Code(Mins)":8.122529164950054}