{"chance_level":10,"Time Taken to Run the Code(Mins)":0.3439265886942546,"_wandb":{"runtime":19},"_runtime":19,"_timestamp":1.7574379185416627e+09,"_step":12,"Timestep":10,"Accuracy":38.29}