{"_step":12,"_timestamp":1.7570912480737267e+09,"Timestep":10,"Accuracy":31.48,"chance_level":10,"Time Taken to Run the Code(Mins)":1.9772587299346924,"_wandb":{"runtime":117},"_runtime":117}