{"Accuracy":33.09,"chance_level":10,"Time Taken to Run the Code(Mins)":7.221281623840332,"_wandb":{"runtime":431},"_runtime":431,"_step":12,"_timestamp":1.758214643492747e+09,"Timestep":10}