{"_step":12,"Timestep":10,"Accuracy":29.4,"chance_level":10,"Time Taken to Run the Code(Mins)":8.099559084574382,"_wandb":{"runtime":484},"_runtime":484,"_timestamp":1.7582121093027155e+09}