{"Time Taken to Run the Code(Mins)":0.2591987689336141,"_wandb":{"runtime":15},"_runtime":15.315437844,"_step":11,"Timestep":10,"Accuracy":69.73,"_timestamp":1.7513789337974336e+09}