{"Timestep":10,"Accuracy":36.66,"chance_level":10,"Time Taken to Run the Code(Mins)":7.585147710641225,"_wandb":{"runtime":451},"_runtime":451,"_timestamp":1.758198682970374e+09,"_step":12}