{"Accuracy":37.88,"chance_level":10,"Time Taken to Run the Code(Mins)":7.77357478539149,"_wandb":{"runtime":464},"_runtime":464,"_timestamp":1.7579320845418015e+09,"_step":12,"Timestep":10}