{"_step":12,"Timestep":10,"Accuracy":31.44,"chance_level":10,"Time Taken to Run the Code(Mins)":7.157295135656993,"_wandb":{"runtime":428},"_runtime":428,"_timestamp":1.7581964102484572e+09}