{"_step":12,"Timestep":10,"Accuracy":37.53,"chance_level":10,"Time Taken to Run the Code(Mins)":0.3355385979016622,"_wandb":{"runtime":18},"_runtime":18,"_timestamp":1.7574245156548104e+09}