{"_step":12,"chance_level":10,"Timestep":10,"Accuracy":32.51,"Time Taken to Run the Code(Mins)":5.371186900138855,"_wandb":{"runtime":321},"_runtime":321,"_timestamp":1.7570845656173773e+09}