{"Accuracy":31.12,"chance_level":10,"Time Taken to Run the Code(Mins)":6.573678163687388,"_wandb":{"runtime":392},"_runtime":392,"_timestamp":1.7582153996012914e+09,"_step":12,"Timestep":10}