{"_timestamp":1.7579280913629239e+09,"_step":12,"Timestep":10,"Accuracy":38.38,"chance_level":10,"Time Taken to Run the Code(Mins)":9.059079086780548,"_wandb":{"runtime":542},"_runtime":542}