{"Timestep":10,"Time Taken to Run the Code(Mins)":7.1023752371470135,"_wandb":{"runtime":424},"_runtime":424,"_timestamp":1.758217406948297e+09,"_step":12,"Accuracy":29.52,"chance_level":10}