{"_timestamp":1.7579292606943903e+09,"_step":12,"Accuracy":38.22,"chance_level":10,"Timestep":10,"Time Taken to Run the Code(Mins)":12.189537223180135,"_wandb":{"runtime":729},"_runtime":729}