{"Accuracy":37.71,"chance_level":10,"Time Taken to Run the Code(Mins)":0.3231329043706258,"_wandb":{"runtime":18},"_runtime":18,"_timestamp":1.7574387462877061e+09,"_step":12,"Timestep":10}