{"Accuracy":31.1,"chance_level":10,"Timestep":10,"Time Taken to Run the Code(Mins)":8.689929250876109,"_wandb":{"runtime":519},"_runtime":519,"_timestamp":1.7581979657912178e+09,"_step":12}