{"_timestamp":1.7582106529638355e+09,"_step":12,"Timestep":10,"Accuracy":30.75,"chance_level":10,"Time Taken to Run the Code(Mins)":7.650694529215495,"_wandb":{"runtime":457},"_runtime":457}