{"_wandb":{"runtime":17},"Timestep":10,"Time Taken to Run the Code(Mins)":0.2946130951245626,"_step":12,"chance_level":10,"MediaLogs/gauss_0.06":{"height":70,"caption":"Noisy Images: gauss 0.06","_type":"image-file","sha256":"fb4f18abaa786478c902089c03246b573543818264d6cd766815c05412f01760","size":18959,"path":"media/images/MediaLogs/gauss_0.06_0_fb4f18abaa786478c902.png","format":"png","width":138},"_runtime":17.374957198,"_timestamp":1.7515534232111313e+09,"Accuracy":61.84}