{"_runtime":412,"_timestamp":1.7581933381917555e+09,"_step":12,"Timestep":10,"Accuracy":33.78,"chance_level":10,"Time Taken to Run the Code(Mins)":6.904021044572194,"_wandb":{"runtime":412}}