{"Time Taken to Run the Code(Mins)":8.839094205697377,"_wandb":{"runtime":528},"_runtime":528,"_timestamp":1.7579514484676275e+09,"_step":12,"Timestep":10,"Accuracy":37.75,"chance_level":10}