{"_timestamp":1.7514686935525155e+09,"_step":12,"Time Taken to Run the Code(Mins)":0.271772833665212,"Timestep":10,"_wandb":{"runtime":16},"MediaLogs/s&p_0.8":{"caption":"Noisy Images: s&p 0.8","_type":"image-file","sha256":"c5de290bc607a4d3a958a7bbf55c32825b481e2e8eecb255f8d00ebb9a0e0de2","size":7046,"path":"media/images/MediaLogs/s&p_0.8_0_c5de290bc607a4d3a958.png","format":"png","width":138,"height":70},"_runtime":16.000927275,"Accuracy":16.02,"chance_level":10}