{"Time Taken to Run the Code(Mins)":9.177036309242249,"_wandb":{"runtime":548},"_runtime":548,"_step":12,"_timestamp":1.757947167778042e+09,"Timestep":10,"Accuracy":36.39,"chance_level":10}