{"Time Taken to Run the Code(Mins)":0.3346209406852722,"_wandb":{"runtime":18},"_runtime":18,"_timestamp":1.7574358320298467e+09,"_step":12,"Timestep":10,"Accuracy":35.86,"chance_level":10}