{"Accuracy":30.57,"chance_level":10,"Time Taken to Run the Code(Mins)":3.16852205991745,"_wandb":{"runtime":186},"_runtime":186,"_timestamp":1.758222966733359e+09,"_step":12,"Timestep":10}