{"chance_level":10,"Time Taken to Run the Code(Mins)":7.772873671849569,"_wandb":{"runtime":464},"_runtime":464,"_timestamp":1.7581995531389673e+09,"_step":12,"Timestep":10,"Accuracy":33.87}