{"Timestep":10,"Accuracy":31.73,"Time Taken to Run the Code(Mins)":11.53571754693985,"_wandb":{"runtime":691},"_runtime":691,"_timestamp":1.758200965119531e+09,"_step":12,"chance_level":10}