{"chance_level":10,"Time Taken to Run the Code(Mins)":0.3494194467862447,"_wandb":{"runtime":19},"_runtime":19,"_timestamp":1.7574324415912871e+09,"_step":12,"Timestep":10,"Accuracy":37.99}