{"_wandb":{"runtime":424},"_runtime":424,"_timestamp":1.7581893124847505e+09,"_step":12,"Timestep":10,"Accuracy":34.74,"chance_level":10,"Time Taken to Run the Code(Mins)":7.09559839963913}