{"Time Taken to Run the Code(Mins)":8.03202287753423,"_wandb":{"runtime":480},"_runtime":480,"_step":12,"_timestamp":1.7579322412170758e+09,"Timestep":10,"Accuracy":37.55,"chance_level":10}