{"_step":12,"Timestep":10,"Accuracy":37.62,"chance_level":10,"Time Taken to Run the Code(Mins)":13.389245053132376,"_wandb":{"runtime":801},"_runtime":801,"_timestamp":1.7579390478466315e+09}