{"Accuracy":33.77,"chance_level":10,"Time Taken to Run the Code(Mins)":9.297410488128662,"_wandb":{"runtime":556},"_runtime":556,"_timestamp":1.7581995996987348e+09,"_step":12,"Timestep":10}