{"chance_level":10,"Timestep":10,"Accuracy":32.89,"Time Taken to Run the Code(Mins)":6.944355249404907,"_wandb":{"runtime":414},"_runtime":414,"_timestamp":1.7582145391273098e+09,"_step":12}