{"_step":11,"Timestep":10,"Time Taken to Run the Code(Mins)":0.2626495083173116,"_wandb":{"runtime":15},"Accuracy":62.76,"_timestamp":1.7513791396144774e+09,"_runtime":15.520085825}