{"Accuracy":33.88,"chance_level":10,"Time Taken to Run the Code(Mins)":9.458339055379232,"_wandb":{"runtime":565},"_runtime":565,"_timestamp":1.7581997271436357e+09,"_step":12,"Timestep":10}