{"Timestep":10,"Accuracy":31.04,"chance_level":10,"Time Taken to Run the Code(Mins)":3.7279548207918802,"_wandb":{"runtime":222},"_runtime":222,"_step":12,"_timestamp":1.7570902108912506e+09}