{"_step":12,"Accuracy":31.65,"chance_level":10,"Timestep":10,"Time Taken to Run the Code(Mins)":13.202306882540386,"_wandb":{"runtime":791},"_runtime":791,"_timestamp":1.7582010153647664e+09}