{"_runtime":18,"_timestamp":1.7574247390064864e+09,"_step":12,"Timestep":10,"Accuracy":37.51,"chance_level":10,"Time Taken to Run the Code(Mins)":0.3305706262588501,"_wandb":{"runtime":18}}