{"_wandb":{"runtime":272},"_runtime":272,"_timestamp":1.7570911216448967e+09,"_step":12,"Accuracy":31.83,"chance_level":10,"Timestep":10,"Time Taken to Run the Code(Mins)":4.562679394086202}