{"_wandb":{"runtime":525},"_runtime":525,"_step":12,"_timestamp":1.7574162196944985e+09,"Timestep":10,"Accuracy":38.06,"chance_level":10,"Time Taken to Run the Code(Mins)":8.772523089249928}