{"_wandb":{"runtime":696},"_runtime":696,"_step":12,"_timestamp":1.7579306275260623e+09,"Timestep":10,"Accuracy":38.12,"chance_level":10,"Time Taken to Run the Code(Mins)":11.626624536514282}