{"Accuracy":32.17,"Time Taken to Run the Code(Mins)":4.0219927827517195,"_wandb":{"runtime":239},"_runtime":239,"_timestamp":1.7570895195718596e+09,"_step":12,"chance_level":10,"Timestep":10}