{"_timestamp":1.7582068515402534e+09,"_step":12,"Accuracy":37.06,"chance_level":10,"Timestep":10,"Time Taken to Run the Code(Mins)":10.39343194961548,"_wandb":{"runtime":621},"_runtime":621}