{"Timestep":10,"Accuracy":36.99,"Time Taken to Run the Code(Mins)":0.327035121122996,"_wandb":{"runtime":18},"_runtime":18,"_step":12,"_timestamp":1.7574340692391713e+09,"chance_level":10}