{"Time Taken to Run the Code(Mins)":0.3247328440348307,"_wandb":{"runtime":18},"_runtime":18,"_timestamp":1.7574388274972837e+09,"_step":12,"Timestep":10,"Accuracy":37.73,"chance_level":10}