{"_runtime":18,"_timestamp":1.7570777650038197e+09,"_step":12,"Timestep":10,"Accuracy":33.17,"chance_level":10,"Time Taken to Run the Code(Mins)":0.32682294050852456,"_wandb":{"runtime":18}}