{"_timestamp":1.7570785443522975e+09,"_step":12,"Timestep":10,"Accuracy":33.07,"chance_level":10,"Time Taken to Run the Code(Mins)":2.4240792711575825,"_wandb":{"runtime":144},"_runtime":144}