{"Accuracy":37.1,"chance_level":10,"Time Taken to Run the Code(Mins)":11.398318950335184,"_wandb":{"runtime":681},"_runtime":681,"_step":12,"_timestamp":1.757939567143368e+09,"Timestep":10}