{"_step":12,"chance_level":10,"Timestep":10,"Accuracy":37.52,"Time Taken to Run the Code(Mins)":0.32760583559672035,"_wandb":{"runtime":18},"_runtime":18,"_timestamp":1.7574253450579984e+09}