{"_timestamp":1.7579438423877497e+09,"_step":12,"Accuracy":38.13,"chance_level":10,"Timestep":10,"Time Taken to Run the Code(Mins)":8.289081454277039,"_wandb":{"runtime":495},"_runtime":495}