{"Accuracy":38.49,"chance_level":10,"Time Taken to Run the Code(Mins)":0.3264912764231364,"_wandb":{"runtime":18},"_runtime":18,"_timestamp":1.7574428059127033e+09,"_step":12,"Timestep":10}