{"Timestep":10,"Accuracy":30.43,"chance_level":10,"Time Taken to Run the Code(Mins)":13.278791133562724,"_wandb":{"runtime":793},"_runtime":793,"_timestamp":1.7582023414383657e+09,"_step":12}