{"Timestep":10,"Accuracy":38.32,"chance_level":10,"Time Taken to Run the Code(Mins)":8.806529966990153,"_wandb":{"runtime":526},"_runtime":526,"_timestamp":1.7579255662395353e+09,"_step":12}