{"Timestep":10,"Time Taken to Run the Code(Mins)":10.232606359322865,"_wandb":{"runtime":611},"_runtime":611,"_step":12,"_timestamp":1.75792255479815e+09,"Accuracy":38.02,"chance_level":10}