{"Timestep":10,"Accuracy":37.97,"chance_level":10,"Time Taken to Run the Code(Mins)":8.08297076622645,"_wandb":{"runtime":483},"_runtime":483,"_timestamp":1.7579569587251391e+09,"_step":12}