{"Accuracy":38.38,"chance_level":10,"Time Taken to Run the Code(Mins)":9.04731810092926,"_wandb":{"runtime":541},"_runtime":541,"_timestamp":1.757928559695306e+09,"_step":12,"Timestep":10}