{"chance_level":10,"Time Taken to Run the Code(Mins)":9.154779426256816,"_wandb":{"runtime":547},"_runtime":547,"_timestamp":1.7579317762849169e+09,"_step":12,"Timestep":10,"Accuracy":37.87}