{"_runtime":19,"_timestamp":1.757427361602279e+09,"_step":12,"Timestep":10,"Accuracy":38.39,"chance_level":10,"Time Taken to Run the Code(Mins)":0.3352208892504374,"_wandb":{"runtime":19}}