{"_runtime":469,"_timestamp":1.7582111382501068e+09,"_step":12,"Timestep":10,"Accuracy":29.83,"chance_level":10,"Time Taken to Run the Code(Mins)":7.840075107415517,"_wandb":{"runtime":469}}