{"Accuracy":37.94,"chance_level":10,"Time Taken to Run the Code(Mins)":0.3445867816607157,"_wandb":{"runtime":19},"_runtime":19,"_timestamp":1.757427717625286e+09,"_step":12,"Timestep":10}