{"_timestamp":1.7581869239259398e+09,"Timestep":10,"Accuracy":37.25,"chance_level":10,"Time Taken to Run the Code(Mins)":8.997306549549103,"_wandb":{"runtime":536},"_runtime":536,"_step":12}