{"Timestep":10,"Accuracy":37.05,"chance_level":10,"Time Taken to Run the Code(Mins)":0.32461201747258506,"_wandb":{"runtime":18},"_runtime":18,"_timestamp":1.7574296668975909e+09,"_step":12}