{"chance_level":10,"Time Taken to Run the Code(Mins)":10.184699352582296,"_wandb":{"runtime":609},"_runtime":609,"_timestamp":1.7579398812617593e+09,"_step":12,"Timestep":10,"Accuracy":37.1}