{"_runtime":18,"_timestamp":1.7574202428414547e+09,"_step":12,"Accuracy":38.43,"chance_level":10,"Timestep":10,"Time Taken to Run the Code(Mins)":0.3308216452598572,"_wandb":{"runtime":18}}