{"Timestep":10,"Accuracy":38.02,"chance_level":10,"Time Taken to Run the Code(Mins)":0.3274930795033773,"_wandb":{"runtime":18},"_runtime":18,"_timestamp":1.7574174144001918e+09,"_step":12}