{"Accuracy":29.38,"chance_level":10,"Time Taken to Run the Code(Mins)":8.153147049744923,"_wandb":{"runtime":488},"_runtime":488,"_step":12,"_timestamp":1.7582121168506691e+09,"Timestep":10}