{"_wandb":{"runtime":528},"_runtime":528,"_timestamp":1.7579545969989007e+09,"_step":12,"Timestep":10,"Accuracy":36.12,"chance_level":10,"Time Taken to Run the Code(Mins)":8.83515252272288}