{"_runtime":16.459927663,"_timestamp":1.7515465418739374e+09,"Timestep":10,"MediaLogs/gauss_0.02":{"size":18675,"path":"media/images/MediaLogs/gauss_0.02_0_5e20f382c4cf0c521504.png","format":"png","width":138,"height":70,"caption":"Noisy Images: gauss 0.02","_type":"image-file","sha256":"5e20f382c4cf0c521504d5dacaefd9b6ba260472feb927e28d65237353ec6f3f"},"_wandb":{"runtime":16},"Time Taken to Run the Code(Mins)":0.2794725656509399,"_step":12,"Accuracy":59.76,"chance_level":10}