{"Time Taken to Run the Code(Mins)":9.084012258052827,"_wandb":{"runtime":543},"_runtime":543,"_timestamp":1.7579449621525185e+09,"_step":12,"Accuracy":37.41,"chance_level":10,"Timestep":10}