{"_wandb":{"runtime":18},"_runtime":18,"_timestamp":1.7574256725183885e+09,"_step":12,"chance_level":10,"Timestep":10,"Accuracy":37.59,"Time Taken to Run the Code(Mins)":0.33475505908330283}