{"_wandb":{"runtime":584},"_runtime":584,"_timestamp":1.758200224729852e+09,"_step":12,"Accuracy":31.34,"chance_level":10,"Timestep":10,"Time Taken to Run the Code(Mins)":9.771651017665864}