{"_wandb":{"runtime":428},"_runtime":428,"_timestamp":1.7581949985420847e+09,"_step":12,"Timestep":10,"Accuracy":32.56,"chance_level":10,"Time Taken to Run the Code(Mins)":7.1633676568667095}