{"_step":12,"Timestep":10,"Accuracy":38.37,"chance_level":10,"Time Taken to Run the Code(Mins)":9.781945876280467,"_wandb":{"runtime":585},"_runtime":585,"_timestamp":1.7579489647635708e+09}