{"_timestamp":1.751968995549344e+09,"Time Taken to Run the Code(Mins)":0.2707130670547485,"_step":12,"_wandb":{"runtime":15},"Timestep":10,"MediaLogs/gauss_0.8":{"caption":"Noisy Images: gauss 0.8","_type":"image-file","sha256":"3e6aae1b7f1783e24a2fdf2fafdfc8cb8009c8ddbf7b5ed78fc7284d6a1d7e55","size":22076,"path":"media/images/MediaLogs/gauss_0.8_0_3e6aae1b7f1783e24a2f.png","format":"png","width":138,"height":70},"chance_level":10,"_runtime":15.935653688,"Accuracy":49.28}