{"_runtime":618,"_timestamp":1.7579430921505318e+09,"_step":12,"Accuracy":38.26,"chance_level":10,"Timestep":10,"Time Taken to Run the Code(Mins)":10.34135711590449,"_wandb":{"runtime":618}}