{"_step":12,"Time Taken to Run the Code(Mins)":0.27282813787460325,"MediaLogs/s&p_0.04":{"size":20448,"path":"media/images/MediaLogs/s&p_0.04_0_baea8452707910ea8f11.png","format":"png","width":138,"height":70,"caption":"Noisy Images: s&p 0.04","_type":"image-file","sha256":"baea8452707910ea8f11d21702ce13dee1e2cd0558f06ac1145b6522d5554591"},"_timestamp":1.7516430944970412e+09,"_runtime":16.067550391,"Accuracy":42.33,"chance_level":10,"Timestep":10,"_wandb":{"runtime":16}}