{"chance_level":10,"Time Taken to Run the Code(Mins)":8.23657257159551,"_wandb":{"runtime":493},"_runtime":493,"_timestamp":1.757948557509319e+09,"_step":12,"Timestep":10,"Accuracy":36.16}