{"Timestep":10,"Accuracy":37.5,"chance_level":10,"Time Taken to Run the Code(Mins)":0.33174200852711994,"_wandb":{"runtime":18},"_runtime":18,"_timestamp":1.7574242080005233e+09,"_step":12}