{"MediaLogs/gauss_0.02":{"size":18675,"path":"media/images/MediaLogs/gauss_0.02_0_5e20f382c4cf0c521504.png","format":"png","width":138,"height":70,"caption":"Noisy Images: gauss 0.02","_type":"image-file","sha256":"5e20f382c4cf0c521504d5dacaefd9b6ba260472feb927e28d65237353ec6f3f"},"_wandb":{"runtime":16},"Timestep":10,"Accuracy":63.27,"Time Taken to Run the Code(Mins)":0.27216620445251466,"chance_level":10,"_runtime":16.034219709,"_timestamp":1.7515327419559999e+09,"_step":12}