{"_timestamp":1.7582054666978376e+09,"_step":12,"Timestep":10,"Accuracy":29.67,"chance_level":10,"Time Taken to Run the Code(Mins)":12.7298379778862,"_wandb":{"runtime":761},"_runtime":761}