{"_runtime":561,"_timestamp":1.7579374501376417e+09,"_step":12,"Timestep":10,"Accuracy":38.1,"chance_level":10,"Time Taken to Run the Code(Mins)":9.375410723686219,"_wandb":{"runtime":561}}