{"chance_level":10,"Timestep":10,"Time Taken to Run the Code(Mins)":7.3692989627520245,"_wandb":{"runtime":440},"_runtime":440,"_timestamp":1.7582189883285336e+09,"_step":12,"Accuracy":35.83}