{"Time Taken to Run the Code(Mins)":0.3193426012992859,"_wandb":{"runtime":18},"_runtime":18,"_timestamp":1.7574410732559304e+09,"_step":12,"Timestep":10,"Accuracy":36,"chance_level":10}