{"Accuracy":36.86,"chance_level":10,"Time Taken to Run the Code(Mins)":0.326566739877065,"_wandb":{"runtime":18},"_runtime":18,"_timestamp":1.7574451817631316e+09,"_step":12,"Timestep":10}