{"_timestamp":1.7579512348646824e+09,"Timestep":10,"Accuracy":37.75,"chance_level":10,"Time Taken to Run the Code(Mins)":8.615701905886333,"_wandb":{"runtime":515},"_runtime":515,"_step":12}