{"_step":12,"Timestep":10,"Accuracy":32.05,"chance_level":10,"Time Taken to Run the Code(Mins)":7.494320750236511,"_wandb":{"runtime":448},"_runtime":448,"_timestamp":1.7582207359544642e+09}