{"_timestamp":1.7574259989078307e+09,"Accuracy":37.51,"chance_level":10,"Timestep":10,"Time Taken to Run the Code(Mins)":0.3412364602088928,"_wandb":{"runtime":19},"_runtime":19,"_step":12}