{"Accuracy":38.4,"Time Taken to Run the Code(Mins)":7.94453063805898,"_wandb":{"runtime":475},"_runtime":475,"_timestamp":1.75792318344861e+09,"_step":12,"chance_level":10,"Timestep":10}