{"_wandb":{"runtime":242},"_runtime":242,"_timestamp":1.7570896369192555e+09,"_step":12,"Timestep":10,"Accuracy":31.68,"chance_level":10,"Time Taken to Run the Code(Mins)":4.066670946280161}