{"Accuracy":69.69,"_timestamp":1.7513773588139782e+09,"_runtime":16.290528171,"_step":11,"Time Taken to Run the Code(Mins)":0.27607252995173137,"_wandb":{"runtime":16},"Timestep":10}