{"_wandb":{"runtime":19},"_runtime":19,"_timestamp":1.7574273889563818e+09,"_step":12,"Accuracy":38.39,"chance_level":10,"Timestep":10,"Time Taken to Run the Code(Mins)":0.33601362705230714}