{"Timestep":10,"Accuracy":36.08,"chance_level":10,"Time Taken to Run the Code(Mins)":9.570581316947937,"_wandb":{"runtime":572},"_runtime":572,"_timestamp":1.757948378068345e+09,"_step":12}