{"Timestep":10,"Accuracy":37.22,"Time Taken to Run the Code(Mins)":0.3271269758542379,"_wandb":{"runtime":18},"_runtime":18,"_timestamp":1.7574396070239317e+09,"_step":12,"chance_level":10}