{"Accuracy":29.35,"chance_level":10,"Time Taken to Run the Code(Mins)":6.059640041987101,"_wandb":{"runtime":362},"_runtime":362,"_timestamp":1.7582123758029547e+09,"_step":12,"Timestep":10}