{"Time Taken to Run the Code(Mins)":0.32380252281824745,"_wandb":{"runtime":18},"_runtime":18,"_timestamp":1.7574333631000717e+09,"_step":12,"Timestep":10,"Accuracy":37.42,"chance_level":10}