{"Time Taken to Run the Code(Mins)":8.955996056397757,"_wandb":{"runtime":535},"_runtime":535,"_step":12,"_timestamp":1.7582073193479407e+09,"Timestep":10,"Accuracy":37.14,"chance_level":10}