{"Timestep":10,"Accuracy":37.46,"chance_level":10,"Time Taken to Run the Code(Mins)":0.3240232030550639,"_wandb":{"runtime":18},"_runtime":18,"_timestamp":1.7574337997682273e+09,"_step":12}