{"Accuracy":32.18,"chance_level":10,"Time Taken to Run the Code(Mins)":4.098743625481924,"_wandb":{"runtime":244},"_runtime":244,"_timestamp":1.7570895313701031e+09,"_step":12,"Timestep":10}