{"_timestamp":1.7581978641888459e+09,"_step":12,"Timestep":10,"Accuracy":31.08,"chance_level":10,"Time Taken to Run the Code(Mins)":8.4052792151769,"_wandb":{"runtime":502},"_runtime":502}