{"Time Taken to Run the Code(Mins)":4.648925173282623,"_wandb":{"runtime":277},"_runtime":277,"_timestamp":1.7570887403794103e+09,"_step":12,"Timestep":10,"Accuracy":30.97,"chance_level":10}