{"Timestep":10,"Accuracy":36.45,"chance_level":10,"Time Taken to Run the Code(Mins)":9.316731480757396,"_wandb":{"runtime":557},"_runtime":557,"_timestamp":1.7579530789758754e+09,"_step":12}