{"Accuracy":37.57,"Time Taken to Run the Code(Mins)":10.448751191298166,"_wandb":{"runtime":625},"_runtime":625,"_step":12,"_timestamp":1.7579351309697723e+09,"chance_level":10,"Timestep":10}