{"_step":12,"Accuracy":36.29,"chance_level":10,"Timestep":10,"Time Taken to Run the Code(Mins)":0.3262247880299886,"_wandb":{"runtime":18},"_runtime":18,"_timestamp":1.7574309697569985e+09}