{"_timestamp":1.7579428950044343e+09,"_step":12,"Timestep":10,"Accuracy":38.25,"chance_level":10,"Time Taken to Run the Code(Mins)":7.882580173015595,"_wandb":{"runtime":470},"_runtime":470}