{"_runtime":558,"_timestamp":1.7579448546039205e+09,"_step":12,"Timestep":10,"Accuracy":37.42,"chance_level":10,"Time Taken to Run the Code(Mins)":9.439267039299011,"_wandb":{"runtime":558}}