{"_step":12,"Timestep":10,"Accuracy":36.69,"chance_level":10,"Time Taken to Run the Code(Mins)":0.34188459714253744,"_wandb":{"runtime":19},"_runtime":19,"_timestamp":1.7574301815495698e+09}