{"Accuracy":36.07,"chance_level":10,"Time Taken to Run the Code(Mins)":0.3294363578160604,"_wandb":{"runtime":18},"_runtime":18,"_step":12,"_timestamp":1.7574411540555928e+09,"Timestep":10}