{"Time Taken to Run the Code(Mins)":9.643871939182281,"_wandb":{"runtime":577},"_runtime":577,"_timestamp":1.7581996730466638e+09,"_step":12,"Timestep":10,"Accuracy":33.87,"chance_level":10}