{"_wandb":{"runtime":263},"_runtime":263,"_step":12,"_timestamp":1.7570914251326613e+09,"chance_level":10,"Timestep":10,"Accuracy":31.01,"Time Taken to Run the Code(Mins)":4.4097536444664005}