{"Accuracy":37.52,"Time Taken to Run the Code(Mins)":0.33271650870641073,"_wandb":{"runtime":18},"_runtime":18,"_timestamp":1.7574260806425276e+09,"_step":12,"chance_level":10,"Timestep":10}