{"_timestamp":1.758188475394198e+09,"_step":12,"Timestep":10,"Accuracy":35.81,"chance_level":10,"Time Taken to Run the Code(Mins)":8.429502379894256,"_wandb":{"runtime":503},"_runtime":503}