{"_wandb":{"runtime":585},"_runtime":585,"_timestamp":1.7579324362629297e+09,"_step":12,"Timestep":10,"Accuracy":37.51,"chance_level":10,"Time Taken to Run the Code(Mins)":9.792334663867951}