{"_step":11,"Time Taken to Run the Code(Mins)":0.2591783761978149,"_wandb":{"runtime":15},"Timestep":10,"Accuracy":62.41,"_timestamp":1.7513834881018045e+09,"_runtime":15.313961382}