{"Time Taken to Run the Code(Mins)":6.821156199773153,"_wandb":{"runtime":408},"_runtime":408,"_timestamp":1.758190770813926e+09,"_step":12,"Timestep":10,"Accuracy":34.05,"chance_level":10}