{"Timestep":10,"Time Taken to Run the Code(Mins)":6.467663983503978,"_wandb":{"runtime":387},"_runtime":387,"_step":12,"_timestamp":1.7582120155711217e+09,"Accuracy":29.4,"chance_level":10}