{"Accuracy":31.59,"chance_level":10,"Time Taken to Run the Code(Mins)":5.1798850456873575,"_wandb":{"runtime":309},"_runtime":309,"_step":12,"_timestamp":1.757074875115953e+09,"Timestep":10}