{"_wandb":{"runtime":18},"_runtime":18,"_timestamp":1.7574447968710253e+09,"_step":12,"Timestep":10,"Accuracy":36.85,"chance_level":10,"Time Taken to Run the Code(Mins)":0.33340609868367516}