{"_step":12,"chance_level":10,"Timestep":10,"Accuracy":38.39,"Time Taken to Run the Code(Mins)":9.43497782945633,"_wandb":{"runtime":564},"_runtime":564,"_timestamp":1.757925040722115e+09}