{"_wandb":{"runtime":818},"_runtime":818,"_timestamp":1.758201048341192e+09,"_step":12,"Accuracy":31.68,"chance_level":10,"Timestep":10,"Time Taken to Run the Code(Mins)":13.671077835559846}