{"Timestep":10,"Accuracy":29.21,"_wandb":{"runtime":16},"_runtime":16.019715813,"Time Taken to Run the Code(Mins)":0.2717657725016276,"MediaLogs/s&p_0.2":{"height":70,"caption":"Noisy Images: s&p 0.2","_type":"image-file","sha256":"258790cc567a266b10ae4c3402110f4a77c2a2ad20e989f48a1132a7e187dd37","size":22652,"path":"media/images/MediaLogs/s&p_0.2_0_258790cc567a266b10ae.png","format":"png","width":138},"_timestamp":1.7514658415562804e+09,"_step":12,"chance_level":10}