{"_runtime":16.071403548,"_wandb":{"runtime":16},"Time Taken to Run the Code(Mins)":0.2729096055030823,"_timestamp":1.7516491367776291e+09,"_step":12,"MediaLogs/gauss_0.2":{"_type":"image-file","sha256":"45f4dc678aa706151bebfea1540f5a37a816d74589f6ccf6fdeedb9f2f08c515","size":20156,"path":"media/images/MediaLogs/gauss_0.2_0_45f4dc678aa706151beb.png","format":"png","width":138,"height":70,"caption":"Noisy Images: gauss 0.2"},"Timestep":10,"Accuracy":55.51,"chance_level":10}