{"_runtime":436,"_step":12,"_timestamp":1.7579580469097047e+09,"chance_level":10,"Timestep":10,"Accuracy":37.34,"Time Taken to Run the Code(Mins)":7.295991404851278,"_wandb":{"runtime":436}}