{"_runtime":19,"_timestamp":1.7574275528280997e+09,"_step":12,"Timestep":10,"Accuracy":37.92,"chance_level":10,"Time Taken to Run the Code(Mins)":0.34779219230016073,"_wandb":{"runtime":19}}