{"_timestamp":1.758219733484937e+09,"_step":12,"Timestep":10,"Accuracy":34.03,"chance_level":10,"Time Taken to Run the Code(Mins)":6.833245631059011,"_wandb":{"runtime":408},"_runtime":408}