{"Accuracy":37.01,"chance_level":10,"Time Taken to Run the Code(Mins)":10.460799312591552,"_wandb":{"runtime":626},"_runtime":626,"_timestamp":1.7582068501594138e+09,"_step":12,"Timestep":10}