{"_timestamp":1.7574267383561916e+09,"_step":12,"Timestep":10,"Accuracy":38.34,"chance_level":10,"Time Taken to Run the Code(Mins)":0.3344593365987142,"_wandb":{"runtime":18},"_runtime":18}