{"Accuracy":38.32,"chance_level":10,"Time Taken to Run the Code(Mins)":0.34018634955088295,"_wandb":{"runtime":19},"_runtime":19,"_timestamp":1.757419456235822e+09,"_step":12,"Timestep":10}