{"chance_level":10,"Time Taken to Run the Code(Mins)":9.034776131312052,"_wandb":{"runtime":540},"_runtime":540,"_timestamp":1.7579495205612085e+09,"_step":12,"Timestep":10,"Accuracy":38.24}