{"chance_level":10,"Timestep":10,"_timestamp":1.7519654684243789e+09,"Time Taken to Run the Code(Mins)":0.27299914360046384,"MediaLogs/gauss_0.0":{"width":138,"height":70,"caption":"Noisy Images: gauss 0.0","_type":"image-file","sha256":"1351f578828d886452347dc6a8a5d01cff2cec649d66f35cdd7f696cc437603a","size":18482,"path":"media/images/MediaLogs/gauss_0.0_0_1351f578828d88645234.png","format":"png"},"_step":12,"_runtime":16.070941468,"Accuracy":56.88,"_wandb":{"runtime":16}}