{"_timestamp":1.7574420195714386e+09,"_step":12,"Timestep":10,"Accuracy":38.23,"chance_level":10,"Time Taken to Run the Code(Mins)":0.32972124417622883,"_wandb":{"runtime":18},"_runtime":18}