{"Timestep":10,"Accuracy":37.35,"Time Taken to Run the Code(Mins)":0.32599488894144696,"_wandb":{"runtime":18},"_runtime":18,"_step":12,"_timestamp":1.7574285302034647e+09,"chance_level":10}