{"chance_level":10,"Time Taken to Run the Code(Mins)":6.686964992682139,"_wandb":{"runtime":399},"_runtime":399,"_timestamp":1.7581910218530462e+09,"_step":12,"Timestep":10,"Accuracy":34.05}