{"chance_level":10,"Time Taken to Run the Code(Mins)":4.396433436870575,"_wandb":{"runtime":262},"_runtime":262,"_step":12,"_timestamp":1.7570833205914357e+09,"Timestep":10,"Accuracy":32.83}