{"Timestep":10,"Accuracy":36.46,"chance_level":10,"Time Taken to Run the Code(Mins)":10.951992420355479,"_wandb":{"runtime":655},"_runtime":655,"_timestamp":1.75794243788115e+09,"_step":12}