{"_runtime":15.894557645,"Timestep":10,"chance_level":10,"_wandb":{"runtime":15},"_timestamp":1.7515286698854446e+09,"MediaLogs/s&p_0.6000000000000001":{"_type":"image-file","sha256":"698e315362b6ccbd9c79b1c2ac20021c439ba41b9c5e0e51e8c65c93082dd334","size":14570,"path":"media/images/MediaLogs/s&p_0.6000000000000001_0_698e315362b6ccbd9c79.png","format":"png","width":138,"height":70,"caption":"Noisy Images: s&p 0.6000000000000001"},"Time Taken to Run the Code(Mins)":0.2699792544047038,"_step":12,"Accuracy":11.45}