{"_step":12,"Timestep":10,"Accuracy":37.97,"chance_level":10,"Time Taken to Run the Code(Mins)":0.335517946879069,"_wandb":{"runtime":19},"_runtime":19,"_timestamp":1.757432495427111e+09}