{"_step":12,"Timestep":10,"Accuracy":37.24,"chance_level":10,"Time Taken to Run the Code(Mins)":9.433961391448975,"_wandb":{"runtime":563},"_runtime":563,"_timestamp":1.757946618843573e+09}