{"_timestamp":1.758191651851057e+09,"_step":12,"Timestep":10,"Accuracy":33.83,"chance_level":10,"Time Taken to Run the Code(Mins)":7.542972616354624,"_wandb":{"runtime":450},"_runtime":450}