{"Time Taken to Run the Code(Mins)":0.34071661631266276,"_wandb":{"runtime":19},"_runtime":19,"_timestamp":1.7574254539974437e+09,"_step":12,"Timestep":10,"Accuracy":37.54,"chance_level":10}