{"_step":12,"MediaLogs/s&p_0.0":{"sha256":"1351f578828d886452347dc6a8a5d01cff2cec649d66f35cdd7f696cc437603a","size":18482,"path":"media/images/MediaLogs/s&p_0.0_0_1351f578828d88645234.png","format":"png","width":138,"height":70,"caption":"Noisy Images: s&p 0.0","_type":"image-file"},"chance_level":10,"Time Taken to Run the Code(Mins)":0.27079888184865314,"Accuracy":67.57,"_timestamp":1.7525796772137003e+09,"Timestep":10,"_wandb":{"runtime":15},"_runtime":15.950057708}