{"_step":12,"chance_level":10,"MediaLogs/gauss_0.02":{"format":"png","width":138,"height":70,"caption":"Noisy Images: gauss 0.02","_type":"image-file","sha256":"5e20f382c4cf0c521504d5dacaefd9b6ba260472feb927e28d65237353ec6f3f","size":18675,"path":"media/images/MediaLogs/gauss_0.02_0_5e20f382c4cf0c521504.png"},"Timestep":10,"Time Taken to Run the Code(Mins)":0.27340789238611857,"_timestamp":1.751468070701128e+09,"_runtime":16.093013442,"_wandb":{"runtime":16},"Accuracy":57.83}