{"_wandb":{"runtime":422},"_runtime":422,"_timestamp":1.7579582622534685e+09,"_step":12,"chance_level":10,"Timestep":10,"Accuracy":37.42,"Time Taken to Run the Code(Mins)":7.055542194843293}