{"Accuracy":36.23,"chance_level":10,"Time Taken to Run the Code(Mins)":8.49741400082906,"_wandb":{"runtime":508},"_runtime":508,"_timestamp":1.7579548626618173e+09,"_step":12,"Timestep":10}