{"_step":12,"Timestep":10,"Accuracy":37.99,"chance_level":10,"Time Taken to Run the Code(Mins)":10.448368561267852,"_wandb":{"runtime":625},"_runtime":625,"_timestamp":1.7579369801864505e+09}