{"_wandb":{"runtime":449},"_runtime":449,"_step":12,"_timestamp":1.7579479720499547e+09,"Timestep":10,"Accuracy":36,"chance_level":10,"Time Taken to Run the Code(Mins)":7.5134801427523294}