{"_step":12,"_runtime":17.568079625,"MediaLogs/gauss_0.8":{"size":22076,"path":"media/images/MediaLogs/gauss_0.8_0_3e6aae1b7f1783e24a2f.png","format":"png","width":138,"height":70,"caption":"Noisy Images: gauss 0.8","_type":"image-file","sha256":"3e6aae1b7f1783e24a2fdf2fafdfc8cb8009c8ddbf7b5ed78fc7284d6a1d7e55"},"_timestamp":1.7516383153305721e+09,"Timestep":10,"Time Taken to Run the Code(Mins)":0.2977951089541117,"Accuracy":30.7,"chance_level":10,"_wandb":{"runtime":17}}