{"Timestep":10,"Accuracy":31.31,"Time Taken to Run the Code(Mins)":6.378190632661184,"_wandb":{"runtime":381},"_runtime":381,"_step":12,"_timestamp":1.7581958602018242e+09,"chance_level":10}