{"Timestep":10,"Time Taken to Run the Code(Mins)":0.33442467053731284,"_wandb":{"runtime":18},"_runtime":18,"_step":12,"_timestamp":1.757422917126743e+09,"Accuracy":38.12,"chance_level":10}