{"Time Taken to Run the Code(Mins)":0.2762969136238098,"MediaLogs/s&p_0.6000000000000001":{"_type":"image-file","sha256":"698e315362b6ccbd9c79b1c2ac20021c439ba41b9c5e0e51e8c65c93082dd334","size":14570,"path":"media/images/MediaLogs/s&p_0.6000000000000001_0_698e315362b6ccbd9c79.png","format":"png","width":138,"height":70,"caption":"Noisy Images: s&p 0.6000000000000001"},"_timestamp":1.7514677349398608e+09,"Accuracy":18.13,"_wandb":{"runtime":16},"_runtime":16.272908108,"chance_level":10,"Timestep":10,"_step":12}