{"Time Taken to Run the Code(Mins)":9.46906243165334,"_wandb":{"runtime":566},"_runtime":566,"_timestamp":1.7581996232803712e+09,"_step":12,"Timestep":10,"Accuracy":33.83,"chance_level":10}