{"_runtime":420,"_step":12,"_timestamp":1.7581915843687675e+09,"Timestep":10,"Accuracy":33.82,"chance_level":10,"Time Taken to Run the Code(Mins)":7.036586328347524,"_wandb":{"runtime":420}}