{"_timestamp":1.7570857248595018e+09,"_step":12,"Accuracy":31.9,"chance_level":10,"Timestep":10,"Time Taken to Run the Code(Mins)":5.232902979850769,"_wandb":{"runtime":312},"_runtime":312}