{"_step":12,"chance_level":10,"_timestamp":1.751969172028967e+09,"MediaLogs/s&p_0.04":{"height":70,"caption":"Noisy Images: s&p 0.04","_type":"image-file","sha256":"baea8452707910ea8f11d21702ce13dee1e2cd0558f06ac1145b6522d5554591","size":20448,"path":"media/images/MediaLogs/s&p_0.04_0_baea8452707910ea8f11.png","format":"png","width":138},"_runtime":15.761165219,"Timestep":10,"Accuracy":40.98,"_wandb":{"runtime":15},"Time Taken to Run the Code(Mins)":0.2676284392674764}