{"_step":11,"Timestep":10,"Accuracy":68.18,"Time Taken to Run the Code(Mins)":0.26873153845469155,"_wandb":{"runtime":15},"_timestamp":1.7513768211852193e+09,"_runtime":15.835002553}