{"Accuracy":33.54,"Time Taken to Run the Code(Mins)":7.372374820709228,"_wandb":{"runtime":440},"_runtime":440,"_timestamp":1.7582151108723333e+09,"_step":12,"chance_level":10,"Timestep":10}