{"_timestamp":1.7582026553687646e+09,"_step":12,"Timestep":10,"Accuracy":30.52,"chance_level":10,"Time Taken to Run the Code(Mins)":13.789571770032246,"_wandb":{"runtime":824},"_runtime":824}