{"_timestamp":1.7574326576853673e+09,"_step":12,"Timestep":10,"Accuracy":38.04,"chance_level":10,"Time Taken to Run the Code(Mins)":0.3385524113972982,"_wandb":{"runtime":19},"_runtime":19}