{"_step":12,"Time Taken to Run the Code(Mins)":0.296574862798055,"Accuracy":58.78,"_wandb":{"runtime":17},"_timestamp":1.7514665401947565e+09,"_runtime":17.506127529,"chance_level":10,"MediaLogs/gauss_0.06":{"width":138,"height":70,"caption":"Noisy Images: gauss 0.06","_type":"image-file","sha256":"fb4f18abaa786478c902089c03246b573543818264d6cd766815c05412f01760","size":18959,"path":"media/images/MediaLogs/gauss_0.06_0_fb4f18abaa786478c902.png","format":"png"},"Timestep":10}