{"_timestamp":1.7515352315163927e+09,"Time Taken to Run the Code(Mins)":0.27195194164911907,"_wandb":{"runtime":16},"_runtime":16.016833061,"_step":12,"Timestep":10,"MediaLogs/gauss_0.0":{"caption":"Noisy Images: gauss 0.0","_type":"image-file","sha256":"1351f578828d886452347dc6a8a5d01cff2cec649d66f35cdd7f696cc437603a","size":18482,"path":"media/images/MediaLogs/gauss_0.0_0_1351f578828d88645234.png","format":"png","width":138,"height":70},"chance_level":10,"Accuracy":69.31}