{"_runtime":454,"_timestamp":1.7581921012741797e+09,"_step":12,"Timestep":10,"Accuracy":33.88,"chance_level":10,"Time Taken to Run the Code(Mins)":7.602599020799001,"_wandb":{"runtime":454}}