{"Accuracy":37.5,"chance_level":10,"Time Taken to Run the Code(Mins)":0.32945424715677896,"_wandb":{"runtime":18},"_runtime":18,"_step":12,"_timestamp":1.757424262839631e+09,"Timestep":10}