{"_step":12,"_timestamp":1.7582220467038372e+09,"Timestep":10,"Accuracy":31.08,"chance_level":10,"Time Taken to Run the Code(Mins)":7.280191445350647,"_wandb":{"runtime":435},"_runtime":435}