{"chance_level":10,"Time Taken to Run the Code(Mins)":7.541611142953237,"_wandb":{"runtime":451},"_runtime":451,"_timestamp":1.7579585667220259e+09,"_step":12,"Timestep":10,"Accuracy":36.85}