{"_step":12,"_runtime":15.91298071,"_wandb":{"runtime":15},"MediaLogs/s&p_0.0":{"caption":"Noisy Images: s&p 0.0","_type":"image-file","sha256":"1351f578828d886452347dc6a8a5d01cff2cec649d66f35cdd7f696cc437603a","size":18482,"path":"media/images/MediaLogs/s&p_0.0_0_1351f578828d88645234.png","format":"png","width":138,"height":70},"Timestep":10,"Accuracy":66.06,"_timestamp":1.7525797248585289e+09,"chance_level":10,"Time Taken to Run the Code(Mins)":0.270316211382548}