{"Time Taken to Run the Code(Mins)":0.33897677262624104,"_wandb":{"runtime":19},"_runtime":19,"_timestamp":1.7574296402814937e+09,"_step":12,"Timestep":10,"Accuracy":37.06,"chance_level":10}