{"_timestamp":1.757931929287406e+09,"_step":12,"chance_level":10,"Timestep":10,"Accuracy":37.86,"Time Taken to Run the Code(Mins)":10.050919286410014,"_wandb":{"runtime":601},"_runtime":601}