{"chance_level":10,"Time Taken to Run the Code(Mins)":6.4482585867246,"_wandb":{"runtime":385},"_runtime":385,"_timestamp":1.758216359629854e+09,"_step":12,"Timestep":10,"Accuracy":30}