{"chance_level":10,"Time Taken to Run the Code(Mins)":0.3212191621462504,"_wandb":{"runtime":18},"_runtime":18,"_step":12,"_timestamp":1.7574315994996035e+09,"Timestep":10,"Accuracy":38.4}