{"_timestamp":1.7574162186496136e+09,"_step":12,"Timestep":10,"Accuracy":38.05,"chance_level":10,"Time Taken to Run the Code(Mins)":8.741897026697794,"_wandb":{"runtime":522},"_runtime":522}