{"Accuracy":37.96,"chance_level":10,"Time Taken to Run the Code(Mins)":0.3368378639221191,"_wandb":{"runtime":18},"_runtime":18,"_timestamp":1.7574276338221347e+09,"_step":12,"Timestep":10}