{"_wandb":{"runtime":20},"_runtime":20,"_timestamp":1.7574296129014995e+09,"_step":12,"chance_level":10,"Timestep":10,"Accuracy":37.06,"Time Taken to Run the Code(Mins)":0.35105960766474403}