{"_timestamp":1.7581930402136903e+09,"_step":12,"Timestep":10,"Accuracy":36.47,"chance_level":10,"Time Taken to Run the Code(Mins)":8.035047928492228,"_wandb":{"runtime":480},"_runtime":480}