{"_runtime":16.121046409,"_timestamp":1.7514724309312003e+09,"Accuracy":60.36,"_step":12,"Time Taken to Run the Code(Mins)":0.2737601002057393,"_wandb":{"runtime":16},"Timestep":10,"chance_level":10,"MediaLogs/gauss_0.02":{"caption":"Noisy Images: gauss 0.02","_type":"image-file","sha256":"5e20f382c4cf0c521504d5dacaefd9b6ba260472feb927e28d65237353ec6f3f","size":18675,"path":"media/images/MediaLogs/gauss_0.02_0_5e20f382c4cf0c521504.png","format":"png","width":138,"height":70}}