{"_timestamp":1.7581920483474917e+09,"_step":12,"Timestep":10,"Accuracy":33.88,"chance_level":10,"Time Taken to Run the Code(Mins)":6.651822932561239,"_wandb":{"runtime":397},"_runtime":397}