{"_timestamp":1.7574441102869465e+09,"_step":12,"chance_level":10,"Timestep":10,"Accuracy":37.34,"Time Taken to Run the Code(Mins)":0.33574122985204063,"_wandb":{"runtime":19},"_runtime":19}