{"MediaLogs/s&p_0.02":{"size":19693,"path":"media/images/MediaLogs/s&p_0.02_0_6d9678668fc378e1951b.png","format":"png","width":138,"height":70,"caption":"Noisy Images: s&p 0.02","_type":"image-file","sha256":"6d9678668fc378e1951bb630f4f538672833bbd927b8b3128ea48471d230098d"},"Time Taken to Run the Code(Mins)":0.26863221724828085,"Timestep":10,"chance_level":10,"_runtime":15.815983001,"_step":12,"_timestamp":1.7519772593029273e+09,"_wandb":{"runtime":15},"Accuracy":51.67}