{"_step":12,"_timestamp":1.7579575824992716e+09,"Timestep":10,"Accuracy":38.11,"chance_level":10,"Time Taken to Run the Code(Mins)":7.049792027473449,"_wandb":{"runtime":421},"_runtime":421}