{"_wandb":{"runtime":18},"_runtime":18,"_step":12,"_timestamp":1.7574355068474572e+09,"Timestep":10,"Accuracy":36.37,"chance_level":10,"Time Taken to Run the Code(Mins)":0.3241221308708191}