{"_wandb":{"runtime":501},"_runtime":501,"_timestamp":1.757933342685005e+09,"_step":12,"Timestep":10,"Accuracy":37.56,"chance_level":10,"Time Taken to Run the Code(Mins)":8.379632369677227}