{"Accuracy":66.5,"_timestamp":1.7513792336153865e+09,"_runtime":15.731982289,"_step":11,"Time Taken to Run the Code(Mins)":0.26680779457092285,"_wandb":{"runtime":15},"Timestep":10}