{"Accuracy":38.02,"chance_level":10,"Timestep":10,"Time Taken to Run the Code(Mins)":6.9548859675725305,"_wandb":{"runtime":415},"_runtime":415,"_timestamp":1.7579223581327507e+09,"_step":12}