{"_timestamp":1.7570857446185071e+09,"_step":12,"chance_level":10,"Timestep":10,"Accuracy":33.13,"Time Taken to Run the Code(Mins)":4.637692960103353,"_wandb":{"runtime":276},"_runtime":276}