{"Timestep":10,"Accuracy":34.96,"chance_level":10,"Time Taken to Run the Code(Mins)":6.481205610434214,"_wandb":{"runtime":387},"_runtime":387,"_timestamp":1.7582135465646098e+09,"_step":12}