{"chance_level":10,"Timestep":10,"Accuracy":37.44,"Time Taken to Run the Code(Mins)":0.3242591142654419,"_wandb":{"runtime":18},"_runtime":18,"_timestamp":1.7574290164608839e+09,"_step":12}