{"chance_level":10,"Time Taken to Run the Code(Mins)":0.3464676856994629,"_wandb":{"runtime":19},"_runtime":19,"_timestamp":1.7574248519964213e+09,"_step":12,"Timestep":10,"Accuracy":37.53}