{"Time Taken to Run the Code(Mins)":0.27253453334172567,"_runtime":16.05047998,"_step":12,"_wandb":{"runtime":16},"MediaLogs/s&p_0.06":{"format":"png","width":138,"height":70,"caption":"Noisy Images: s&p 0.06","_type":"image-file","sha256":"6e6f2bae3e5fede333b73675a7c86dc6ec467d71d91b51c2e9fcf71564d74f10","size":20969,"path":"media/images/MediaLogs/s&p_0.06_0_6e6f2bae3e5fede333b7.png"},"_timestamp":1.7516431182094924e+09,"Timestep":10,"Accuracy":29.76,"chance_level":10}