{"Time Taken to Run the Code(Mins)":8.086841988563538,"_wandb":{"runtime":483},"_runtime":483,"_timestamp":1.757952817865956e+09,"_step":12,"Accuracy":37.21,"chance_level":10,"Timestep":10}