{"Time Taken to Run the Code(Mins)":0.2605361898740133,"_wandb":{"runtime":15},"Timestep":10,"Accuracy":57.56,"_timestamp":1.7513837225156596e+09,"_runtime":15.394640636,"_step":11}