{"Timestep":10,"Accuracy":37.61,"chance_level":10,"Time Taken to Run the Code(Mins)":9.60195328394572,"_wandb":{"runtime":574},"_runtime":574,"_timestamp":1.7579335384038436e+09,"_step":12}