{"Timestep":10,"Time Taken to Run the Code(Mins)":0.33589953978856407,"_wandb":{"runtime":19},"_runtime":19,"_timestamp":1.7574253988444934e+09,"_step":12,"Accuracy":37.54,"chance_level":10}