{"_timestamp":1.7574262740748231e+09,"_step":12,"Timestep":10,"Accuracy":37.52,"chance_level":10,"Time Taken to Run the Code(Mins)":0.33101048072179157,"_wandb":{"runtime":18},"_runtime":18}