{"chance_level":10,"Timestep":10,"Time Taken to Run the Code(Mins)":8.309424861272175,"_wandb":{"runtime":496},"_runtime":496,"_timestamp":1.7579291977777324e+09,"_step":12,"Accuracy":38.32}