{"_wandb":{"runtime":528},"_runtime":528,"_step":12,"_timestamp":1.7579500515743675e+09,"Timestep":10,"Accuracy":38.17,"chance_level":10,"Time Taken to Run the Code(Mins)":8.837012060483296}