{"_step":12,"Timestep":10,"Accuracy":37.93,"chance_level":10,"Time Taken to Run the Code(Mins)":6.827494005362193,"_wandb":{"runtime":407},"_runtime":407,"_timestamp":1.7582180293653219e+09}