{"_wandb":{"runtime":537},"_runtime":537,"_timestamp":1.7579439438576448e+09,"_step":12,"chance_level":10,"Timestep":10,"Accuracy":38.14,"Time Taken to Run the Code(Mins)":8.989508152008057}