{"_step":12,"_timestamp":1.7581969693688066e+09,"Timestep":10,"Accuracy":31.08,"chance_level":10,"Time Taken to Run the Code(Mins)":8.432347905635833,"_wandb":{"runtime":504},"_runtime":504}