{"_runtime":425,"_timestamp":1.7581915348624532e+09,"_step":12,"Timestep":10,"Accuracy":33.81,"chance_level":10,"Time Taken to Run the Code(Mins)":7.130356299877167,"_wandb":{"runtime":425}}