{"_runtime":303,"_timestamp":1.7570860452744844e+09,"_step":12,"Timestep":10,"Accuracy":32.44,"chance_level":10,"Time Taken to Run the Code(Mins)":5.079706458250682,"_wandb":{"runtime":303}}