{"chance_level":10,"Time Taken to Run the Code(Mins)":0.32848761081695554,"_wandb":{"runtime":18},"_runtime":18,"_timestamp":1.7574445759852195e+09,"_step":12,"Timestep":10,"Accuracy":37.28}