{"Time Taken to Run the Code(Mins)":0.3358317454655965,"_wandb":{"runtime":19},"_runtime":19,"_step":12,"_timestamp":1.7574290436938217e+09,"Accuracy":37.44,"chance_level":10,"Timestep":10}