{"Accuracy":37.51,"Time Taken to Run the Code(Mins)":11.553042888641357,"_wandb":{"runtime":691},"_runtime":691,"_timestamp":1.757934474792127e+09,"_step":12,"chance_level":10,"Timestep":10}