{"_step":12,"Timestep":10,"Accuracy":31.17,"chance_level":10,"Time Taken to Run the Code(Mins)":7.1214907964070635,"_wandb":{"runtime":425},"_runtime":425,"_timestamp":1.7582155215363307e+09}