{"_step":12,"Timestep":10,"_wandb":{"runtime":15},"Accuracy":52.31,"Time Taken to Run the Code(Mins)":0.27061994473139445,"_timestamp":1.751640720041163e+09,"_runtime":15.930718922,"MediaLogs/s&p_0.02":{"_type":"image-file","sha256":"6d9678668fc378e1951bb630f4f538672833bbd927b8b3128ea48471d230098d","size":19693,"path":"media/images/MediaLogs/s&p_0.02_0_6d9678668fc378e1951b.png","format":"png","width":138,"height":70,"caption":"Noisy Images: s&p 0.02"},"chance_level":10}