{"_runtime":301,"_step":12,"_timestamp":1.757074555236782e+09,"Timestep":10,"Accuracy":31.97,"chance_level":10,"Time Taken to Run the Code(Mins)":5.038093821207682,"_wandb":{"runtime":301}}