{"_runtime":584,"_timestamp":1.7579422468297958e+09,"_step":12,"Accuracy":36.38,"chance_level":10,"Timestep":10,"Time Taken to Run the Code(Mins)":9.770726799964905,"_wandb":{"runtime":584}}