{"_runtime":16.268170589,"_timestamp":1.7516521926303642e+09,"Accuracy":59.26,"Time Taken to Run the Code(Mins)":0.2762197494506836,"chance_level":10,"Timestep":10,"MediaLogs/gauss_0.0":{"sha256":"1351f578828d886452347dc6a8a5d01cff2cec649d66f35cdd7f696cc437603a","size":18482,"path":"media/images/MediaLogs/gauss_0.0_0_1351f578828d88645234.png","format":"png","width":138,"height":70,"caption":"Noisy Images: gauss 0.0","_type":"image-file"},"_step":12,"_wandb":{"runtime":16}}