{"Timestep":10,"Accuracy":36.26,"chance_level":10,"Time Taken to Run the Code(Mins)":9.815284232298533,"_wandb":{"runtime":587},"_runtime":587,"_step":12,"_timestamp":1.7579415591384392e+09}