{"Timestep":10,"Accuracy":29.72,"chance_level":10,"Time Taken to Run the Code(Mins)":10.245669515927633,"_wandb":{"runtime":612},"_runtime":612,"_step":12,"_timestamp":1.7582056039702451e+09}