{"_wandb":{"runtime":609},"_runtime":609,"_timestamp":1.757936856679747e+09,"_step":12,"Accuracy":37.94,"chance_level":10,"Timestep":10,"Time Taken to Run the Code(Mins)":10.178897114594777}