{"_runtime":424,"_timestamp":1.7582223649122362e+09,"_step":12,"Timestep":10,"Accuracy":31.31,"chance_level":10,"Time Taken to Run the Code(Mins)":7.115282229582468,"_wandb":{"runtime":424}}