{"_runtime":18,"_timestamp":1.7574174959700646e+09,"_step":12,"Timestep":10,"Accuracy":38.02,"chance_level":10,"Time Taken to Run the Code(Mins)":0.3315585732460022,"_wandb":{"runtime":18}}