{"Timestep":10,"Accuracy":37.07,"chance_level":10,"Time Taken to Run the Code(Mins)":0.3290249347686768,"_wandb":{"runtime":18},"_runtime":18,"_timestamp":1.757429152297256e+09,"_step":12}