{"Time Taken to Run the Code(Mins)":8.070114596684773,"_wandb":{"runtime":482},"_runtime":482,"_timestamp":1.757945936321075e+09,"_step":12,"Timestep":10,"Accuracy":37.08,"chance_level":10}