{"Accuracy":33,"chance_level":10,"Time Taken to Run the Code(Mins)":4.638923080762227,"_wandb":{"runtime":277},"_runtime":277,"_timestamp":1.7570906100467322e+09,"_step":12,"Timestep":10}