{"_runtime":16.012685619,"_step":12,"MediaLogs/gauss_0.2":{"width":138,"height":70,"caption":"Noisy Images: gauss 0.2","_type":"image-file","sha256":"45f4dc678aa706151bebfea1540f5a37a816d74589f6ccf6fdeedb9f2f08c515","size":20156,"path":"media/images/MediaLogs/gauss_0.2_0_45f4dc678aa706151beb.png","format":"png"},"chance_level":10,"Accuracy":66.51,"Time Taken to Run the Code(Mins)":0.27206203937530515,"_wandb":{"runtime":16},"Timestep":10,"_timestamp":1.7519617321610782e+09}