{"_timestamp":1.7515325262213597e+09,"_step":12,"MediaLogs/s&p_0.6000000000000001":{"path":"media/images/MediaLogs/s&p_0.6000000000000001_0_698e315362b6ccbd9c79.png","format":"png","width":138,"height":70,"caption":"Noisy Images: s&p 0.6000000000000001","_type":"image-file","sha256":"698e315362b6ccbd9c79b1c2ac20021c439ba41b9c5e0e51e8c65c93082dd334","size":14570},"_runtime":15.957056368,"Timestep":10,"chance_level":10,"_wandb":{"runtime":15},"Time Taken to Run the Code(Mins)":0.27097850243250526,"Accuracy":11.77}