{"Accuracy":35.71,"chance_level":10,"Timestep":10,"Time Taken to Run the Code(Mins)":8.008123338222504,"_wandb":{"runtime":479},"_runtime":479,"_timestamp":1.7581879710688448e+09,"_step":12}