{"_step":12,"Timestep":10,"Accuracy":38.39,"chance_level":10,"Time Taken to Run the Code(Mins)":8.986928359667461,"_wandb":{"runtime":537},"_runtime":537,"_timestamp":1.7579428130228455e+09}