{"Time Taken to Run the Code(Mins)":10.658914419015248,"_wandb":{"runtime":637},"_runtime":637,"_timestamp":1.7579431123631713e+09,"_step":12,"Timestep":10,"Accuracy":38.26,"chance_level":10}