{"chance_level":10,"Time Taken to Run the Code(Mins)":6.931989904244741,"_wandb":{"runtime":414},"_runtime":414,"_timestamp":1.7582115655847824e+09,"_step":12,"Timestep":10,"Accuracy":30.02}