{"Accuracy":38.27,"chance_level":10,"Time Taken to Run the Code(Mins)":0.36250096956888833,"_wandb":{"runtime":20},"_runtime":20,"_timestamp":1.7574369445182886e+09,"_step":12,"Timestep":10}