{"_wandb":{"runtime":135},"_runtime":135,"_timestamp":1.7570746938006046e+09,"_step":12,"chance_level":10,"Timestep":10,"Accuracy":33.22,"Time Taken to Run the Code(Mins)":2.2747116486231485}