{"_runtime":616,"_timestamp":1.7579405712687294e+09,"_step":12,"Timestep":10,"Accuracy":36.71,"chance_level":10,"Time Taken to Run the Code(Mins)":10.297611765066783,"_wandb":{"runtime":616}}