{"_timestamp":1.7582210877553117e+09,"Timestep":10,"Accuracy":32.27,"chance_level":10,"Time Taken to Run the Code(Mins)":6.852827652295431,"_wandb":{"runtime":409},"_runtime":409,"_step":12}