{"_runtime":443,"_step":12,"_timestamp":1.7579553032548213e+09,"Timestep":10,"Accuracy":38.26,"chance_level":10,"Time Taken to Run the Code(Mins)":7.411136166254679,"_wandb":{"runtime":443}}