{"chance_level":10,"Time Taken to Run the Code(Mins)":9.252917349338531,"_wandb":{"runtime":553},"_runtime":553,"_step":12,"_timestamp":1.7579305383806367e+09,"Timestep":10,"Accuracy":38.1}