{"_step":12,"Timestep":10,"Accuracy":38.52,"chance_level":10,"Time Taken to Run the Code(Mins)":0.3244865934054057,"_wandb":{"runtime":18},"_runtime":18,"_timestamp":1.757442565367959e+09}