{"Time Taken to Run the Code(Mins)":5.1921318372090655,"_wandb":{"runtime":310},"_runtime":310,"_timestamp":1.7570871263491106e+09,"_step":12,"Accuracy":31.11,"chance_level":10,"Timestep":10}