{"chance_level":10,"Time Taken to Run the Code(Mins)":0.3315210779507955,"_wandb":{"runtime":18},"_runtime":18,"_step":12,"_timestamp":1.757438664874651e+09,"Timestep":10,"Accuracy":37.69}