{"_wandb":{"runtime":517},"_runtime":517,"_timestamp":1.7579497807001178e+09,"_step":12,"Timestep":10,"Accuracy":38.16,"chance_level":10,"Time Taken to Run the Code(Mins)":8.647200099627177}