{"_timestamp":1.7582046856891184e+09,"_step":12,"Accuracy":30.1,"chance_level":10,"Timestep":10,"Time Taken to Run the Code(Mins)":16.29716982046763,"_wandb":{"runtime":976},"_runtime":976}