{"_runtime":468,"_timestamp":1.758190237622584e+09,"_step":12,"Timestep":10,"Accuracy":34.27,"chance_level":10,"Time Taken to Run the Code(Mins)":7.821285319328308,"_wandb":{"runtime":468}}