{"_timestamp":1.7516514548687198e+09,"Time Taken to Run the Code(Mins)":0.2737649957338969,"_wandb":{"runtime":16},"_runtime":16.127697477,"MediaLogs/gauss_0.6000000000000001":{"sha256":"71e7e49c617876a92187f5f8ac37579a945a9374c00d35e39fc54ca17076c745","size":21734,"path":"media/images/MediaLogs/gauss_0.6000000000000001_0_71e7e49c617876a92187.png","format":"png","width":138,"height":70,"caption":"Noisy Images: gauss 0.6000000000000001","_type":"image-file"},"Accuracy":53.67,"chance_level":10,"_step":12,"Timestep":10}