{"_wandb":{"runtime":573},"_runtime":573,"_timestamp":1.7581996486753042e+09,"_step":12,"Timestep":10,"Accuracy":33.85,"chance_level":10,"Time Taken to Run the Code(Mins)":9.586529250939687}