{"_wandb":{"runtime":84},"_runtime":84,"_timestamp":1.757091208382358e+09,"_step":12,"Timestep":10,"Accuracy":31.48,"chance_level":10,"Time Taken to Run the Code(Mins)":1.432613972822825}