{"_timestamp":1.7574343372164989e+09,"_step":12,"Timestep":10,"Accuracy":37.01,"chance_level":10,"Time Taken to Run the Code(Mins)":0.31909576257069905,"_wandb":{"runtime":18},"_runtime":18}