{"_wandb":{"runtime":421},"_runtime":421,"_timestamp":1.7579549914155848e+09,"_step":12,"Timestep":10,"Accuracy":36.38,"chance_level":10,"Time Taken to Run the Code(Mins)":7.056013882160187}