{"_timestamp":1.7570851994684265e+09,"_step":12,"Accuracy":31.97,"chance_level":10,"Timestep":10,"Time Taken to Run the Code(Mins)":4.7262582619984945,"_wandb":{"runtime":282},"_runtime":282}