{"_runtime":232,"_step":12,"_timestamp":1.7570898874419034e+09,"Timestep":10,"Accuracy":31.22,"chance_level":10,"Time Taken to Run the Code(Mins)":3.8906084656715394,"_wandb":{"runtime":232}}