{"_step":12,"_timestamp":1.7574267112757292e+09,"Timestep":10,"Accuracy":38.34,"chance_level":10,"Time Taken to Run the Code(Mins)":0.34038044611612955,"_wandb":{"runtime":19},"_runtime":19}