{"_runtime":18,"_timestamp":1.7574418590142293e+09,"_step":12,"Timestep":10,"Accuracy":38.25,"chance_level":10,"Time Taken to Run the Code(Mins)":0.3300291617711385,"_wandb":{"runtime":18}}