{"Accuracy":68.03,"Time Taken to Run the Code(Mins)":0.2658576528231303,"_wandb":{"runtime":15},"_timestamp":1.7513741362104728e+09,"_runtime":15.674534085,"_step":11,"Timestep":10}