{"Time Taken to Run the Code(Mins)":0.34805644750595094,"_wandb":{"runtime":19},"_runtime":19,"_timestamp":1.757419428134298e+09,"_step":12,"Timestep":10,"Accuracy":38.32,"chance_level":10}