{"Timestep":10,"Accuracy":36.9,"chance_level":10,"Time Taken to Run the Code(Mins)":0.3475629488627116,"_wandb":{"runtime":19},"_runtime":19,"_timestamp":1.7574449898246589e+09,"_step":12}