{"chance_level":10,"Timestep":10,"Time Taken to Run the Code(Mins)":8.855277172724406,"_wandb":{"runtime":529},"_runtime":529,"_timestamp":1.7581873532291257e+09,"_step":12,"Accuracy":37.24}