{"Time Taken to Run the Code(Mins)":7.2751371224721275,"_wandb":{"runtime":435},"_runtime":435,"_timestamp":1.757955881048005e+09,"_step":12,"Timestep":10,"Accuracy":38.21,"chance_level":10}