{"_step":12,"Timestep":10,"Accuracy":34.31,"chance_level":10,"Time Taken to Run the Code(Mins)":6.208315575122834,"_wandb":{"runtime":370},"_runtime":370,"_timestamp":1.7581902753907247e+09}