{"MediaLogs/s&p_0.0":{"format":"png","width":138,"height":70,"caption":"Noisy Images: s&p 0.0","_type":"image-file","sha256":"1351f578828d886452347dc6a8a5d01cff2cec649d66f35cdd7f696cc437603a","size":18482,"path":"media/images/MediaLogs/s&p_0.0_0_1351f578828d88645234.png"},"Accuracy":67.74,"_runtime":15.716469768,"Timestep":10,"_step":12,"_timestamp":1.7515348006635454e+09,"chance_level":10,"Time Taken to Run the Code(Mins)":0.2670854369799296,"_wandb":{"runtime":15}}