{"Timestep":10,"Accuracy":37.96,"chance_level":10,"Time Taken to Run the Code(Mins)":8.262710841496785,"_wandb":{"runtime":494},"_runtime":494,"_timestamp":1.7579570951261392e+09,"_step":12}