{"_runtime":399,"_timestamp":1.758193841900895e+09,"_step":12,"Timestep":10,"Accuracy":33.92,"chance_level":10,"Time Taken to Run the Code(Mins)":6.688157550493876,"_wandb":{"runtime":399}}