{"Accuracy":37.73,"Time Taken to Run the Code(Mins)":0.3261386791865031,"_wandb":{"runtime":18},"_runtime":18,"_step":12,"_timestamp":1.7574235803446853e+09,"chance_level":10,"Timestep":10}