{"_wandb":{"runtime":236},"_runtime":236,"_step":12,"_timestamp":1.7570895060202975e+09,"Timestep":10,"Accuracy":32.16,"chance_level":10,"Time Taken to Run the Code(Mins)":3.9716154456138613}