{"_timestamp":1.7574304008248706e+09,"_step":12,"Timestep":10,"Accuracy":36.72,"chance_level":10,"Time Taken to Run the Code(Mins)":0.3290156682332357,"_wandb":{"runtime":18},"_runtime":18}