{"_timestamp":1.758209929113383e+09,"_step":12,"Timestep":10,"Accuracy":30.3,"chance_level":10,"Time Taken to Run the Code(Mins)":7.964105621973673,"_wandb":{"runtime":476},"_runtime":476}