{"_step":12,"Timestep":10,"Accuracy":38.45,"chance_level":10,"Time Taken to Run the Code(Mins)":7.400597163041433,"_wandb":{"runtime":442},"_runtime":442,"_timestamp":1.7579563557029145e+09}