{"_step":12,"Timestep":10,"Accuracy":36.89,"chance_level":10,"Time Taken to Run the Code(Mins)":9.092940672238667,"_wandb":{"runtime":544},"_runtime":544,"_timestamp":1.7579536447523837e+09}