{"chance_level":10,"Time Taken to Run the Code(Mins)":0.3387598196665446,"_wandb":{"runtime":19},"_runtime":19,"_step":12,"_timestamp":1.7574316833277302e+09,"Timestep":10,"Accuracy":38.39}