{"_runtime":19,"_timestamp":1.7574438075332203e+09,"_step":12,"Timestep":10,"Accuracy":37.96,"chance_level":10,"Time Taken to Run the Code(Mins)":0.34241317907969154,"_wandb":{"runtime":19}}