{"_timestamp":1.751376867545505e+09,"_runtime":15.374291805,"_step":11,"Time Taken to Run the Code(Mins)":0.26026732524236046,"_wandb":{"runtime":15},"Timestep":10,"Accuracy":71.37}