{"Time Taken to Run the Code(Mins)":9.678510653972626,"_wandb":{"runtime":579},"_runtime":579,"_timestamp":1.7579477568113525e+09,"_step":12,"Timestep":10,"Accuracy":36.62,"chance_level":10}