{"Time Taken to Run the Code(Mins)":6.100046678384145,"_wandb":{"runtime":364},"_runtime":364,"_timestamp":1.7579601193660946e+09,"_step":12,"Timestep":10,"Accuracy":36.6,"chance_level":10}