{"_timestamp":1.7513835113442023e+09,"_runtime":15.497128302,"_step":11,"Time Taken to Run the Code(Mins)":0.26232146422068275,"_wandb":{"runtime":15},"Timestep":10,"Accuracy":57.6}