{"_timestamp":1.7574225325833943e+09,"_step":12,"chance_level":10,"Timestep":10,"Accuracy":38.31,"Time Taken to Run the Code(Mins)":0.3320749004681905,"_wandb":{"runtime":18},"_runtime":18}