{"MediaLogs/s&p_0.04":{"format":"png","width":138,"height":70,"caption":"Noisy Images: s&p 0.04","_type":"image-file","sha256":"baea8452707910ea8f11d21702ce13dee1e2cd0558f06ac1145b6522d5554591","size":20448,"path":"media/images/MediaLogs/s&p_0.04_0_baea8452707910ea8f11.png"},"Timestep":10,"_timestamp":1.7516387771730556e+09,"chance_level":10,"_step":12,"_wandb":{"runtime":15},"_runtime":15.98181422,"Accuracy":35.55,"Time Taken to Run the Code(Mins)":0.27131744225819904}