{"_timestamp":1.757434776718157e+09,"_step":12,"Accuracy":37.13,"chance_level":10,"Timestep":10,"Time Taken to Run the Code(Mins)":0.3416488806406657,"_wandb":{"runtime":19},"_runtime":19}