{"Time Taken to Run the Code(Mins)":0.2851389686266581,"chance_level":10,"_runtime":16.801715434,"Accuracy":62.01,"_timestamp":1.751553349612566e+09,"_wandb":{"runtime":16},"_step":12,"MediaLogs/gauss_0.0":{"caption":"Noisy Images: gauss 0.0","_type":"image-file","sha256":"1351f578828d886452347dc6a8a5d01cff2cec649d66f35cdd7f696cc437603a","size":18482,"path":"media/images/MediaLogs/gauss_0.0_0_1351f578828d88645234.png","format":"png","width":138,"height":70},"Timestep":10}