{"Time Taken to Run the Code(Mins)":10.333237532774607,"_wandb":{"runtime":618},"_runtime":618,"_step":12,"_timestamp":1.7579298158812623e+09,"Timestep":10,"Accuracy":38.32,"chance_level":10}