{"_step":12,"Timestep":10,"Accuracy":38.34,"chance_level":10,"Time Taken to Run the Code(Mins)":0.3291360418001811,"_wandb":{"runtime":18},"_runtime":18,"_timestamp":1.757436727606201e+09}