{"Time Taken to Run the Code(Mins)":6.9536575754483545,"_wandb":{"runtime":415},"_runtime":415,"_timestamp":1.757959671655211e+09,"_step":12,"Accuracy":36.25,"chance_level":10,"Timestep":10}