{"_runtime":561,"_timestamp":1.757946594023474e+09,"_step":12,"Timestep":10,"Accuracy":37.25,"chance_level":10,"Time Taken to Run the Code(Mins)":9.383161437511443,"_wandb":{"runtime":561}}