{"Time Taken to Run the Code(Mins)":9.10071340004603,"_wandb":{"runtime":544},"_runtime":544,"_timestamp":1.7582096165418937e+09,"_step":12,"Timestep":10,"Accuracy":32.35,"chance_level":10}