{"_wandb":{"runtime":15},"_runtime":15.997548033,"chance_level":10,"_step":12,"Accuracy":13.27,"Time Taken to Run the Code(Mins)":0.27172951300938925,"_timestamp":1.7515351109225285e+09,"MediaLogs/s&p_0.6000000000000001":{"height":70,"caption":"Noisy Images: s&p 0.6000000000000001","_type":"image-file","sha256":"698e315362b6ccbd9c79b1c2ac20021c439ba41b9c5e0e51e8c65c93082dd334","size":14570,"path":"media/images/MediaLogs/s&p_0.6000000000000001_0_698e315362b6ccbd9c79.png","format":"png","width":138},"Timestep":10}