{"_wandb":{"runtime":488},"_runtime":488,"_timestamp":1.7579242023342884e+09,"_step":12,"Timestep":10,"Accuracy":38.38,"chance_level":10,"Time Taken to Run the Code(Mins)":8.16006635427475}