{"Accuracy":38.39,"chance_level":10,"Time Taken to Run the Code(Mins)":0.32894951502482095,"_wandb":{"runtime":18},"_runtime":18,"_timestamp":1.757421631727726e+09,"_step":12,"Timestep":10}