{"_step":12,"chance_level":10,"Time Taken to Run the Code(Mins)":0.27185039122899374,"_wandb":{"runtime":16},"_runtime":16.00108746,"MediaLogs/s&p_0.04":{"_type":"image-file","sha256":"baea8452707910ea8f11d21702ce13dee1e2cd0558f06ac1145b6522d5554591","size":20448,"path":"media/images/MediaLogs/s&p_0.04_0_baea8452707910ea8f11.png","format":"png","width":138,"height":70,"caption":"Noisy Images: s&p 0.04"},"Accuracy":51.21,"_timestamp":1.7519688513593767e+09,"Timestep":10}