{"_wandb":{"runtime":16},"Timestep":10,"Time Taken to Run the Code(Mins)":0.27393871943155923,"MediaLogs/gauss_0.0":{"caption":"Noisy Images: gauss 0.0","_type":"image-file","sha256":"1351f578828d886452347dc6a8a5d01cff2cec649d66f35cdd7f696cc437603a","size":18482,"path":"media/images/MediaLogs/gauss_0.0_0_1351f578828d88645234.png","format":"png","width":138,"height":70},"_step":12,"_timestamp":1.7516400481402802e+09,"Accuracy":68.49,"_runtime":16.133149285000002,"chance_level":10}