{"Accuracy":36.71,"chance_level":10,"Time Taken to Run the Code(Mins)":5.263671827316284,"_wandb":{"runtime":314},"_runtime":314,"_step":12,"_timestamp":1.7579601211731837e+09,"Timestep":10}