{"_timestamp":1.7579555257340403e+09,"Timestep":10,"Accuracy":38.19,"chance_level":10,"Time Taken to Run the Code(Mins)":7.266876037915548,"_wandb":{"runtime":434},"_runtime":434,"_step":12}