{"Timestep":10,"Time Taken to Run the Code(Mins)":6.779399271806081,"_wandb":{"runtime":405},"_runtime":405,"_timestamp":1.7582166218283787e+09,"_step":12,"Accuracy":30.37,"chance_level":10}