{"_runtime":247,"_timestamp":1.7570890174546564e+09,"_step":12,"Timestep":10,"Accuracy":33.04,"chance_level":10,"Time Taken to Run the Code(Mins)":4.142606286207835,"_wandb":{"runtime":247}}