{"_step":12,"Accuracy":29.81,"chance_level":10,"Timestep":10,"Time Taken to Run the Code(Mins)":6.649955407778422,"_wandb":{"runtime":397},"_runtime":397,"_timestamp":1.758222435667537e+09}