{"_step":12,"_timestamp":1.7581883907875638e+09,"chance_level":10,"Timestep":10,"Accuracy":35.83,"Time Taken to Run the Code(Mins)":6.851646864414215,"_wandb":{"runtime":409},"_runtime":409}