{"Time Taken to Run the Code(Mins)":8.57974712451299,"_wandb":{"runtime":513},"_runtime":513,"_timestamp":1.757927221338854e+09,"_step":12,"chance_level":10,"Timestep":10,"Accuracy":38.44}