{"_step":12,"_timestamp":1.758186906451518e+09,"Timestep":10,"Accuracy":37.26,"chance_level":10,"Time Taken to Run the Code(Mins)":8.707222592830657,"_wandb":{"runtime":520},"_runtime":520}