{"_step":12,"_timestamp":1.757950695944046e+09,"Timestep":10,"Accuracy":38.36,"chance_level":10,"Time Taken to Run the Code(Mins)":9.386228748162587,"_wandb":{"runtime":561},"_runtime":561}