{"_step":12,"_wandb":{"runtime":16},"Timestep":10,"chance_level":10,"Time Taken to Run the Code(Mins)":0.2743220011393229,"MediaLogs/gauss_0.8":{"caption":"Noisy Images: gauss 0.8","_type":"image-file","sha256":"3e6aae1b7f1783e24a2fdf2fafdfc8cb8009c8ddbf7b5ed78fc7284d6a1d7e55","size":22076,"path":"media/images/MediaLogs/gauss_0.8_0_3e6aae1b7f1783e24a2f.png","format":"png","width":138,"height":70},"_runtime":16.156581024,"_timestamp":1.7516526731999917e+09,"Accuracy":48.28}