{"chance_level":10,"Timestep":10,"Accuracy":38.16,"Time Taken to Run the Code(Mins)":11.386619261900584,"_wandb":{"runtime":681},"_runtime":681,"_timestamp":1.757930609224519e+09,"_step":12}