{"Accuracy":38.19,"chance_level":10,"Time Taken to Run the Code(Mins)":8.09951545794805,"_wandb":{"runtime":483},"_runtime":483,"_timestamp":1.7579443841744766e+09,"_step":12,"Timestep":10}