{"_timestamp":1.75137675091398e+09,"_runtime":15.312819901,"_step":11,"Timestep":10,"Accuracy":66.5,"Time Taken to Run the Code(Mins)":0.2592058499654134,"_wandb":{"runtime":15}}