{"_wandb":{"runtime":18},"_runtime":18,"_timestamp":1.7574425387822702e+09,"_step":12,"Timestep":10,"Accuracy":38.5,"chance_level":10,"Time Taken to Run the Code(Mins)":0.33391993045806884}