{"_timestamp":1.7582217964536479e+09,"_step":12,"Timestep":10,"Accuracy":30.87,"chance_level":10,"Time Taken to Run the Code(Mins)":7.25338784456253,"_wandb":{"runtime":433},"_runtime":433}