{"Accuracy":37.01,"chance_level":10,"Time Taken to Run the Code(Mins)":7.654321165879567,"_wandb":{"runtime":457},"_runtime":457,"_timestamp":1.7579593177630131e+09,"_step":12,"Timestep":10}