{"chance_level":10,"Time Taken to Run the Code(Mins)":0.3345894694328308,"_wandb":{"runtime":19},"_runtime":19,"_timestamp":1.7574297220497446e+09,"_step":12,"Timestep":10,"Accuracy":37.05}