{"_step":12,"_timestamp":1.7582214992427392e+09,"Accuracy":30.35,"chance_level":10,"Timestep":10,"Time Taken to Run the Code(Mins)":7.092033855120341,"_wandb":{"runtime":424},"_runtime":424}