{"_runtime":540,"_timestamp":1.7582068202111142e+09,"_step":12,"Timestep":10,"Accuracy":37.08,"chance_level":10,"Time Taken to Run the Code(Mins)":9.031892716884613,"_wandb":{"runtime":540}}