{"Time Taken to Run the Code(Mins)":9.578892064094543,"_wandb":{"runtime":573},"_runtime":573,"_timestamp":1.7579273560347102e+09,"_step":12,"Timestep":10,"Accuracy":38.43,"chance_level":10}