{"chance_level":10,"Time Taken to Run the Code(Mins)":8.755281615257264,"_wandb":{"runtime":523},"_runtime":523,"_timestamp":1.7579375419956393e+09,"_step":12,"Timestep":10,"Accuracy":38.1}