{"Time Taken to Run the Code(Mins)":6.597123690446218,"_wandb":{"runtime":393},"_runtime":393,"_step":12,"_timestamp":1.7581867798635848e+09,"Timestep":10,"Accuracy":37.23,"chance_level":10}