{"Time Taken to Run the Code(Mins)":6.8766676386197405,"_wandb":{"runtime":411},"_runtime":411,"_timestamp":1.758195181973335e+09,"_step":12,"Timestep":10,"Accuracy":31.72,"chance_level":10}