{"Time Taken to Run the Code(Mins)":10.351225403944651,"_wandb":{"runtime":619},"_runtime":619,"_timestamp":1.7579402183532574e+09,"_step":12,"Timestep":10,"Accuracy":37.08,"chance_level":10}