{"Time Taken to Run the Code(Mins)":9.7707736770312,"_wandb":{"runtime":584},"_runtime":584,"_timestamp":1.757948981638907e+09,"_step":12,"Timestep":10,"Accuracy":38.33,"chance_level":10}