{"_wandb":{"runtime":19},"_runtime":19,"_timestamp":1.7574231385138924e+09,"_step":12,"Timestep":10,"Accuracy":38.14,"chance_level":10,"Time Taken to Run the Code(Mins)":0.34093801975250243}