{"_wandb":{"runtime":437},"_runtime":437,"_timestamp":1.7581893433470993e+09,"_step":12,"Timestep":10,"Accuracy":34.74,"chance_level":10,"Time Taken to Run the Code(Mins)":7.3205384055773415}