{"_wandb":{"runtime":499},"_runtime":499,"_timestamp":1.7581969381802855e+09,"_step":12,"Timestep":10,"Accuracy":31.3,"chance_level":10,"Time Taken to Run the Code(Mins)":8.356337865193685}