{"Time Taken to Run the Code(Mins)":0.3300840894381205,"_wandb":{"runtime":18},"_runtime":18,"_timestamp":1.7574394193167427e+09,"_step":12,"Timestep":10,"Accuracy":37.16,"chance_level":10}