{"chance_level":10,"Timestep":10,"Accuracy":36.1,"Time Taken to Run the Code(Mins)":7.589744222164154,"_wandb":{"runtime":453},"_runtime":453,"_timestamp":1.7582195550949633e+09,"_step":12}