{"Accuracy":64.06,"chance_level":10,"_step":12,"_timestamp":1.75153067198558e+09,"MediaLogs/gauss_0.06":{"sha256":"fb4f18abaa786478c902089c03246b573543818264d6cd766815c05412f01760","size":18959,"path":"media/images/MediaLogs/gauss_0.06_0_fb4f18abaa786478c902.png","format":"png","width":138,"height":70,"caption":"Noisy Images: gauss 0.06","_type":"image-file"},"Time Taken to Run the Code(Mins)":0.2725155194600423,"_wandb":{"runtime":16},"Timestep":10,"_runtime":16.042302889}