{"_runtime":18,"_timestamp":1.7574375112166505e+09,"_step":12,"chance_level":10,"Timestep":10,"Accuracy":38.27,"Time Taken to Run the Code(Mins)":0.3272307793299357,"_wandb":{"runtime":18}}