{"chance_level":10,"Time Taken to Run the Code(Mins)":0.3331986467043559,"_wandb":{"runtime":18},"_runtime":18,"_step":12,"_timestamp":1.7574423759806263e+09,"Timestep":10,"Accuracy":38.44}