{"_wandb":{"runtime":18},"_runtime":18,"_step":12,"_timestamp":1.757433961217233e+09,"Timestep":10,"Accuracy":37.5,"chance_level":10,"Time Taken to Run the Code(Mins)":0.32527628739674885}