{"chance_level":10,"Time Taken to Run the Code(Mins)":8.510913797219594,"_wandb":{"runtime":509},"_runtime":509,"_step":12,"_timestamp":1.7582126358654478e+09,"Timestep":10,"Accuracy":37.39}