{"_wandb":{"runtime":16},"chance_level":10,"Time Taken to Run the Code(Mins)":0.2729714155197144,"Timestep":10,"MediaLogs/gauss_0.2":{"format":"png","width":138,"height":70,"caption":"Noisy Images: gauss 0.2","_type":"image-file","sha256":"45f4dc678aa706151bebfea1540f5a37a816d74589f6ccf6fdeedb9f2f08c515","size":20156,"path":"media/images/MediaLogs/gauss_0.2_0_45f4dc678aa706151beb.png"},"_step":12,"_timestamp":1.7516512874845092e+09,"Accuracy":56.24,"_runtime":16.074478894}