{"Timestep":10,"Accuracy":30.55,"chance_level":10,"Time Taken to Run the Code(Mins)":9.171762597560882,"_wandb":{"runtime":549},"_runtime":549,"_timestamp":1.7582101855429983e+09,"_step":12}