{"Accuracy":36.15,"Time Taken to Run the Code(Mins)":8.030061463514963,"_wandb":{"runtime":480},"_runtime":480,"_timestamp":1.757948748033973e+09,"_step":12,"chance_level":10,"Timestep":10}