{"_wandb":{"runtime":566},"_runtime":566,"_step":12,"_timestamp":1.758208491405746e+09,"Timestep":10,"Accuracy":34.33,"chance_level":10,"Time Taken to Run the Code(Mins)":9.464304558436076}