{"Timestep":10,"Time Taken to Run the Code(Mins)":8.317034252484639,"_wandb":{"runtime":497},"_runtime":497,"_timestamp":1.7581968449520557e+09,"_step":12,"Accuracy":31.34,"chance_level":10}