{"_timestamp":1.7515346578564925e+09,"Time Taken to Run the Code(Mins)":0.27459583679835003,"_runtime":16.16461582,"Timestep":10,"MediaLogs/gauss_0.06":{"format":"png","width":138,"height":70,"caption":"Noisy Images: gauss 0.06","_type":"image-file","sha256":"fb4f18abaa786478c902089c03246b573543818264d6cd766815c05412f01760","size":18959,"path":"media/images/MediaLogs/gauss_0.06_0_fb4f18abaa786478c902.png"},"_wandb":{"runtime":16},"_step":12,"Accuracy":65.09,"chance_level":10}