{"Accuracy":32.6,"chance_level":10,"Time Taken to Run the Code(Mins)":6.421746822198232,"_wandb":{"runtime":383},"_runtime":383,"_timestamp":1.7581947107708044e+09,"_step":12,"Timestep":10}