{"_runtime":512,"_timestamp":1.7582126485198014e+09,"_step":12,"Timestep":10,"Accuracy":37.39,"chance_level":10,"Time Taken to Run the Code(Mins)":8.555696853001912,"_wandb":{"runtime":512}}