{"Timestep":10,"Accuracy":38.32,"chance_level":10,"Time Taken to Run the Code(Mins)":10.624211899439494,"_wandb":{"runtime":635},"_runtime":635,"_timestamp":1.7579298706946864e+09,"_step":12}