{"_timestamp":1.7574436699301786e+09,"_step":12,"Timestep":10,"Accuracy":38,"chance_level":10,"Time Taken to Run the Code(Mins)":0.3273370107014974,"_wandb":{"runtime":18},"_runtime":18}