{"chance_level":10,"Time Taken to Run the Code(Mins)":7.7990267157554625,"_wandb":{"runtime":466},"_runtime":466,"_timestamp":1.7581889010546536e+09,"_step":12,"Timestep":10,"Accuracy":34.69}