{"_step":12,"chance_level":10,"Timestep":10,"Accuracy":30.74,"Time Taken to Run the Code(Mins)":13.548786715666454,"_wandb":{"runtime":811},"_runtime":811,"_timestamp":1.7582027850270393e+09}