{"Time Taken to Run the Code(Mins)":9.353002707163492,"_wandb":{"runtime":559},"_runtime":559,"_step":12,"_timestamp":1.7581973058808057e+09,"Timestep":10,"Accuracy":31.08,"chance_level":10}