{"Accuracy":36.35,"chance_level":10,"Timestep":10,"Time Taken to Run the Code(Mins)":7.047520760695139,"_wandb":{"runtime":421},"_runtime":421,"_timestamp":1.7581924916793354e+09,"_step":12}