{"Timestep":10,"Accuracy":36.33,"chance_level":10,"Time Taken to Run the Code(Mins)":6.665692194302877,"_wandb":{"runtime":398},"_runtime":398,"_step":12,"_timestamp":1.7581922167043009e+09}