{"Time Taken to Run the Code(Mins)":6.397963798046112,"_wandb":{"runtime":382},"_runtime":382,"_timestamp":1.7582111980398164e+09,"_step":12,"Timestep":10,"Accuracy":29.96,"chance_level":10}