{"_timestamp":1.7579226242416708e+09,"Timestep":10,"Accuracy":38.02,"chance_level":10,"Time Taken to Run the Code(Mins)":5.929369644323985,"_wandb":{"runtime":354},"_runtime":354,"_step":12}