{"_step":12,"Timestep":10,"Accuracy":31.9,"chance_level":10,"Time Taken to Run the Code(Mins)":4.8852587779363,"_wandb":{"runtime":291},"_runtime":291,"_timestamp":1.7570878873063235e+09}