{"_runtime":447,"_timestamp":1.7581893969000976e+09,"_step":12,"Timestep":10,"Accuracy":34.71,"chance_level":10,"Time Taken to Run the Code(Mins)":7.476086378097534,"_wandb":{"runtime":447}}