{"_wandb":{"runtime":554},"_runtime":554,"_timestamp":1.7579305422661777e+09,"_step":12,"Accuracy":38.12,"chance_level":10,"Timestep":10,"Time Taken to Run the Code(Mins)":9.26084003051122}