{"_runtime":402,"_timestamp":1.7581889128596685e+09,"_step":12,"Timestep":10,"Accuracy":34.7,"chance_level":10,"Time Taken to Run the Code(Mins)":6.736654686927795,"_wandb":{"runtime":402}}