{"Timestep":10,"Accuracy":38.42,"chance_level":10,"Time Taken to Run the Code(Mins)":8.935563985506693,"_wandb":{"runtime":533},"_runtime":533,"_timestamp":1.7579269166502745e+09,"_step":12}