{"Timestep":10,"Accuracy":29.93,"chance_level":10,"Time Taken to Run the Code(Mins)":11.893610497315725,"_wandb":{"runtime":712},"_runtime":712,"_timestamp":1.7582061984843981e+09,"_step":12}