{"_runtime":565,"_timestamp":1.7581996158705418e+09,"_step":12,"chance_level":10,"Timestep":10,"Accuracy":33.82,"Time Taken to Run the Code(Mins)":9.448292350769043,"_wandb":{"runtime":565}}