{"Time Taken to Run the Code(Mins)":0.3531743208567301,"_wandb":{"runtime":20},"_runtime":20,"_step":12,"_timestamp":1.7574276891124735e+09,"Timestep":10,"Accuracy":37.92,"chance_level":10}