{"Timestep":10,"Accuracy":37.71,"Time Taken to Run the Code(Mins)":0.33782665332158407,"_wandb":{"runtime":19},"_runtime":19,"_step":12,"_timestamp":1.7574388010290105e+09,"chance_level":10}