{"Timestep":10,"chance_level":10,"Accuracy":33.25,"_timestamp":1.751640553029359e+09,"_runtime":16.182773904,"Time Taken to Run the Code(Mins)":0.27477850516637164,"_step":12,"MediaLogs/gauss_0.8":{"format":"png","width":138,"height":70,"caption":"Noisy Images: gauss 0.8","_type":"image-file","sha256":"3e6aae1b7f1783e24a2fdf2fafdfc8cb8009c8ddbf7b5ed78fc7284d6a1d7e55","size":22076,"path":"media/images/MediaLogs/gauss_0.8_0_3e6aae1b7f1783e24a2f.png"},"_wandb":{"runtime":16}}