{"_wandb":{"runtime":16},"_runtime":16.15273757,"chance_level":10,"_timestamp":1.7525863022033079e+09,"MediaLogs/s&p_0.0":{"_type":"image-file","sha256":"1351f578828d886452347dc6a8a5d01cff2cec649d66f35cdd7f696cc437603a","size":18482,"path":"media/images/MediaLogs/s&p_0.0_0_1351f578828d88645234.png","format":"png","width":138,"height":70,"caption":"Noisy Images: s&p 0.0"},"_step":12,"Accuracy":67.63,"Time Taken to Run the Code(Mins)":0.27427007754643756,"Timestep":10}