{"Time Taken to Run the Code(Mins)":0.34419841368993126,"_wandb":{"runtime":19},"_runtime":19,"_timestamp":1.757425020778927e+09,"_step":12,"Timestep":10,"Accuracy":37.52,"chance_level":10}