{"_wandb":{"runtime":17},"_runtime":17.472064467,"Timestep":10,"Accuracy":69.19,"Time Taken to Run the Code(Mins)":0.2962816079457601,"chance_level":10,"_step":12,"MediaLogs/gauss_0.04":{"_type":"image-file","sha256":"bc6a87b22c7ea2ae3c6b1a757398b7c4a6f48fe11c0f65de8a9386900ca6d63b","size":18834,"path":"media/images/MediaLogs/gauss_0.04_0_bc6a87b22c7ea2ae3c6b.png","format":"png","width":138,"height":70,"caption":"Noisy Images: gauss 0.04"},"_timestamp":1.7515370727544594e+09}