{"_runtime":919,"_timestamp":1.7582036301458776e+09,"_step":12,"Timestep":10,"Accuracy":29.85,"chance_level":10,"Time Taken to Run the Code(Mins)":15.366714795430502,"_wandb":{"runtime":919}}