{"_timestamp":1.7581930555430913e+09,"_step":12,"Timestep":10,"Accuracy":36.52,"chance_level":10,"Time Taken to Run the Code(Mins)":8.134829954306285,"_wandb":{"runtime":486},"_runtime":486}