{"_step":12,"Timestep":10,"Accuracy":38,"chance_level":10,"Time Taken to Run the Code(Mins)":10.428586554527282,"_wandb":{"runtime":622},"_runtime":622,"_timestamp":1.7579225665544717e+09}