{"_wandb":{"runtime":264},"_runtime":264,"_step":12,"_timestamp":1.75708828777864e+09,"Timestep":10,"Accuracy":31.6,"chance_level":10,"Time Taken to Run the Code(Mins)":4.427685860792796}