{"Time Taken to Run the Code(Mins)":6.170439767837524,"_wandb":{"runtime":368},"_runtime":368,"_timestamp":1.7582194100829048e+09,"_step":12,"Accuracy":36.1,"chance_level":10,"Timestep":10}