{"_timestamp":1.7579313211861284e+09,"_step":12,"Accuracy":37.81,"chance_level":10,"Timestep":10,"Time Taken to Run the Code(Mins)":10.44369566043218,"_wandb":{"runtime":624},"_runtime":624}