{"_runtime":267,"_timestamp":1.757090476293387e+09,"_step":12,"Timestep":10,"Accuracy":33.1,"chance_level":10,"Time Taken to Run the Code(Mins)":4.481195390224457,"_wandb":{"runtime":267}}