{"_wandb":{"runtime":18},"_runtime":18,"_timestamp":1.757440831868647e+09,"_step":12,"Timestep":10,"Accuracy":35.92,"chance_level":10,"Time Taken to Run the Code(Mins)":0.3346888065338135}