{"Time Taken to Run the Code(Mins)":0.33631369670232136,"_wandb":{"runtime":18},"_runtime":18,"_step":12,"_timestamp":1.7574212565029979e+09,"chance_level":10,"Timestep":10,"Accuracy":38.37}