{"_step":12,"Timestep":10,"Accuracy":33.08,"chance_level":10,"Time Taken to Run the Code(Mins)":4.359704089164734,"_wandb":{"runtime":260},"_runtime":260,"_timestamp":1.7570833161388059e+09}