{"_wandb":{"runtime":18},"_runtime":18,"_timestamp":1.7574353450261388e+09,"_step":12,"Timestep":10,"Accuracy":36.31,"chance_level":10,"Time Taken to Run the Code(Mins)":0.326422917842865}