{"Time Taken to Run the Code(Mins)":0.3305828968683879,"_wandb":{"runtime":18},"_runtime":18,"_timestamp":1.757444439708475e+09,"_step":12,"Timestep":10,"Accuracy":37.29,"chance_level":10}