{"_timestamp":1.7579269323534482e+09,"_step":12,"Timestep":10,"Accuracy":38.43,"chance_level":10,"Time Taken to Run the Code(Mins)":9.062102238337198,"_wandb":{"runtime":540},"_runtime":540}