{"Accuracy":37.51,"chance_level":10,"Timestep":10,"Time Taken to Run the Code(Mins)":0.3376665433247884,"_wandb":{"runtime":18},"_runtime":18,"_timestamp":1.7574247963512037e+09,"_step":12}