{"chance_level":10,"Time Taken to Run the Code(Mins)":7.178288487593333,"_wandb":{"runtime":429},"_runtime":429,"_timestamp":1.7579567555605636e+09,"_step":12,"Timestep":10,"Accuracy":38.37}