{"_step":12,"Timestep":10,"Accuracy":29.05,"chance_level":10,"Time Taken to Run the Code(Mins)":6.875105547904968,"_wandb":{"runtime":411},"_runtime":411,"_timestamp":1.7582169848818681e+09}