{"chance_level":10,"Time Taken to Run the Code(Mins)":10.720938070615132,"_wandb":{"runtime":641},"_runtime":641,"_timestamp":1.7579518942829852e+09,"_step":12,"Timestep":10,"Accuracy":37.85}