{"_wandb":{"runtime":1311},"_runtime":1311,"Time Taken to Run the Code(Mins)":21.887020913759866,"_timestamp":1.7545729778546095e+09,"_step":0}