{"_runtime":614,"_timestamp":1.7582068569942503e+09,"_step":12,"chance_level":10,"Timestep":10,"Accuracy":37.04,"Time Taken to Run the Code(Mins)":10.28849642276764,"_wandb":{"runtime":614}}