{"_step":12,"Timestep":10,"Accuracy":31.01,"chance_level":10,"Time Taken to Run the Code(Mins)":6.867149746417999,"_wandb":{"runtime":410},"_runtime":410,"_timestamp":1.7582219300117304e+09}