{"_step":12,"Timestep":10,"Accuracy":33.08,"chance_level":10,"Time Taken to Run the Code(Mins)":4.014017573992411,"_wandb":{"runtime":239},"_runtime":239,"_timestamp":1.757083046445888e+09}