{"chance_level":10,"Timestep":10,"_step":12,"Time Taken to Run the Code(Mins)":0.2800874630610148,"MediaLogs/s&p_0.8":{"format":"png","width":138,"height":70,"caption":"Noisy Images: s&p 0.8","_type":"image-file","sha256":"c5de290bc607a4d3a958a7bbf55c32825b481e2e8eecb255f8d00ebb9a0e0de2","size":7046,"path":"media/images/MediaLogs/s&p_0.8_0_c5de290bc607a4d3a958.png"},"Accuracy":15.91,"_timestamp":1.7515443798169286e+09,"_runtime":16.486798365,"_wandb":{"runtime":16}}