{"Timestep":10,"Accuracy":36.04,"chance_level":10,"Time Taken to Run the Code(Mins)":6.4519270896911625,"_wandb":{"runtime":385},"_runtime":385,"_timestamp":1.7582193164490569e+09,"_step":12}