{"Accuracy":36.88,"chance_level":10,"Time Taken to Run the Code(Mins)":0.3379175265630086,"_wandb":{"runtime":19},"_runtime":19,"_step":12,"_timestamp":1.757444907206399e+09,"Timestep":10}