{"_wandb":{"runtime":649},"_runtime":649,"_timestamp":1.7579232317343917e+09,"_step":12,"chance_level":10,"Timestep":10,"Accuracy":38.38,"Time Taken to Run the Code(Mins)":10.8427481452624}