{"chance_level":10,"Time Taken to Run the Code(Mins)":7.701190507411956,"_wandb":{"runtime":460},"_runtime":460,"_step":12,"_timestamp":1.758196438108483e+09,"Timestep":10,"Accuracy":31.39}