{"_step":12,"Timestep":10,"Accuracy":29.64,"chance_level":10,"Time Taken to Run the Code(Mins)":6.664427367846171,"_wandb":{"runtime":398},"_runtime":398,"_timestamp":1.7582223843852792e+09}