{"Timestep":10,"Accuracy":38.22,"chance_level":10,"Time Taken to Run the Code(Mins)":8.166835459073384,"_wandb":{"runtime":488},"_runtime":488,"_timestamp":1.7579489854464705e+09,"_step":12}