{"Accuracy":38.24,"chance_level":10,"Time Taken to Run the Code(Mins)":0.32193329334259035,"_wandb":{"runtime":18},"_runtime":18,"_timestamp":1.7574375669857275e+09,"_step":12,"Timestep":10}