{"Time Taken to Run the Code(Mins)":0.3320568641026815,"_wandb":{"runtime":18},"_runtime":18,"_timestamp":1.7574263551189296e+09,"_step":12,"Timestep":10,"Accuracy":37.51,"chance_level":10}