{"_timestamp":1.7579386095012138e+09,"_step":12,"Accuracy":37.61,"chance_level":10,"Timestep":10,"Time Taken to Run the Code(Mins)":11.322901467482248,"_wandb":{"runtime":678},"_runtime":678}