{"_step":12,"Accuracy":31.97,"chance_level":10,"Timestep":10,"Time Taken to Run the Code(Mins)":5.271638890107472,"_wandb":{"runtime":315},"_runtime":315,"_timestamp":1.7570854498250434e+09}