{"_timestamp":1.757446209043946e+09,"Timestep":10,"Accuracy":36.15,"chance_level":10,"Time Taken to Run the Code(Mins)":0.3422994573911031,"_wandb":{"runtime":19},"_runtime":19,"_step":12}