{"Timestep":10,"_runtime":16.078616351,"Accuracy":58.87,"_timestamp":1.7514657704560766e+09,"Time Taken to Run the Code(Mins)":0.27275272210439044,"_step":12,"chance_level":10,"MediaLogs/s&p_0.0":{"format":"png","width":138,"height":70,"caption":"Noisy Images: s&p 0.0","_type":"image-file","sha256":"1351f578828d886452347dc6a8a5d01cff2cec649d66f35cdd7f696cc437603a","size":18482,"path":"media/images/MediaLogs/s&p_0.0_0_1351f578828d88645234.png"},"_wandb":{"runtime":16}}