{"_timestamp":1.757960113855834e+09,"_step":12,"Timestep":10,"Accuracy":36.56,"chance_level":10,"Time Taken to Run the Code(Mins)":6.269823082288107,"_wandb":{"runtime":374},"_runtime":374}