{"Time Taken to Run the Code(Mins)":0.33606234391530354,"_wandb":{"runtime":19},"_runtime":19,"_timestamp":1.7574415312378757e+09,"_step":12,"chance_level":10,"Timestep":10,"Accuracy":38.31}