{"Timestep":10,"Accuracy":32.46,"Time Taken to Run the Code(Mins)":5.174081989129385,"_wandb":{"runtime":309},"_runtime":309,"_timestamp":1.7570860618725138e+09,"_step":12,"chance_level":10}