{"_step":12,"Timestep":10,"Accuracy":38.37,"chance_level":10,"Time Taken to Run the Code(Mins)":0.3338430166244507,"_wandb":{"runtime":18},"_runtime":18,"_timestamp":1.7574211204665327e+09}