{"Timestep":10,"Accuracy":34.08,"chance_level":10,"Time Taken to Run the Code(Mins)":6.034103147188822,"_wandb":{"runtime":360},"_runtime":360,"_timestamp":1.7582199952733796e+09,"_step":12}