{"Accuracy":60.45,"chance_level":10,"MediaLogs/gauss_0.04":{"path":"media/images/MediaLogs/gauss_0.04_0_bc6a87b22c7ea2ae3c6b.png","format":"png","width":138,"height":70,"caption":"Noisy Images: gauss 0.04","_type":"image-file","sha256":"bc6a87b22c7ea2ae3c6b1a757398b7c4a6f48fe11c0f65de8a9386900ca6d63b","size":18834},"_timestamp":1.7514716651844647e+09,"_step":12,"Timestep":10,"Time Taken to Run the Code(Mins)":0.2727725744247437,"_wandb":{"runtime":16},"_runtime":16.060174305}