{"_runtime":15.626144707,"_step":11,"Time Taken to Run the Code(Mins)":0.26490744749705,"_wandb":{"runtime":15},"Timestep":10,"Accuracy":70.62,"_timestamp":1.7513768908525617e+09}