{"_runtime":469,"_step":12,"_timestamp":1.7581964486013365e+09,"Timestep":10,"Accuracy":31.34,"chance_level":10,"Time Taken to Run the Code(Mins)":7.849513554573059,"_wandb":{"runtime":469}}