{"Accuracy":34.74,"chance_level":10,"Time Taken to Run the Code(Mins)":6.944344333807627,"_wandb":{"runtime":415},"_runtime":415,"_step":12,"_timestamp":1.7581892972725768e+09,"Timestep":10}