{"Timestep":10,"Time Taken to Run the Code(Mins)":0.2677520195643107,"_wandb":{"runtime":15},"Accuracy":59.74,"_timestamp":1.7513834188469918e+09,"_runtime":15.783487051,"_step":11}