{"Accuracy":36.55,"chance_level":10,"Time Taken to Run the Code(Mins)":8.19598073164622,"_wandb":{"runtime":489},"_runtime":489,"_timestamp":1.7581930716077096e+09,"_step":12,"Timestep":10}