{"Time Taken to Run the Code(Mins)":0.3312443097432454,"_wandb":{"runtime":18},"_runtime":18,"_step":12,"_timestamp":1.7574435629186883e+09,"Timestep":10,"Accuracy":37.96,"chance_level":10}