{"_timestamp":1.7582140865667257e+09,"Timestep":10,"Accuracy":35.24,"chance_level":10,"Time Taken to Run the Code(Mins)":6.247341660658519,"_wandb":{"runtime":372},"_runtime":372,"_step":12}