{"_timestamp":1.7515463980937629e+09,"_runtime":15.764620453,"_step":12,"Time Taken to Run the Code(Mins)":0.2677483876546224,"MediaLogs/s&p_0.0":{"format":"png","width":138,"height":70,"caption":"Noisy Images: s&p 0.0","_type":"image-file","sha256":"1351f578828d886452347dc6a8a5d01cff2cec649d66f35cdd7f696cc437603a","size":18482,"path":"media/images/MediaLogs/s&p_0.0_0_1351f578828d88645234.png"},"Timestep":10,"_wandb":{"runtime":15},"chance_level":10,"Accuracy":59.58}