{"_wandb":{"runtime":568},"_runtime":568,"_timestamp":1.758187960935383e+09,"_step":12,"Accuracy":35.67,"chance_level":10,"Timestep":10,"Time Taken to Run the Code(Mins)":9.510437846183777}