{"_runtime":569,"_timestamp":1.7579524833389952e+09,"_step":12,"Timestep":10,"Accuracy":37.19,"chance_level":10,"Time Taken to Run the Code(Mins)":9.514933224519094,"_wandb":{"runtime":569}}