{"_runtime":19,"_timestamp":1.757441696541194e+09,"_step":12,"Timestep":10,"Accuracy":38.25,"chance_level":10,"Time Taken to Run the Code(Mins)":0.33427764574686686,"_wandb":{"runtime":19}}