{"_step":12,"Timestep":10,"Accuracy":37.66,"chance_level":10,"Time Taken to Run the Code(Mins)":8.930766117572784,"_wandb":{"runtime":533},"_runtime":533,"_timestamp":1.757945273233716e+09}