{"Accuracy":32.02,"chance_level":10,"Time Taken to Run the Code(Mins)":4.279914585749308,"_wandb":{"runtime":255},"_runtime":255,"_timestamp":1.7570863776046433e+09,"_step":12,"Timestep":10}