{"Timestep":10,"Accuracy":38.27,"chance_level":10,"Time Taken to Run the Code(Mins)":0.33861260016759237,"_wandb":{"runtime":19},"_runtime":19,"_step":12,"_timestamp":1.7574372684651914e+09}