{"Time Taken to Run the Code(Mins)":8.59494496981303,"_wandb":{"runtime":513},"_runtime":513,"_step":12,"_timestamp":1.7579291625512116e+09,"Timestep":10,"Accuracy":38.32,"chance_level":10}