{"_timestamp":1.7579547389848366e+09,"Timestep":10,"Accuracy":36.19,"chance_level":10,"Time Taken to Run the Code(Mins)":8.709430483977,"_wandb":{"runtime":521},"_runtime":521,"_step":12}