{"_step":12,"_timestamp":1.758219272845957e+09,"Timestep":10,"Accuracy":35.98,"chance_level":10,"Time Taken to Run the Code(Mins)":7.611237442493438,"_wandb":{"runtime":455},"_runtime":455}