{"Accuracy":37.78,"chance_level":10,"Time Taken to Run the Code(Mins)":10.759530595938365,"_wandb":{"runtime":643},"_runtime":643,"_timestamp":1.7579312876783464e+09,"_step":12,"Timestep":10}