{"chance_level":10,"Time Taken to Run the Code(Mins)":4.558320180575053,"_wandb":{"runtime":272},"_runtime":272,"_step":12,"_timestamp":1.7570890191281748e+09,"Timestep":10,"Accuracy":33.08}