{"_runtime":19,"_step":12,"_timestamp":1.757442672179439e+09,"chance_level":10,"Timestep":10,"Accuracy":38.44,"Time Taken to Run the Code(Mins)":0.3393073638280233,"_wandb":{"runtime":19}}