{"Accuracy":69.31,"_timestamp":1.7513765425534508e+09,"Time Taken to Run the Code(Mins)":0.26027671098709104,"_wandb":{"runtime":15},"_runtime":15.378797503,"_step":11,"Timestep":10}