{"Accuracy":36.71,"chance_level":10,"Time Taken to Run the Code(Mins)":0.3444556911786397,"_wandb":{"runtime":19},"_runtime":19,"_timestamp":1.7574306988043318e+09,"_step":12,"Timestep":10}