{"Timestep":10,"Accuracy":38.19,"chance_level":10,"Time Taken to Run the Code(Mins)":7.394665869077047,"_wandb":{"runtime":442},"_runtime":442,"_step":12,"_timestamp":1.7579557852273948e+09}