{"Accuracy":36.67,"chance_level":10,"Time Taken to Run the Code(Mins)":8.795308049519857,"_wandb":{"runtime":526},"_runtime":526,"_timestamp":1.75819903421278e+09,"_step":12,"Timestep":10}