{"Time Taken to Run the Code(Mins)":8.95226547718048,"_wandb":{"runtime":535},"_runtime":535,"_timestamp":1.7579508889010117e+09,"_step":12,"Timestep":10,"Accuracy":38.33,"chance_level":10}