{"_step":12,"chance_level":10,"Timestep":10,"Accuracy":38.34,"Time Taken to Run the Code(Mins)":9.902171858151753,"_wandb":{"runtime":592},"_runtime":592,"_timestamp":1.7579355336140215e+09}