{"Accuracy":35.68,"Time Taken to Run the Code(Mins)":7.360102562109629,"_wandb":{"runtime":439},"_runtime":439,"_timestamp":1.7582187885915205e+09,"_step":12,"chance_level":10,"Timestep":10}