{"_wandb":{"runtime":19},"_runtime":19,"_timestamp":1.757434446148005e+09,"_step":12,"Timestep":10,"Accuracy":37.04,"chance_level":10,"Time Taken to Run the Code(Mins)":0.3408612211545308}