{"_timestamp":1.758217523981127e+09,"_step":12,"chance_level":10,"Timestep":10,"Accuracy":29.59,"Time Taken to Run the Code(Mins)":7.403284378846487,"_wandb":{"runtime":442},"_runtime":442}