{"_timestamp":1.7570891045446365e+09,"Accuracy":33.05,"chance_level":10,"Timestep":10,"Time Taken to Run the Code(Mins)":3.551152829329173,"_wandb":{"runtime":211},"_runtime":211,"_step":12}