{"Timestep":10,"Accuracy":38.35,"chance_level":10,"Time Taken to Run the Code(Mins)":0.33248544931411744,"_wandb":{"runtime":18},"_runtime":18,"_timestamp":1.7574224233475993e+09,"_step":12}