{"_wandb":{"runtime":15},"Accuracy":68.18,"_timestamp":1.7513739959446442e+09,"_runtime":15.616400048,"_step":11,"Timestep":10,"Time Taken to Run the Code(Mins)":0.26428653399149576}