{"chance_level":10,"Time Taken to Run the Code(Mins)":11.618998312950135,"_wandb":{"runtime":695},"_runtime":695,"_timestamp":1.7582052139619546e+09,"_step":12,"Timestep":10,"Accuracy":30.17}