{"chance_level":10,"Timestep":10,"_wandb":{"runtime":16},"_runtime":16.007783406,"_timestamp":1.7519680188141491e+09,"_step":12,"Accuracy":50.75,"Time Taken to Run the Code(Mins)":0.271767787138621,"MediaLogs/gauss_0.6":{"format":"png","width":138,"height":70,"caption":"Noisy Images: gauss 0.6","_type":"image-file","sha256":"71e7e49c617876a92187f5f8ac37579a945a9374c00d35e39fc54ca17076c745","size":21734,"path":"media/images/MediaLogs/gauss_0.6_0_71e7e49c617876a92187.png"}}