{"Time Taken to Run the Code(Mins)":7.304442004362742,"_wandb":{"runtime":436},"_runtime":436,"_timestamp":1.7579590118434432e+09,"_step":12,"Timestep":10,"Accuracy":36.99,"chance_level":10}