{"_runtime":430,"_timestamp":1.7582220104605649e+09,"_step":12,"Timestep":10,"Accuracy":31.08,"chance_level":10,"Time Taken to Run the Code(Mins)":7.199324341615041,"_wandb":{"runtime":430}}