{"_step":12,"Accuracy":36.71,"chance_level":10,"Timestep":10,"Time Taken to Run the Code(Mins)":0.32999139626820884,"_wandb":{"runtime":18},"_runtime":18,"_timestamp":1.7574304543062816e+09}