{"_timestamp":1.7574370508668659e+09,"_step":12,"Timestep":10,"Accuracy":38.22,"chance_level":10,"Time Taken to Run the Code(Mins)":0.32605337699254355,"_wandb":{"runtime":18},"_runtime":18}