{"_step":12,"Accuracy":38.37,"chance_level":10,"Timestep":10,"Time Taken to Run the Code(Mins)":0.3325464407602946,"_wandb":{"runtime":18},"_runtime":18,"_timestamp":1.7574191820238383e+09}