{"_timestamp":1.7574231105494502e+09,"_step":12,"Accuracy":38.13,"chance_level":10,"Timestep":10,"Time Taken to Run the Code(Mins)":0.33861391146977743,"_wandb":{"runtime":19},"_runtime":19}