{"chance_level":10,"Time Taken to Run the Code(Mins)":4.834607390562693,"_wandb":{"runtime":288},"_runtime":288,"_timestamp":1.7570745430317237e+09,"_step":12,"Timestep":10,"Accuracy":32.83}