{"_wandb":{"runtime":676},"_runtime":676,"_step":12,"_timestamp":1.7579363235182948e+09,"chance_level":10,"Timestep":10,"Accuracy":38.24,"Time Taken to Run the Code(Mins)":11.300041222572327}