{"_step":12,"_timestamp":1.7574197270270307e+09,"Timestep":10,"Accuracy":38.33,"chance_level":10,"Time Taken to Run the Code(Mins)":0.33430851300557457,"_wandb":{"runtime":19},"_runtime":19}