{"Timestep":10,"Accuracy":33.15,"chance_level":10,"Time Taken to Run the Code(Mins)":4.881555898984273,"_wandb":{"runtime":291},"_runtime":291,"_timestamp":1.7570781966106193e+09,"_step":12}