{"chance_level":10,"Time Taken to Run the Code(Mins)":0.3234477400779724,"_wandb":{"runtime":18},"_runtime":18,"_timestamp":1.7574284227470148e+09,"_step":12,"Timestep":10,"Accuracy":37.3}