{"chance_level":10,"Time Taken to Run the Code(Mins)":10.452634604771932,"_wandb":{"runtime":625},"_runtime":625,"_timestamp":1.7579431187571018e+09,"_step":12,"Timestep":10,"Accuracy":38.29}