{"_timestamp":1.7515331270955155e+09,"Timestep":10,"Accuracy":15.72,"_wandb":{"runtime":15},"_runtime":15.98484561,"chance_level":10,"Time Taken to Run the Code(Mins)":0.2714803218841553,"_step":12,"MediaLogs/s&p_0.2":{"height":70,"caption":"Noisy Images: s&p 0.2","_type":"image-file","sha256":"258790cc567a266b10ae4c3402110f4a77c2a2ad20e989f48a1132a7e187dd37","size":22652,"path":"media/images/MediaLogs/s&p_0.2_0_258790cc567a266b10ae.png","format":"png","width":138}}