{"Timestep":10,"Accuracy":34.26,"chance_level":10,"Time Taken to Run the Code(Mins)":8.364222260316213,"_wandb":{"runtime":500},"_runtime":500,"_step":12,"_timestamp":1.7582079045513155e+09}