{"Accuracy":36.42,"chance_level":10,"Time Taken to Run the Code(Mins)":6.475856618086497,"_wandb":{"runtime":387},"_runtime":387,"_timestamp":1.758192834742298e+09,"_step":12,"Timestep":10}