{"_runtime":19,"_timestamp":1.7574316270237887e+09,"_step":12,"Timestep":10,"Accuracy":38.4,"chance_level":10,"Time Taken to Run the Code(Mins)":0.3361104647318522,"_wandb":{"runtime":19}}