{"_step":12,"chance_level":10,"Timestep":10,"Accuracy":38.24,"Time Taken to Run the Code(Mins)":9.517267640431722,"_wandb":{"runtime":569},"_runtime":569,"_timestamp":1.7579437023170373e+09}