{"_timestamp":1.7570835887628002e+09,"_step":12,"chance_level":10,"Timestep":10,"Accuracy":32.83,"Time Taken to Run the Code(Mins)":4.357085764408112,"_wandb":{"runtime":260},"_runtime":260}