{"_runtime":273,"_timestamp":1.7570905018126624e+09,"_step":12,"Timestep":10,"Accuracy":33.1,"chance_level":10,"Time Taken to Run the Code(Mins)":4.58305983543396,"_wandb":{"runtime":273}}