{"Accuracy":36.06,"chance_level":10,"Time Taken to Run the Code(Mins)":9.561048169930777,"_wandb":{"runtime":572},"_runtime":572,"_step":12,"_timestamp":1.7579483487692337e+09,"Timestep":10}