{"_step":12,"_timestamp":1.7574369156601074e+09,"Timestep":10,"Accuracy":38.28,"chance_level":10,"Time Taken to Run the Code(Mins)":0.3297555327415466,"_wandb":{"runtime":18},"_runtime":18}