{"Accuracy":38.11,"Time Taken to Run the Code(Mins)":0.3358701229095459,"_wandb":{"runtime":19},"_runtime":19,"_step":12,"_timestamp":1.7574327401197488e+09,"chance_level":10,"Timestep":10}