{"Time Taken to Run the Code(Mins)":6.830843186378479,"_wandb":{"runtime":408},"_runtime":408,"_timestamp":1.7582106431470377e+09,"_step":12,"Timestep":10,"Accuracy":30.84,"chance_level":10}