{"_runtime":543,"_timestamp":1.7579495457031312e+09,"_step":12,"Timestep":10,"Accuracy":38.2,"chance_level":10,"Time Taken to Run the Code(Mins)":9.082209320863088,"_wandb":{"runtime":543}}