{"chance_level":10,"Timestep":10,"Accuracy":38.19,"Time Taken to Run the Code(Mins)":9.049332813421886,"_wandb":{"runtime":541},"_runtime":541,"_step":12,"_timestamp":1.7579495811670475e+09}