{"_step":12,"Timestep":10,"Time Taken to Run the Code(Mins)":0.2724915027618408,"_timestamp":1.7515544922508352e+09,"_wandb":{"runtime":16},"Accuracy":57.04,"chance_level":10,"MediaLogs/gauss_0.02":{"sha256":"5e20f382c4cf0c521504d5dacaefd9b6ba260472feb927e28d65237353ec6f3f","size":18675,"path":"media/images/MediaLogs/gauss_0.02_0_5e20f382c4cf0c521504.png","format":"png","width":138,"height":70,"caption":"Noisy Images: gauss 0.02","_type":"image-file"},"_runtime":16.047794427}