{"Timestep":10,"Accuracy":31.75,"chance_level":10,"Time Taken to Run the Code(Mins)":8.011490364869436,"_wandb":{"runtime":479},"_runtime":479,"_timestamp":1.7581959551930017e+09,"_step":12}