{"_timestamp":1.7579543283558323e+09,"Accuracy":36.1,"chance_level":10,"Timestep":10,"Time Taken to Run the Code(Mins)":8.438313968976338,"_wandb":{"runtime":504},"_runtime":504,"_step":12}