{"_runtime":315,"_step":12,"_timestamp":1.7570863789613762e+09,"Timestep":10,"Accuracy":31.99,"chance_level":10,"Time Taken to Run the Code(Mins)":5.274306611220042,"_wandb":{"runtime":315}}