{"_wandb":{"runtime":495},"_runtime":495,"_timestamp":1.758213676820423e+09,"_step":12,"Accuracy":35.08,"chance_level":10,"Timestep":10,"Time Taken to Run the Code(Mins)":8.277109162012737}