{"_timestamp":1.757430726135029e+09,"Timestep":10,"Accuracy":36.71,"chance_level":10,"Time Taken to Run the Code(Mins)":0.33420074780782066,"_wandb":{"runtime":19},"_runtime":19,"_step":12}