{"_runtime":16.125126397,"_step":12,"_timestamp":1.7514685274983244e+09,"_wandb":{"runtime":16},"chance_level":10,"Accuracy":21.98,"Time Taken to Run the Code(Mins)":0.2738091190656026,"Timestep":10,"MediaLogs/s&p_0.4":{"height":70,"caption":"Noisy Images: s&p 0.4","_type":"image-file","sha256":"9c04c5b3bdb267bc4705db6d0e1134ee42345c887749caece81c4aff8a090c3d","size":21658,"path":"media/images/MediaLogs/s&p_0.4_0_9c04c5b3bdb267bc4705.png","format":"png","width":138}}