{"Accuracy":37.97,"chance_level":10,"Time Taken to Run the Code(Mins)":10.384718147913615,"_wandb":{"runtime":621},"_runtime":621,"_timestamp":1.7579371691908436e+09,"_step":12,"Timestep":10}