{"_step":12,"Timestep":10,"Accuracy":37.7,"chance_level":10,"Time Taken to Run the Code(Mins)":8.995832614103954,"_wandb":{"runtime":537},"_runtime":537,"_timestamp":1.7579458988465748e+09}