{"_step":12,"Accuracy":30.08,"chance_level":10,"Timestep":10,"Time Taken to Run the Code(Mins)":7.246258354187011,"_wandb":{"runtime":433},"_runtime":433,"_timestamp":1.7582228414458473e+09}