{"_timestamp":1.7579475826123514e+09,"_step":12,"chance_level":10,"Timestep":10,"Accuracy":36.53,"Time Taken to Run the Code(Mins)":7.9518836498260494,"_wandb":{"runtime":475},"_runtime":475}