{"_wandb":{"runtime":16},"Timestep":10,"Time Taken to Run the Code(Mins)":0.2721795042355855,"_timestamp":1.7515313387517762e+09,"chance_level":10,"_runtime":16.025046234,"MediaLogs/gauss_0.02":{"path":"media/images/MediaLogs/gauss_0.02_0_5e20f382c4cf0c521504.png","format":"png","width":138,"height":70,"caption":"Noisy Images: gauss 0.02","_type":"image-file","sha256":"5e20f382c4cf0c521504d5dacaefd9b6ba260472feb927e28d65237353ec6f3f","size":18675},"Accuracy":68.5,"_step":12}