{"_timestamp":1.7574324135361223e+09,"_step":12,"Timestep":10,"Accuracy":37.97,"chance_level":10,"Time Taken to Run the Code(Mins)":0.3325847268104553,"_wandb":{"runtime":18},"_runtime":18}