{"Time Taken to Run the Code(Mins)":12.627687720457713,"_wandb":{"runtime":756},"_runtime":756,"_timestamp":1.7582060417738626e+09,"_step":12,"chance_level":10,"Timestep":10,"Accuracy":29.76}