{"_runtime":527,"_timestamp":1.758187463161515e+09,"_step":12,"Timestep":10,"Accuracy":37.21,"chance_level":10,"Time Taken to Run the Code(Mins)":8.816827019055685,"_wandb":{"runtime":527}}