{"Time Taken to Run the Code(Mins)":8.203625130653382,"_wandb":{"runtime":490},"_runtime":490,"_step":12,"_timestamp":1.7579242213028116e+09,"Timestep":10,"Accuracy":38.38,"chance_level":10}