{"_step":12,"_timestamp":1.7579483403516068e+09,"Accuracy":36.07,"chance_level":10,"Timestep":10,"Time Taken to Run the Code(Mins)":9.427877461910247,"_wandb":{"runtime":564},"_runtime":564}