{"_step":12,"_wandb":{"runtime":15},"_runtime":15.797000965,"Timestep":10,"chance_level":10,"Time Taken to Run the Code(Mins)":0.26835199594497683,"Accuracy":49.38,"MediaLogs/s&p_0.04":{"height":70,"caption":"Noisy Images: s&p 0.04","_type":"image-file","sha256":"baea8452707910ea8f11d21702ce13dee1e2cd0558f06ac1145b6522d5554591","size":20448,"path":"media/images/MediaLogs/s&p_0.04_0_baea8452707910ea8f11.png","format":"png","width":138},"_timestamp":1.7519678985914965e+09}