{"Time Taken to Run the Code(Mins)":0.2698832313219706,"_wandb":{"runtime":15},"_runtime":15.886202277,"_timestamp":1.7516418481413822e+09,"_step":12,"Accuracy":51.87,"MediaLogs/s&p_0.02":{"width":138,"height":70,"caption":"Noisy Images: s&p 0.02","_type":"image-file","sha256":"6d9678668fc378e1951bb630f4f538672833bbd927b8b3128ea48471d230098d","size":19693,"path":"media/images/MediaLogs/s&p_0.02_0_6d9678668fc378e1951b.png","format":"png"},"Timestep":10,"chance_level":10}