{"Timestep":10,"Accuracy":37.48,"Time Taken to Run the Code(Mins)":5.99884584347407,"_wandb":{"runtime":358},"_runtime":358,"_timestamp":1.7582127566340814e+09,"_step":12,"chance_level":10}