{"chance_level":10,"Time Taken to Run the Code(Mins)":7.194087954362233,"_wandb":{"runtime":430},"_runtime":430,"_timestamp":1.757955171487585e+09,"_step":12,"Timestep":10,"Accuracy":38.25}