{"Time Taken to Run the Code(Mins)":8.34047513405482,"_wandb":{"runtime":498},"_runtime":498,"_timestamp":1.7579506481206315e+09,"_step":12,"Timestep":10,"Accuracy":38.34,"chance_level":10}