{"Time Taken to Run the Code(Mins)":0.2719879984855652,"_wandb":{"runtime":16},"MediaLogs/gauss_0.02":{"path":"media/images/MediaLogs/gauss_0.02_0_5e20f382c4cf0c521504.png","format":"png","width":138,"height":70,"caption":"Noisy Images: gauss 0.02","_type":"image-file","sha256":"5e20f382c4cf0c521504d5dacaefd9b6ba260472feb927e28d65237353ec6f3f","size":18675},"_step":12,"_timestamp":1.7515353266976042e+09,"Timestep":10,"Accuracy":69.2,"chance_level":10,"_runtime":16.015870021}