{"_wandb":{"runtime":526},"_runtime":526,"_step":12,"_timestamp":1.7582084267244644e+09,"chance_level":10,"Timestep":10,"Accuracy":34.35,"Time Taken to Run the Code(Mins)":8.801811754703522}