{"chance_level":10,"Time Taken to Run the Code(Mins)":5.362256824970245,"_wandb":{"runtime":320},"_runtime":320,"_step":12,"_timestamp":1.7579226920983803e+09,"Timestep":10,"Accuracy":38.01}