{"chance_level":10,"Time Taken to Run the Code(Mins)":6.872853016853332,"_wandb":{"runtime":411},"_runtime":411,"_timestamp":1.758217239000336e+09,"_step":12,"Timestep":10,"Accuracy":29.37}