{"chance_level":10,"Time Taken to Run the Code(Mins)":8.871820072333017,"_wandb":{"runtime":530},"_runtime":530,"_timestamp":1.7579532280568628e+09,"_step":12,"Timestep":10,"Accuracy":36.53}