{"_step":12,"_timestamp":1.7574305352774901e+09,"Accuracy":36.72,"chance_level":10,"Timestep":10,"Time Taken to Run the Code(Mins)":0.3300331791241964,"_wandb":{"runtime":18},"_runtime":18}