{"Timestep":10,"Time Taken to Run the Code(Mins)":9.26882980664571,"_wandb":{"runtime":554},"_runtime":554,"_timestamp":1.7581879464201605e+09,"_step":12,"Accuracy":35.66,"chance_level":10}