{"Timestep":10,"Accuracy":38.4,"chance_level":10,"Time Taken to Run the Code(Mins)":0.3389212290445964,"_wandb":{"runtime":19},"_runtime":19,"_timestamp":1.7574269298815782e+09,"_step":12}