{"_timestamp":1.7579252982059448e+09,"_step":12,"Timestep":10,"Accuracy":38.34,"chance_level":10,"Time Taken to Run the Code(Mins)":8.12281764348348,"_wandb":{"runtime":486},"_runtime":486}