{"Time Taken to Run the Code(Mins)":12.486182904243469,"_wandb":{"runtime":747},"_runtime":747,"_timestamp":1.757929288925288e+09,"_step":12,"chance_level":10,"Timestep":10,"Accuracy":38.25}