{"Timestep":10,"Accuracy":37.14,"chance_level":10,"Time Taken to Run the Code(Mins)":0.33015034198760984,"_wandb":{"runtime":18},"_runtime":18,"_timestamp":1.757439229180032e+09,"_step":12}