{"_step":12,"_timestamp":1.758192124653182e+09,"Timestep":10,"Accuracy":33.88,"chance_level":10,"Time Taken to Run the Code(Mins)":7.736621065934499,"_wandb":{"runtime":462},"_runtime":462}