{"chance_level":10,"Timestep":10,"Accuracy":38.32,"Time Taken to Run the Code(Mins)":0.3314460357030233,"_wandb":{"runtime":18},"_runtime":18,"_timestamp":1.7574195644673676e+09,"_step":12}