{"_timestamp":1.757424098865557e+09,"_step":12,"Timestep":10,"Accuracy":37.8,"chance_level":10,"Time Taken to Run the Code(Mins)":0.3348909815152486,"_wandb":{"runtime":18},"_runtime":18}