{"Time Taken to Run the Code(Mins)":7.997429776191711,"_wandb":{"runtime":478},"_runtime":478,"_timestamp":1.757925252286671e+09,"_step":12,"chance_level":10,"Timestep":10,"Accuracy":38.36}