{"Time Taken to Run the Code(Mins)":0.2773950457572937,"chance_level":10,"_step":12,"Accuracy":69.28,"Timestep":10,"MediaLogs/gauss_0.0":{"path":"media/images/MediaLogs/gauss_0.0_0_1351f578828d88645234.png","format":"png","width":138,"height":70,"caption":"Noisy Images: gauss 0.0","_type":"image-file","sha256":"1351f578828d886452347dc6a8a5d01cff2cec649d66f35cdd7f696cc437603a","size":18482},"_timestamp":1.7516379216177545e+09,"_runtime":16.338736801,"_wandb":{"runtime":16}}