{"_wandb":{"runtime":454},"_runtime":454,"_timestamp":1.7581921217056024e+09,"_step":12,"Timestep":10,"Accuracy":33.88,"chance_level":10,"Time Taken to Run the Code(Mins)":7.59274708032608}