{"chance_level":10,"Time Taken to Run the Code(Mins)":12.457240891456603,"_wandb":{"runtime":745},"_runtime":745,"_timestamp":1.7579293472313118e+09,"_step":12,"Timestep":10,"Accuracy":38.31}