{"_timestamp":1.7574450725749285e+09,"_step":12,"Timestep":10,"Accuracy":36.86,"chance_level":10,"Time Taken to Run the Code(Mins)":0.33776336908340454,"_wandb":{"runtime":19},"_runtime":19}