{"_timestamp":1.758191974484169e+09,"_step":12,"Accuracy":33.82,"chance_level":10,"Timestep":10,"Time Taken to Run the Code(Mins)":6.7438984950383505,"_wandb":{"runtime":403},"_runtime":403}