{"_step":12,"Timestep":10,"Accuracy":36.1,"chance_level":10,"Time Taken to Run the Code(Mins)":0.333573313554128,"_wandb":{"runtime":18},"_runtime":18,"_timestamp":1.7574413965349185e+09}