{"_wandb":{"runtime":18},"_runtime":18,"_timestamp":1.7574376734661229e+09,"_step":12,"Timestep":10,"Accuracy":38.27,"chance_level":10,"Time Taken to Run the Code(Mins)":0.3331543684005737}