{"_timestamp":1.7574384767464232e+09,"Accuracy":37.61,"chance_level":10,"Timestep":10,"Time Taken to Run the Code(Mins)":0.32510729630788165,"_wandb":{"runtime":18},"_runtime":18,"_step":12}