{"_runtime":16.020329023,"Accuracy":30.83,"Time Taken to Run the Code(Mins)":0.2719834963480631,"MediaLogs/s&p_0.2":{"caption":"Noisy Images: s&p 0.2","_type":"image-file","sha256":"258790cc567a266b10ae4c3402110f4a77c2a2ad20e989f48a1132a7e187dd37","size":22652,"path":"media/images/MediaLogs/s&p_0.2_0_258790cc567a266b10ae.png","format":"png","width":138,"height":70},"Timestep":10,"_step":12,"_timestamp":1.7515443067233677e+09,"chance_level":10,"_wandb":{"runtime":16}}