{"Accuracy":28.2,"_runtime":15.893641522,"MediaLogs/s&p_0.2":{"size":22652,"path":"media/images/MediaLogs/s&p_0.2_0_258790cc567a266b10ae.png","format":"png","width":138,"height":70,"caption":"Noisy Images: s&p 0.2","_type":"image-file","sha256":"258790cc567a266b10ae4c3402110f4a77c2a2ad20e989f48a1132a7e187dd37"},"Time Taken to Run the Code(Mins)":0.2696729342142741,"_step":12,"Timestep":10,"chance_level":10,"_wandb":{"runtime":15},"_timestamp":1.7514666599417422e+09}