{"_wandb":{"runtime":646},"_runtime":646,"_step":12,"_timestamp":1.75793044818267e+09,"Accuracy":38.19,"chance_level":10,"Timestep":10,"Time Taken to Run the Code(Mins)":10.812959317366282}