{"Accuracy":36.1,"chance_level":10,"Time Taken to Run the Code(Mins)":9.011928272247314,"_wandb":{"runtime":539},"_runtime":539,"_timestamp":1.7579545457606149e+09,"_step":12,"Timestep":10}