{"_runtime":563,"_timestamp":1.7579526548569546e+09,"_step":12,"Timestep":10,"Accuracy":37.14,"chance_level":10,"Time Taken to Run the Code(Mins)":9.418107589085897,"_wandb":{"runtime":563}}