{"_step":12,"Accuracy":34.24,"chance_level":10,"Timestep":10,"Time Taken to Run the Code(Mins)":7.595747709274292,"_wandb":{"runtime":454},"_runtime":454,"_timestamp":1.7581898485880003e+09}