{"Time Taken to Run the Code(Mins)":0.3326013684272766,"_wandb":{"runtime":18},"_runtime":18,"_timestamp":1.757435153522509e+09,"_step":12,"Accuracy":36.3,"chance_level":10,"Timestep":10}