{"_wandb":{"runtime":450},"_runtime":450,"_timestamp":1.7579552179641695e+09,"_step":12,"Accuracy":38.21,"chance_level":10,"Timestep":10,"Time Taken to Run the Code(Mins)":7.53110781510671}