{"_step":12,"Timestep":10,"Accuracy":33.83,"chance_level":10,"Time Taken to Run the Code(Mins)":7.584044011433919,"_wandb":{"runtime":453},"_runtime":453,"_timestamp":1.7581916540620437e+09}