{"Accuracy":37.28,"chance_level":10,"Time Taken to Run the Code(Mins)":0.3418725490570068,"_wandb":{"runtime":19},"_runtime":19,"_timestamp":1.7574446869120443e+09,"_step":12,"Timestep":10}