{"Timestep":10,"Accuracy":38.26,"chance_level":10,"Time Taken to Run the Code(Mins)":0.32884188890457156,"_wandb":{"runtime":18},"_runtime":18,"_timestamp":1.7574375937212584e+09,"_step":12}