{"_wandb":{"runtime":20},"_runtime":20,"_step":12,"_timestamp":1.757438083245899e+09,"Timestep":10,"Accuracy":37.46,"chance_level":10,"Time Taken to Run the Code(Mins)":0.35916023651758827}