{"Accuracy":38.32,"chance_level":10,"Timestep":10,"Time Taken to Run the Code(Mins)":9.757873487472533,"_wandb":{"runtime":583},"_runtime":583,"_step":12,"_timestamp":1.7579256441286232e+09}