{"Accuracy":33.51,"chance_level":10,"Time Taken to Run the Code(Mins)":6.90243688027064,"_wandb":{"runtime":412},"_runtime":412,"_timestamp":1.7582150742537303e+09,"_step":12,"Timestep":10}