{"Accuracy":38.33,"chance_level":10,"Time Taken to Run the Code(Mins)":0.3278831998507182,"_wandb":{"runtime":18},"_runtime":18,"_timestamp":1.7574200532503376e+09,"_step":12,"Timestep":10}