{"_timestamp":1.75821368914979e+09,"_step":12,"Timestep":10,"Accuracy":35.13,"chance_level":10,"Time Taken to Run the Code(Mins)":8.345699656009675,"_wandb":{"runtime":499},"_runtime":499}