{"_wandb":{"runtime":498},"_runtime":498,"_timestamp":1.7579336225794966e+09,"_step":12,"Accuracy":37.63,"chance_level":10,"Timestep":10,"Time Taken to Run the Code(Mins)":8.330591809749603}