{"Timestep":10,"Accuracy":38.05,"Time Taken to Run the Code(Mins)":4.910255189736684,"_wandb":{"runtime":292},"_runtime":292,"_timestamp":1.7579222354551334e+09,"_step":12,"chance_level":10}