{"Accuracy":32.37,"Time Taken to Run the Code(Mins)":6.837975231806437,"_wandb":{"runtime":408},"_runtime":408,"_timestamp":1.7582210923255043e+09,"_step":12,"chance_level":10,"Timestep":10}