{"_timestamp":1.7519620195417583e+09,"MediaLogs/gauss_0.8":{"sha256":"3e6aae1b7f1783e24a2fdf2fafdfc8cb8009c8ddbf7b5ed78fc7284d6a1d7e55","size":22076,"path":"media/images/MediaLogs/gauss_0.8_0_3e6aae1b7f1783e24a2f.png","format":"png","width":138,"height":70,"caption":"Noisy Images: gauss 0.8","_type":"image-file"},"_runtime":16.185992632,"_wandb":{"runtime":16},"Timestep":10,"_step":12,"Accuracy":47.35,"chance_level":10,"Time Taken to Run the Code(Mins)":0.27482020457585654}