{"chance_level":10,"Timestep":10,"Accuracy":31.07,"Time Taken to Run the Code(Mins)":7.950398333867391,"_wandb":{"runtime":475},"_runtime":475,"_timestamp":1.7581974570470164e+09,"_step":12}