{"_runtime":15.781945099,"_timestamp":1.7515325025038161e+09,"Accuracy":11.93,"Time Taken to Run the Code(Mins)":0.26808879772822064,"Timestep":10,"_wandb":{"runtime":15},"_step":12,"chance_level":10,"MediaLogs/s&p_0.6000000000000001":{"sha256":"698e315362b6ccbd9c79b1c2ac20021c439ba41b9c5e0e51e8c65c93082dd334","size":14570,"path":"media/images/MediaLogs/s&p_0.6000000000000001_0_698e315362b6ccbd9c79.png","format":"png","width":138,"height":70,"caption":"Noisy Images: s&p 0.6000000000000001","_type":"image-file"}}