{"_runtime":262,"_timestamp":1.7570833219207282e+09,"_step":12,"Timestep":10,"Accuracy":32.85,"chance_level":10,"Time Taken to Run the Code(Mins)":4.397711658477784,"_wandb":{"runtime":262}}