{"Time Taken to Run the Code(Mins)":0.33613745371500653,"_wandb":{"runtime":19},"_runtime":19,"_step":12,"_timestamp":1.7574451276889448e+09,"Accuracy":36.85,"chance_level":10,"Timestep":10}