{"Timestep":10,"Accuracy":36.51,"chance_level":10,"Time Taken to Run the Code(Mins)":8.06743220090866,"_wandb":{"runtime":482},"_runtime":482,"_step":12,"_timestamp":1.758193047193406e+09}