{"_timestamp":1.7582207503587716e+09,"_step":12,"Timestep":10,"Accuracy":32.08,"chance_level":10,"Time Taken to Run the Code(Mins)":6.027116111914316,"_wandb":{"runtime":360},"_runtime":360}