{"Timestep":10,"Time Taken to Run the Code(Mins)":9.157541445891063,"_wandb":{"runtime":545},"_runtime":545,"_timestamp":1.757944828168268e+09,"_step":12,"Accuracy":38.2,"chance_level":10}