{"_step":12,"Timestep":10,"Accuracy":29.27,"chance_level":10,"Time Taken to Run the Code(Mins)":7.979109485944112,"_wandb":{"runtime":477},"_runtime":477,"_timestamp":1.7582120958173363e+09}