{"chance_level":10,"Time Taken to Run the Code(Mins)":7.729059449831644,"_wandb":{"runtime":462},"_runtime":462,"_timestamp":1.7581947457722292e+09,"_step":12,"Timestep":10,"Accuracy":32.58}