{"_runtime":252,"_timestamp":1.7570845074375834e+09,"_step":12,"Timestep":10,"Accuracy":32.36,"chance_level":10,"Time Taken to Run the Code(Mins)":4.238350188732147,"_wandb":{"runtime":252}}