{"_wandb":{"runtime":15},"Timestep":10,"Accuracy":69.31,"_timestamp":1.7513737178861587e+09,"_runtime":15.441314109,"_step":11,"Time Taken to Run the Code(Mins)":0.26134514808654785}