{"_step":12,"_timestamp":1.7574377008910356e+09,"Accuracy":38.3,"chance_level":10,"Timestep":10,"Time Taken to Run the Code(Mins)":0.3364043593406677,"_wandb":{"runtime":19},"_runtime":19}