{"_step":12,"Time Taken to Run the Code(Mins)":0.27243791421254476,"MediaLogs/s&p_0.6000000000000001":{"height":70,"caption":"Noisy Images: s&p 0.6000000000000001","_type":"image-file","sha256":"698e315362b6ccbd9c79b1c2ac20021c439ba41b9c5e0e51e8c65c93082dd334","size":14570,"path":"media/images/MediaLogs/s&p_0.6000000000000001_0_698e315362b6ccbd9c79.png","format":"png","width":138},"_wandb":{"runtime":16},"Timestep":10,"chance_level":10,"_runtime":16.043373897,"_timestamp":1.7514686461310031e+09,"Accuracy":18.26}