{"_step":12,"Timestep":10,"Accuracy":38.28,"chance_level":10,"Time Taken to Run the Code(Mins)":9.728420503934224,"_wandb":{"runtime":581},"_runtime":581,"_timestamp":1.7579365752284622e+09}