{"Accuracy":33.92,"chance_level":10,"Time Taken to Run the Code(Mins)":6.6364463289578755,"_wandb":{"runtime":396},"_runtime":396,"_timestamp":1.7581938202840686e+09,"_step":12,"Timestep":10}