{"MediaLogs/s&p_0.2":{"sha256":"258790cc567a266b10ae4c3402110f4a77c2a2ad20e989f48a1132a7e187dd37","size":22652,"path":"media/images/MediaLogs/s&p_0.2_0_258790cc567a266b10ae.png","format":"png","width":138,"height":70,"caption":"Noisy Images: s&p 0.2","_type":"image-file"},"Time Taken to Run the Code(Mins)":0.27196147839228313,"_timestamp":1.7514658652165072e+09,"Accuracy":29.04,"_wandb":{"runtime":16},"chance_level":10,"_runtime":16.034933629,"_step":12,"Timestep":10}