{"Timestep":10,"Accuracy":38.38,"Time Taken to Run the Code(Mins)":9.553184270858765,"_wandb":{"runtime":571},"_runtime":571,"_timestamp":1.7579285292800589e+09,"_step":12,"chance_level":10}