{"Timestep":10,"Accuracy":35.87,"chance_level":10,"Time Taken to Run the Code(Mins)":0.3372331460316976,"_wandb":{"runtime":19},"_runtime":19,"_timestamp":1.7574407777688046e+09,"_step":12}