{"Timestep":10,"Accuracy":34.22,"chance_level":10,"Time Taken to Run the Code(Mins)":9.550631296634673,"_wandb":{"runtime":571},"_runtime":571,"_step":12,"_timestamp":1.7582079151095705e+09}