{"MediaLogs/s&p_0.0":{"size":18482,"path":"media/images/MediaLogs/s&p_0.0_0_1351f578828d88645234.png","format":"png","width":138,"height":70,"caption":"Noisy Images: s&p 0.0","_type":"image-file","sha256":"1351f578828d886452347dc6a8a5d01cff2cec649d66f35cdd7f696cc437603a"},"Time Taken to Run the Code(Mins)":0.2668092489242554,"_timestamp":1.7525860636938863e+09,"_step":12,"Timestep":10,"_runtime":15.717795769,"chance_level":10,"Accuracy":69.11,"_wandb":{"runtime":15}}