{"_wandb":{"runtime":18},"_runtime":18,"_timestamp":1.7574436429912093e+09,"_step":12,"Timestep":10,"Accuracy":38.01,"chance_level":10,"Time Taken to Run the Code(Mins)":0.33241914908091225}