{"_timestamp":1.757939325493441e+09,"Timestep":10,"Accuracy":37.04,"chance_level":10,"Time Taken to Run the Code(Mins)":9.905043510595958,"_wandb":{"runtime":593},"_runtime":593,"_step":12}