{"_wandb":{"runtime":471},"_runtime":471,"_timestamp":1.7579382674298048e+09,"_step":12,"Accuracy":37.51,"chance_level":10,"Timestep":10,"Time Taken to Run the Code(Mins)":7.883039549986521}