{"_step":12,"Accuracy":31.28,"chance_level":10,"Timestep":10,"Time Taken to Run the Code(Mins)":4.634675033887228,"_wandb":{"runtime":276},"_runtime":276,"_timestamp":1.7570884541780627e+09}