{"chance_level":10,"Time Taken to Run the Code(Mins)":9.815351474285126,"_wandb":{"runtime":587},"_runtime":587,"_timestamp":1.7579299067497067e+09,"_step":12,"Timestep":10,"Accuracy":38.09}