{"_runtime":447,"_step":12,"_timestamp":1.7579598953084133e+09,"Timestep":10,"Accuracy":36.32,"chance_level":10,"Time Taken to Run the Code(Mins)":7.491970233122507,"_wandb":{"runtime":447}}