{"_step":12,"Timestep":10,"Accuracy":31.1,"chance_level":10,"Time Taken to Run the Code(Mins)":6.987345111370087,"_wandb":{"runtime":417},"_runtime":417,"_timestamp":1.7582153278053796e+09}