{"Time Taken to Run the Code(Mins)":0.3481204628944397,"_wandb":{"runtime":19},"_runtime":19,"_timestamp":1.7574348576455271e+09,"_step":12,"Timestep":10,"Accuracy":36.21,"chance_level":10}