{"chance_level":10,"Time Taken to Run the Code(Mins)":8.634169431527456,"_wandb":{"runtime":516},"_runtime":516,"_step":12,"_timestamp":1.7579466667904418e+09,"Timestep":10,"Accuracy":37.25}