{"Timestep":10,"Time Taken to Run the Code(Mins)":0.3329167087872823,"_wandb":{"runtime":18},"_runtime":18,"_timestamp":1.7574443586096044e+09,"_step":12,"Accuracy":37.31,"chance_level":10}