{"_step":12,"Timestep":10,"Accuracy":36.07,"chance_level":10,"Time Taken to Run the Code(Mins)":7.998492038249969,"_wandb":{"runtime":478},"_runtime":478,"_timestamp":1.7579484641702342e+09}