{"Time Taken to Run the Code(Mins)":9.005143984158833,"_wandb":{"runtime":539},"_runtime":539,"_timestamp":1.757954175189401e+09,"_step":12,"Accuracy":35.91,"chance_level":10,"Timestep":10}