{"_wandb":{"runtime":565},"_runtime":565,"_timestamp":1.757939924053547e+09,"_step":12,"chance_level":10,"Timestep":10,"Accuracy":37.07,"Time Taken to Run the Code(Mins)":9.453955046335857}