{"Accuracy":62.51,"_timestamp":1.7513836527937942e+09,"_runtime":15.568653737,"_step":11,"Timestep":10,"Time Taken to Run the Code(Mins)":0.26355412006378176,"_wandb":{"runtime":15}}