{"Accuracy":63.18,"_runtime":15.927419698,"_step":12,"MediaLogs/s&p_0.0":{"width":138,"height":70,"caption":"Noisy Images: s&p 0.0","_type":"image-file","sha256":"1351f578828d886452347dc6a8a5d01cff2cec649d66f35cdd7f696cc437603a","size":18482,"path":"media/images/MediaLogs/s&p_0.0_0_1351f578828d88645234.png","format":"png"},"_wandb":{"runtime":15},"Timestep":10,"Time Taken to Run the Code(Mins)":0.27049874464670814,"chance_level":10,"_timestamp":1.7516484616351748e+09}