{"Timestep":10,"Accuracy":38.4,"chance_level":10,"Time Taken to Run the Code(Mins)":0.33201557795206704,"_wandb":{"runtime":18},"_runtime":18,"_timestamp":1.757418067022977e+09,"_step":12}