{"Time Taken to Run the Code(Mins)":0.26955796480178834,"_wandb":{"runtime":15},"MediaLogs/s&p_0.04":{"sha256":"baea8452707910ea8f11d21702ce13dee1e2cd0558f06ac1145b6522d5554591","size":20448,"path":"media/images/MediaLogs/s&p_0.04_0_baea8452707910ea8f11.png","format":"png","width":138,"height":70,"caption":"Noisy Images: s&p 0.04","_type":"image-file"},"Accuracy":41.35,"Timestep":10,"chance_level":10,"_timestamp":1.7516441234893243e+09,"_step":12,"_runtime":15.869993077}