{"chance_level":10,"Time Taken to Run the Code(Mins)":7.330321868260701,"_wandb":{"runtime":438},"_runtime":438,"_step":12,"_timestamp":1.7582178400563843e+09,"Timestep":10,"Accuracy":29.72}