{"_wandb":{"runtime":15},"Accuracy":69.31,"_timestamp":1.7513790697828221e+09,"_runtime":15.481122959,"_step":11,"Timestep":10,"Time Taken to Run the Code(Mins)":0.26199425061543785}