{"_step":11,"Time Taken to Run the Code(Mins)":0.25790711243947345,"_wandb":{"runtime":15},"Timestep":10,"Accuracy":60.75,"_timestamp":1.7513832548663628e+09,"_runtime":15.237670546}