{"Timestep":10,"Accuracy":37.2,"chance_level":10,"Time Taken to Run the Code(Mins)":8.344866347312927,"_wandb":{"runtime":499},"_runtime":499,"_timestamp":1.7579529351083717e+09,"_step":12}