{"Time Taken to Run the Code(Mins)":0.33768001000086467,"_wandb":{"runtime":19},"_runtime":19,"_timestamp":1.7574356968186448e+09,"_step":12,"Timestep":10,"Accuracy":35.81,"chance_level":10}