{"Accuracy":37.64,"chance_level":10,"Time Taken to Run the Code(Mins)":0.32835252285003663,"_wandb":{"runtime":18},"_runtime":18,"_timestamp":1.7574385033014677e+09,"_step":12,"Timestep":10}