{"Accuracy":29.97,"chance_level":10,"Timestep":10,"Time Taken to Run the Code(Mins)":6.328800336519877,"_wandb":{"runtime":378},"_runtime":378,"_timestamp":1.7582111922041192e+09,"_step":12}