{"Time Taken to Run the Code(Mins)":0.3219182213147481,"_wandb":{"runtime":18},"_runtime":18,"_step":12,"_timestamp":1.7574405626692712e+09,"Timestep":10,"Accuracy":36.6,"chance_level":10}