{"chance_level":10,"Timestep":10,"Accuracy":36.92,"Time Taken to Run the Code(Mins)":8.237342015902202,"_wandb":{"runtime":492},"_runtime":492,"_step":12,"_timestamp":1.7579537413519478e+09}