{"Time Taken to Run the Code(Mins)":0.32628118991851807,"_wandb":{"runtime":18},"_runtime":18,"_step":12,"_timestamp":1.7574361573904648e+09,"Timestep":10,"Accuracy":36,"chance_level":10}