{"_runtime":15.765660116,"_step":12,"Time Taken to Run the Code(Mins)":0.26784546772638956,"chance_level":10,"_wandb":{"runtime":15},"MediaLogs/s&p_0.4":{"caption":"Noisy Images: s&p 0.4","_type":"image-file","sha256":"9c04c5b3bdb267bc4705db6d0e1134ee42345c887749caece81c4aff8a090c3d","size":21658,"path":"media/images/MediaLogs/s&p_0.4_0_9c04c5b3bdb267bc4705.png","format":"png","width":138,"height":70},"Accuracy":20.91,"Timestep":10,"_timestamp":1.7514721196635096e+09}