{"_step":11,"Timestep":10,"Accuracy":68.97,"_timestamp":1.7513794670446415e+09,"Time Taken to Run the Code(Mins)":0.2644797523816427,"_wandb":{"runtime":15},"_runtime":15.629224283}