{"_wandb":{"runtime":531},"_runtime":531,"_step":12,"_timestamp":1.7579258477546823e+09,"Timestep":10,"Accuracy":38.36,"chance_level":10,"Time Taken to Run the Code(Mins)":8.880459463596344}