{"_runtime":18,"_timestamp":1.7574297756344445e+09,"_step":12,"Timestep":10,"Accuracy":37.03,"chance_level":10,"Time Taken to Run the Code(Mins)":0.3273681879043579,"_wandb":{"runtime":18}}