{"_wandb":{"runtime":153},"_runtime":153,"_timestamp":1.757083184985504e+09,"_step":12,"chance_level":10,"Timestep":10,"Accuracy":33.07,"Time Taken to Run the Code(Mins)":2.5750423868497214}