{"_timestamp":1.757419998998805e+09,"Timestep":10,"Accuracy":38.33,"chance_level":10,"Time Taken to Run the Code(Mins)":0.324567441145579,"_wandb":{"runtime":18},"_runtime":18,"_step":12}