{"_step":12,"Timestep":10,"Accuracy":38.19,"chance_level":10,"Time Taken to Run the Code(Mins)":9.085355003674826,"_wandb":{"runtime":543},"_runtime":543,"_timestamp":1.757949556714226e+09}