{"Time Taken to Run the Code(Mins)":5.247163581848144,"_wandb":{"runtime":313},"_runtime":313,"_timestamp":1.7570845489657705e+09,"_step":12,"Timestep":10,"Accuracy":32.49,"chance_level":10}