{"_timestamp":1.7582158475274286e+09,"_step":12,"Timestep":10,"Accuracy":31.28,"chance_level":10,"Time Taken to Run the Code(Mins)":6.883990116914114,"_wandb":{"runtime":411},"_runtime":411}