{"_step":12,"Timestep":10,"Accuracy":31.33,"chance_level":10,"Time Taken to Run the Code(Mins)":4.808690019448599,"_wandb":{"runtime":287},"_runtime":287,"_timestamp":1.757090002172618e+09}