{"Timestep":10,"Accuracy":33.04,"Time Taken to Run the Code(Mins)":3.411167033513387,"_wandb":{"runtime":203},"_runtime":203,"_timestamp":1.7570890549366207e+09,"_step":12,"chance_level":10}