{"_runtime":19,"_timestamp":1.7574279898985412e+09,"_step":12,"Timestep":10,"Accuracy":37.99,"chance_level":10,"Time Taken to Run the Code(Mins)":0.3369429190953573,"_wandb":{"runtime":19}}