{"_step":12,"Timestep":10,"Accuracy":38.38,"chance_level":10,"Time Taken to Run the Code(Mins)":0.3305040995279948,"_wandb":{"runtime":18},"_runtime":18,"_timestamp":1.757426902245663e+09}