{"chance_level":10,"Timestep":10,"_wandb":{"runtime":15},"_timestamp":1.7516522402198913e+09,"MediaLogs/gauss_0.0":{"sha256":"1351f578828d886452347dc6a8a5d01cff2cec649d66f35cdd7f696cc437603a","size":18482,"path":"media/images/MediaLogs/gauss_0.0_0_1351f578828d88645234.png","format":"png","width":138,"height":70,"caption":"Noisy Images: gauss 0.0","_type":"image-file"},"_runtime":15.961206725,"Accuracy":56.92,"Time Taken to Run the Code(Mins)":0.2709861795107524,"_step":12}