{"_runtime":479,"_timestamp":1.7579474380857155e+09,"_step":12,"Timestep":10,"Accuracy":36.46,"chance_level":10,"Time Taken to Run the Code(Mins)":8.017207662264505,"_wandb":{"runtime":479}}