{"Accuracy":33.14,"Time Taken to Run the Code(Mins)":5.295485961437225,"_wandb":{"runtime":316},"_runtime":316,"_timestamp":1.7570875770403318e+09,"_step":12,"chance_level":10,"Timestep":10}