{"Timestep":10,"Accuracy":37.52,"chance_level":10,"Time Taken to Run the Code(Mins)":9.542373367150624,"_wandb":{"runtime":570},"_runtime":570,"_step":12,"_timestamp":1.7579383546501045e+09}