{"_runtime":480,"_step":12,"_timestamp":1.7579283163339365e+09,"Timestep":10,"Accuracy":38.36,"chance_level":10,"Time Taken to Run the Code(Mins)":8.02628389596939,"_wandb":{"runtime":480}}