{"_timestamp":1.757083639374487e+09,"Timestep":10,"Accuracy":32.74,"chance_level":10,"Time Taken to Run the Code(Mins)":4.27938913901647,"_wandb":{"runtime":255},"_runtime":255,"_step":12}