{"_step":12,"Time Taken to Run the Code(Mins)":0.29617884159088137,"MediaLogs/gauss_0.02":{"format":"png","width":138,"height":70,"caption":"Noisy Images: gauss 0.02","_type":"image-file","sha256":"5e20f382c4cf0c521504d5dacaefd9b6ba260472feb927e28d65237353ec6f3f","size":18675,"path":"media/images/MediaLogs/gauss_0.02_0_5e20f382c4cf0c521504.png"},"_runtime":17.470373244,"Timestep":10,"_timestamp":1.7514707285700498e+09,"Accuracy":58.79,"chance_level":10,"_wandb":{"runtime":17}}