{"Accuracy":69.69,"_timestamp":1.7513771479109943e+09,"Time Taken to Run the Code(Mins)":0.2617891192436218,"_wandb":{"runtime":15},"_runtime":15.472396653,"_step":11,"Timestep":10}