{"_step":12,"Timestep":10,"Accuracy":29.4,"chance_level":10,"Time Taken to Run the Code(Mins)":6.08886685371399,"_wandb":{"runtime":364},"_runtime":364,"_timestamp":1.758212396349459e+09}