{"_timestamp":1.7582001610719078e+09,"Accuracy":31.42,"chance_level":10,"Timestep":10,"Time Taken to Run the Code(Mins)":7.671653926372528,"_wandb":{"runtime":459},"_runtime":459,"_step":12}