{"Timestep":10,"Accuracy":36.92,"chance_level":10,"Time Taken to Run the Code(Mins)":8.374398676554362,"_wandb":{"runtime":501},"_runtime":501,"_step":12,"_timestamp":1.757953792151393e+09}