{"_step":12,"_runtime":15.984120871,"_wandb":{"runtime":15},"Timestep":10,"Accuracy":13.24,"_timestamp":1.7515342300709257e+09,"chance_level":10,"Time Taken to Run the Code(Mins)":0.2715790788332621,"MediaLogs/s&p_0.6000000000000001":{"_type":"image-file","sha256":"698e315362b6ccbd9c79b1c2ac20021c439ba41b9c5e0e51e8c65c93082dd334","size":14570,"path":"media/images/MediaLogs/s&p_0.6000000000000001_0_698e315362b6ccbd9c79.png","format":"png","width":138,"height":70,"caption":"Noisy Images: s&p 0.6000000000000001"}}