{"_wandb":{"runtime":429},"_runtime":429,"_step":12,"_timestamp":1.7582199418335958e+09,"Timestep":10,"Accuracy":34.08,"chance_level":10,"Time Taken to Run the Code(Mins)":7.180297541618347}