{"Timestep":10,"Time Taken to Run the Code(Mins)":7.085033595561981,"_wandb":{"runtime":423},"_runtime":423,"_step":12,"_timestamp":1.758210366870082e+09,"Accuracy":30.64,"chance_level":10}