{"Time Taken to Run the Code(Mins)":0.2707454085350037,"_wandb":{"runtime":15},"Timestep":10,"_runtime":15.939758016999999,"chance_level":10,"Accuracy":53.47,"_timestamp":1.7516475995585063e+09,"_step":12,"MediaLogs/s&p_0.02":{"format":"png","width":138,"height":70,"caption":"Noisy Images: s&p 0.02","_type":"image-file","sha256":"6d9678668fc378e1951bb630f4f538672833bbd927b8b3128ea48471d230098d","size":19693,"path":"media/images/MediaLogs/s&p_0.02_0_6d9678668fc378e1951b.png"}}