{"_runtime":457,"_timestamp":1.7582106534934063e+09,"_step":12,"Timestep":10,"Accuracy":30.75,"chance_level":10,"Time Taken to Run the Code(Mins)":7.641651312510173,"_wandb":{"runtime":457}}