{"_step":12,"Timestep":10,"Accuracy":31.05,"chance_level":10,"Time Taken to Run the Code(Mins)":8.0167036652565,"_wandb":{"runtime":479},"_runtime":479,"_timestamp":1.7581974686550226e+09}