{"_step":11,"Time Taken to Run the Code(Mins)":0.27624297539393106,"_wandb":{"runtime":16},"Timestep":10,"Accuracy":67.51,"_timestamp":1.7513736949113326e+09,"_runtime":16.293257998}