{"Accuracy":31.69,"Time Taken to Run the Code(Mins)":7.026735166708629,"_wandb":{"runtime":419},"_runtime":419,"_timestamp":1.758195101229847e+09,"_step":12,"chance_level":10,"Timestep":10}