{"Time Taken to Run the Code(Mins)":9.15195135672887,"_wandb":{"runtime":547},"_runtime":547,"_step":12,"_timestamp":1.7579506624792457e+09,"Timestep":10,"Accuracy":38.32,"chance_level":10}