{"_timestamp":1.7582215011387575e+09,"_step":12,"Timestep":10,"Accuracy":30.46,"chance_level":10,"Time Taken to Run the Code(Mins)":6.3274075826009115,"_wandb":{"runtime":378},"_runtime":378}