{"_wandb":{"runtime":407},"_runtime":407,"_timestamp":1.7579570387406046e+09,"_step":12,"Timestep":10,"Accuracy":37.97,"chance_level":10,"Time Taken to Run the Code(Mins)":6.817637447516123}