{"chance_level":10,"Time Taken to Run the Code(Mins)":6.132693433761597,"_wandb":{"runtime":366},"_runtime":366,"_timestamp":1.7582126325721009e+09,"_step":12,"Timestep":10,"Accuracy":37.48}