{"_wandb":{"runtime":252},"_runtime":252,"_timestamp":1.7570875409943945e+09,"_step":12,"Timestep":10,"Accuracy":33.12,"chance_level":10,"Time Taken to Run the Code(Mins)":4.226483929157257}