{"_timestamp":1.7515531305670085e+09,"MediaLogs/gauss_0.0":{"height":70,"caption":"Noisy Images: gauss 0.0","_type":"image-file","sha256":"1351f578828d886452347dc6a8a5d01cff2cec649d66f35cdd7f696cc437603a","size":18482,"path":"media/images/MediaLogs/gauss_0.0_0_1351f578828d88645234.png","format":"png","width":138},"Accuracy":70.05,"Timestep":10,"_step":12,"_wandb":{"runtime":15},"Time Taken to Run the Code(Mins)":0.27137475411097206,"_runtime":15.97614707,"chance_level":10}