{"_wandb":{"runtime":258},"_runtime":258,"_timestamp":1.757088236363248e+09,"_step":12,"Timestep":10,"Accuracy":31.55,"chance_level":10,"Time Taken to Run the Code(Mins)":4.322642807165781}