{"chance_level":10,"Timestep":10,"Accuracy":38.32,"Time Taken to Run the Code(Mins)":9.023661951224009,"_wandb":{"runtime":539},"_runtime":539,"_timestamp":1.7579292406319723e+09,"_step":12}