{"Accuracy":50.4,"_timestamp":1.7516482232713943e+09,"Time Taken to Run the Code(Mins)":0.27712603012720743,"_wandb":{"runtime":16},"_step":12,"chance_level":10,"_runtime":16.320909786,"MediaLogs/gauss_0.6000000000000001":{"sha256":"71e7e49c617876a92187f5f8ac37579a945a9374c00d35e39fc54ca17076c745","size":21734,"path":"media/images/MediaLogs/gauss_0.6000000000000001_0_71e7e49c617876a92187.png","format":"png","width":138,"height":70,"caption":"Noisy Images: gauss 0.6000000000000001","_type":"image-file"},"Timestep":10}