{"Timestep":10,"Accuracy":37.54,"chance_level":10,"Time Taken to Run the Code(Mins)":0.3204774538675944,"_wandb":{"runtime":18},"_runtime":18,"_timestamp":1.7574255072162352e+09,"_step":12}