{"_timestamp":1.757950322453769e+09,"Timestep":10,"Accuracy":38.29,"chance_level":10,"Time Taken to Run the Code(Mins)":8.625196556250254,"_wandb":{"runtime":516},"_runtime":516,"_step":12}