{"chance_level":10,"Timestep":10,"Time Taken to Run the Code(Mins)":6.932927028338114,"_wandb":{"runtime":414},"_runtime":414,"_timestamp":1.7582147514698462e+09,"_step":12,"Accuracy":33.36}