{"_timestamp":1.7581911798993144e+09,"_step":12,"Timestep":10,"Accuracy":34.07,"chance_level":10,"Time Taken to Run the Code(Mins)":7.311848469575247,"_wandb":{"runtime":437},"_runtime":437}