{"_wandb":{"runtime":327},"_runtime":327,"_timestamp":1.7570845842144504e+09,"_step":12,"Timestep":10,"Accuracy":32.33,"chance_level":10,"Time Taken to Run the Code(Mins)":5.486297277609507}