{"Timestep":10,"Accuracy":67.98,"_timestamp":1.7513738336762016e+09,"_runtime":15.302908034,"_step":11,"Time Taken to Run the Code(Mins)":0.25895868937174477,"_wandb":{"runtime":15}}