{"_wandb":{"runtime":16},"_timestamp":1.751529408672661e+09,"Accuracy":11.72,"_step":12,"Timestep":10,"Time Taken to Run the Code(Mins)":0.275060228506724,"_runtime":16.200175761,"MediaLogs/s&p_0.8":{"sha256":"c5de290bc607a4d3a958a7bbf55c32825b481e2e8eecb255f8d00ebb9a0e0de2","size":7046,"path":"media/images/MediaLogs/s&p_0.8_0_c5de290bc607a4d3a958.png","format":"png","width":138,"height":70,"caption":"Noisy Images: s&p 0.8","_type":"image-file"},"chance_level":10}