{"_runtime":430,"_timestamp":1.758195457417502e+09,"_step":12,"chance_level":10,"Timestep":10,"Accuracy":31.72,"Time Taken to Run the Code(Mins)":7.210239307085673,"_wandb":{"runtime":430}}