{"_runtime":18,"_timestamp":1.7574294770234888e+09,"_step":12,"Timestep":10,"Accuracy":37.03,"chance_level":10,"Time Taken to Run the Code(Mins)":0.33400324583053587,"_wandb":{"runtime":18}}