{"Time Taken to Run the Code(Mins)":8.831875391801198,"_wandb":{"runtime":528},"_runtime":528,"_step":12,"_timestamp":1.7579279898792143e+09,"Timestep":10,"Accuracy":38.39,"chance_level":10}