{"_runtime":494,"_step":12,"_timestamp":1.7582083588681567e+09,"Timestep":10,"Accuracy":34.34,"chance_level":10,"Time Taken to Run the Code(Mins)":8.270038930575053,"_wandb":{"runtime":494}}