{"_runtime":461,"_timestamp":1.758189878637373e+09,"_step":12,"Accuracy":34.23,"chance_level":10,"Timestep":10,"Time Taken to Run the Code(Mins)":7.7203089992205305,"_wandb":{"runtime":461}}