{"MediaLogs/gauss_0.06":{"width":138,"height":70,"caption":"Noisy Images: gauss 0.06","_type":"image-file","sha256":"fb4f18abaa786478c902089c03246b573543818264d6cd766815c05412f01760","size":18959,"path":"media/images/MediaLogs/gauss_0.06_0_fb4f18abaa786478c902.png","format":"png"},"Accuracy":59.83,"_wandb":{"runtime":16},"_step":12,"_runtime":16.510996955,"Time Taken to Run the Code(Mins)":0.28023697932561237,"_timestamp":1.7515465905847085e+09,"Timestep":10,"chance_level":10}