{"chance_level":10,"Time Taken to Run the Code(Mins)":0.32259300152460735,"_wandb":{"runtime":18},"_runtime":18,"_step":12,"_timestamp":1.7574415041932013e+09,"Timestep":10,"Accuracy":38.31}