{"_wandb":{"runtime":395},"_runtime":395,"_timestamp":1.7581888969924815e+09,"_step":12,"Timestep":10,"Accuracy":34.69,"chance_level":10,"Time Taken to Run the Code(Mins)":6.603526107470194}