{"Time Taken to Run the Code(Mins)":0.33578463395436603,"_wandb":{"runtime":18},"_runtime":18,"_timestamp":1.7574240716329713e+09,"_step":12,"Accuracy":37.81,"chance_level":10,"Timestep":10}