{"_timestamp":1.7519773778075452e+09,"MediaLogs/gauss_0.4":{"size":21177,"path":"media/images/MediaLogs/gauss_0.4_0_9e1134f3eccd4afbd08f.png","format":"png","width":138,"height":70,"caption":"Noisy Images: gauss 0.4","_type":"image-file","sha256":"9e1134f3eccd4afbd08f42ea855354228da2f6401a3ca3d434708c91e5131886"},"Timestep":10,"_runtime":16.044044224,"Accuracy":53.82,"Time Taken to Run the Code(Mins)":0.272413444519043,"chance_level":10,"_wandb":{"runtime":16},"_step":12}