{"gradients/conv3.bias":{"values":[1,0,0,0,0,0,0,0,0,0,0,0,0,1,0,0,0,0,1,0,1,1,0,0,0,0,0,0,0,0,0,1,3,0,0,0,0,1,2,1,3,1,1,3,1,2,1,0,1,1,1,0,0,1,0,1,1,0,0,0,0,0,0,1],"bins":[-0.05232436954975128,-0.05111657455563545,-0.04990877956151962,-0.04870098456740379,-0.047493189573287964,-0.046285394579172134,-0.045077599585056305,-0.043869804590940475,-0.042662009596824646,-0.041454214602708817,-0.04024641960859299,-0.03903862461447716,-0.03783082962036133,-0.0366230346262455,-0.03541523963212967,-0.03420744463801384,-0.03299964964389801,-0.03179185464978218,-0.03058405965566635,-0.029376264661550522,-0.028168469667434692,-0.026960674673318863,-0.025752879679203033,-0.024545084685087204,-0.023337289690971375,-0.022129494696855545,-0.020921699702739716,-0.019713904708623886,-0.018506109714508057,-0.017298314720392227,-0.016090519726276398,-0.014882724732160568,-0.013674933463335037,-0.012467138469219208,-0.011259343475103378,-0.010051548480987549,-0.00884375348687172,-0.00763595849275589,-0.00642816349864006,-0.005220368504524231,-0.0040125735104084015,-0.002804778516292572,-0.0015969835221767426,-0.0003891885280609131,0.0008186064660549164,0.002026401460170746,0.0032341964542865753,0.004441991448402405,0.005649786442518234,0.006857581436634064,0.008065376430749893,0.009273171424865723,0.010480966418981552,0.011688761413097382,0.012896556407213211,0.01410435140132904,0.01531214639544487,0.0165199413895607,0.01772773638367653,0.01893553137779236,0.020143326371908188,0.021351121366024017,0.022558916360139847,0.023766711354255676,0.024974506348371506],"_type":"histogram"},"gradients/conv4.weight":{"bins":[-0.07045155763626099,-0.06811819225549698,-0.06578482687473297,-0.06345146149396896,-0.061118096113204956,-0.05878473073244095,-0.05645136535167694,-0.05411799997091293,-0.051784634590148926,-0.04945127293467522,-0.04711790755391121,-0.0447845421731472,-0.042451176792383194,-0.040117811411619186,-0.03778444603085518,-0.03545108065009117,-0.033117715269327164,-0.030784349888563156,-0.02845098450779915,-0.02611761912703514,-0.023784253746271133,-0.021450890228152275,-0.019117524847388268,-0.01678415946662426,-0.014450794085860252,-0.012117428705096245,-0.009784063324332237,-0.007450698874890804,-0.005117333494126797,-0.002783968346193433,-0.0004506031982600689,0.001882761949673295,0.004216127097606659,0.0065494924783706665,0.008882857859134674,0.011216222308576107,0.013549587689340115,0.015882952138781548,0.018216317519545555,0.020549682900309563,0.02288304828107357,0.025216413661837578,0.027549779042601585,0.029883144423365593,0.03221650794148445,0.03454987332224846,0.036883238703012466,0.039216604083776474,0.04154996946454048,0.04388333484530449,0.0462167002260685,0.048550065606832504,0.05088343098759651,0.05321679636836052,0.05555016174912453,0.057883527129888535,0.060216888785362244,0.06255025416612625,0.06488361954689026,0.06721698492765427,0.06955035030841827,0.07188371568918228,0.07421708106994629,0.0765504464507103,0.0788838118314743],"_type":"histogram","values":[2,0,0,0,1,2,2,5,8,15,23,22,31,25,36,51,82,88,112,162,225,260,430,533,792,1120,1617,2520,4154,9152,19591,4571,2099,1190,693,469,322,206,139,121,67,56,46,38,20,20,19,11,17,6,8,6,4,2,1,3,2,0,1,0,0,1,0,1]},"gradients/conv2.bias":{"_type":"histogram","values":[1,0,0,0,0,0,0,0,0,0,0,0,1,0,0,1,0,0,0,1,0,0,0,0,0,0,0,1,0,0,0,1,1,0,0,0,0,0,1,1,0,1,0,0,1,1,0,0,0,0,0,1,0,0,2,0,0,0,0,0,0,0,0,1],"bins":[-0.07222060859203339,-0.07048572599887848,-0.06875083595514297,-0.06701595336198807,-0.06528106331825256,-0.06354618072509766,-0.06181129440665245,-0.060076408088207245,-0.05834152549505234,-0.05660663917660713,-0.054871752858161926,-0.05313686653971672,-0.051401980221271515,-0.04966709390282631,-0.0479322113096714,-0.046197324991226196,-0.04446243867278099,-0.042727552354335785,-0.04099266603589058,-0.03925778344273567,-0.037522897124290466,-0.03578801080584526,-0.034053124487400055,-0.03231823816895485,-0.030583353713154793,-0.028848467394709587,-0.02711358293890953,-0.025378696620464325,-0.02364381030201912,-0.021908925846219063,-0.020174039527773857,-0.0184391550719738,-0.016704268753528595,-0.014969383366405964,-0.013234497979283333,-0.011499611660838127,-0.009764726273715496,-0.008029840886592865,-0.006294955033808947,-0.004560069181025028,-0.002825183793902397,-0.0010902981739491224,0.0006445874460041523,0.002379473065957427,0.004114358685910702,0.005849244073033333,0.007584129925817251,0.00931901577860117,0.0110539011657238,0.012788786552846432,0.014523671939969063,0.01625855825841427,0.017993442714214325,0.01972832903265953,0.021463215351104736,0.023198099806904793,0.02493298612535,0.026667872443795204,0.02840275689959526,0.030137643218040466,0.03187252953648567,0.03360741585493088,0.035342298448085785,0.03707718476653099,0.038812071084976196]},"gradients/conv1.bias":{"_type":"histogram","values":[1,0,0,0,0,0,0,0,0,0,0,0,0,0,0,0,0,0,0,0,0,0,0,1,0,0,0,0,0,0,0,0,0,0,0,0,0,0,0,0,0,0,0,1,1,0,0,0,0,0,0,0,0,0,0,0,0,0,0,1,0,0,0,1],"bins":[-0.17379474639892578,-0.17015498876571655,-0.16651523113250732,-0.1628754734992981,-0.15923571586608887,-0.15559595823287964,-0.1519562005996704,-0.14831645786762238,-0.14467670023441315,-0.14103694260120392,-0.1373971849679947,-0.13375742733478546,-0.13011766970157623,-0.126477912068367,-0.12283815443515778,-0.11919839680194855,-0.11555863916873932,-0.11191888898611069,-0.10827913135290146,-0.10463937371969223,-0.100999616086483,-0.09735985845327377,-0.09372010082006454,-0.09008035063743591,-0.08644059300422668,-0.08280083537101746,-0.07916107773780823,-0.075521320104599,-0.07188156247138977,-0.06824181228876114,-0.06460205465555191,-0.06096229702234268,-0.05732253938913345,-0.053682781755924225,-0.050043027848005295,-0.046403270214796066,-0.04276351258158684,-0.03912375867366791,-0.03548400104045868,-0.03184424340724945,-0.02820448763668537,-0.024564731866121292,-0.020924974232912064,-0.017285218462347984,-0.01364546176046133,-0.010005705058574677,-0.00636594882234931,-0.0027261923532932997,0.0009135641157627106,0.0045533208176493645,0.008193077519536018,0.011832833290100098,0.015472589991986752,0.019112346693873405,0.022752102464437485,0.026391860097646713,0.030031615868210793,0.03367137163877487,0.0373111292719841,0.04095088690519333,0.04459064081311226,0.04823039844632149,0.051870156079530716,0.055509909987449646,0.059149667620658875]},"gradients/fc1.bias":{"bins":[-0.061071380972862244,-0.05956864729523659,-0.05806591734290123,-0.056563183665275574,-0.05506044998764992,-0.05355772003531456,-0.052054986357688904,-0.05055225268006325,-0.04904951900243759,-0.047546789050102234,-0.04604405537247658,-0.04454132169485092,-0.043038591742515564,-0.04153585806488991,-0.04003312438726425,-0.038530394434928894,-0.03702766075730324,-0.03552492707967758,-0.034022197127342224,-0.03251946344971657,-0.031016729772090912,-0.029513997957110405,-0.028011266142129898,-0.026508532464504242,-0.025005800649523735,-0.023503068834543228,-0.022000335156917572,-0.020497603341937065,-0.018994871526956558,-0.017492137849330902,-0.015989406034350395,-0.014486673288047314,-0.012983940541744232,-0.01148120779544115,-0.00997847504913807,-0.008475743234157562,-0.006973010487854481,-0.005470277741551399,-0.003967545460909605,-0.002464812947437167,-0.0009620804339647293,0.0005406520795077085,0.0020433845929801464,0.0035461171064525843,0.005048849619925022,0.006551582366228104,0.00805431418120861,0.009557046927511692,0.011059779673814774,0.012562512420117855,0.014065245166420937,0.015567976981401443,0.0170707106590271,0.018573442474007607,0.020076174288988113,0.02157890796661377,0.023081639781594276,0.024584371596574783,0.02608710527420044,0.027589837089180946,0.029092568904161453,0.03059530258178711,0.032098036259412766,0.03360076621174812,0.03510349988937378],"_type":"histogram","values":[1,0,0,0,0,0,0,0,0,0,0,0,2,0,0,0,0,0,1,2,1,0,0,1,2,2,2,2,1,2,3,0,1,0,1,0,3,2,1,0,31,2,3,2,0,1,1,1,0,0,1,2,1,1,0,1,1,2,0,0,0,1,1,2]},"_wandb":{"runtime":33},