{"_timestamp":1.7515450348923159e+09,"chance_level":10,"MediaLogs/gauss_0.02":{"format":"png","width":138,"height":70,"caption":"Noisy Images: gauss 0.02","_type":"image-file","sha256":"5e20f382c4cf0c521504d5dacaefd9b6ba260472feb927e28d65237353ec6f3f","size":18675,"path":"media/images/MediaLogs/gauss_0.02_0_5e20f382c4cf0c521504.png"},"_step":12,"Timestep":10,"_wandb":{"runtime":16},"_runtime":16.122549188,"Accuracy":49.61,"Time Taken to Run the Code(Mins)":0.27384682099024454}