{"_timestamp":1.7574274986018672e+09,"_step":12,"Timestep":10,"Accuracy":37.86,"chance_level":10,"Time Taken to Run the Code(Mins)":0.32933850288391114,"_wandb":{"runtime":18},"_runtime":18}