{"Accuracy":37.83,"chance_level":10,"Time Taken to Run the Code(Mins)":7.273674432436625,"_wandb":{"runtime":433},"_runtime":433,"_timestamp":1.7579517178115435e+09,"_step":12,"Timestep":10}