{"_wandb":{"runtime":15},"MediaLogs/s&p_0.0":{"path":"media/images/MediaLogs/s&p_0.0_0_1351f578828d88645234.png","format":"png","width":138,"height":70,"caption":"Noisy Images: s&p 0.0","_type":"image-file","sha256":"1351f578828d886452347dc6a8a5d01cff2cec649d66f35cdd7f696cc437603a","size":18482},"_runtime":15.895605632,"_step":12,"Timestep":10,"Time Taken to Run the Code(Mins)":0.26995999018351235,"_timestamp":1.7516438623348272e+09,"Accuracy":68.49,"chance_level":10}