{"_step":12,"Timestep":10,"Accuracy":30.16,"chance_level":10,"Time Taken to Run the Code(Mins)":11.968016604582468,"_wandb":{"runtime":716},"_runtime":716,"_timestamp":1.758204959783531e+09}