{"_timestamp":1.75708414081578e+09,"Timestep":10,"Accuracy":33.17,"chance_level":10,"Time Taken to Run the Code(Mins)":3.7686081329981485,"_wandb":{"runtime":224},"_runtime":224,"_step":12}