{"chance_level":10,"_step":12,"MediaLogs/s&p_0.2":{"size":22652,"path":"media/images/MediaLogs/s&p_0.2_0_258790cc567a266b10ae.png","format":"png","width":138,"height":70,"caption":"Noisy Images: s&p 0.2","_type":"image-file","sha256":"258790cc567a266b10ae4c3402110f4a77c2a2ad20e989f48a1132a7e187dd37"},"_timestamp":1.7515440910391014e+09,"_runtime":15.795264741,"Time Taken to Run the Code(Mins)":0.26826078494389854,"Timestep":10,"Accuracy":16.57,"_wandb":{"runtime":15}}