{"Accuracy":32.77,"chance_level":10,"Time Taken to Run the Code(Mins)":2.2270379304885863,"_wandb":{"runtime":132},"_runtime":132,"_step":12,"_timestamp":1.7570836579018788e+09,"Timestep":10}