{"Time Taken to Run the Code(Mins)":8.558203299840292,"_wandb":{"runtime":511},"_runtime":511,"_timestamp":1.7579449516601996e+09,"_step":12,"chance_level":10,"Timestep":10,"Accuracy":37.5}