{"_step":12,"Timestep":10,"Accuracy":37.79,"chance_level":10,"Time Taken to Run the Code(Mins)":10.699520806471506,"_wandb":{"runtime":640},"_runtime":640,"_timestamp":1.757931315933885e+09}