{"_runtime":719,"_timestamp":1.7582062032397575e+09,"_step":12,"Timestep":10,"Accuracy":29.89,"chance_level":10,"Time Taken to Run the Code(Mins)":12.022194302082061,"_wandb":{"runtime":719}}