{"_runtime":417,"_timestamp":1.7582155609861834e+09,"_step":12,"Timestep":10,"Accuracy":31.17,"chance_level":10,"Time Taken to Run the Code(Mins)":6.9909716010093685,"_wandb":{"runtime":417}}