{"Timestep":10,"Accuracy":38.39,"Time Taken to Run the Code(Mins)":10.902804831663767,"_wandb":{"runtime":652},"_runtime":652,"_timestamp":1.7579358400991461e+09,"_step":12,"chance_level":10}