{"MediaLogs/s&p_0.02":{"format":"png","width":138,"height":70,"caption":"Noisy Images: s&p 0.02","_type":"image-file","sha256":"6d9678668fc378e1951bb630f4f538672833bbd927b8b3128ea48471d230098d","size":19693,"path":"media/images/MediaLogs/s&p_0.02_0_6d9678668fc378e1951b.png"},"_timestamp":1.7519632610194514e+09,"_step":12,"Time Taken to Run the Code(Mins)":0.26983893314997354,"Timestep":10,"_runtime":15.884841562,"chance_level":10,"Accuracy":52.61,"_wandb":{"runtime":15}}