{"chance_level":10,"Timestep":10,"Time Taken to Run the Code(Mins)":0.3397582769393921,"_wandb":{"runtime":19},"_runtime":19,"_timestamp":1.7574226421160872e+09,"_step":12,"Accuracy":38.12}