{"_wandb":{"runtime":364},"_runtime":364,"_timestamp":1.75819153814713e+09,"_step":12,"Timestep":10,"Accuracy":33.82,"chance_level":10,"Time Taken to Run the Code(Mins)":6.107418338457744}