{"_runtime":19,"_timestamp":1.7574331469520745e+09,"_step":12,"Timestep":10,"Accuracy":38.14,"chance_level":10,"Time Taken to Run the Code(Mins)":0.3527833938598633,"_wandb":{"runtime":19}}