{"_wandb":{"runtime":15},"_runtime":15.953013483,"_timestamp":1.751648558278942e+09,"_step":12,"Timestep":10,"Accuracy":54.94,"chance_level":10,"Time Taken to Run the Code(Mins)":0.2709734876950582,"MediaLogs/s&p_0.0":{"width":138,"height":70,"caption":"Noisy Images: s&p 0.0","_type":"image-file","sha256":"1351f578828d886452347dc6a8a5d01cff2cec649d66f35cdd7f696cc437603a","size":18482,"path":"media/images/MediaLogs/s&p_0.0_0_1351f578828d88645234.png","format":"png"}}