{"_wandb":{"runtime":16},"Time Taken to Run the Code(Mins)":0.27451762358347576,"_timestamp":1.7515305056312993e+09,"Accuracy":68.47,"chance_level":10,"Timestep":10,"_step":12,"MediaLogs/gauss_0.02":{"width":138,"height":70,"caption":"Noisy Images: gauss 0.02","_type":"image-file","sha256":"5e20f382c4cf0c521504d5dacaefd9b6ba260472feb927e28d65237353ec6f3f","size":18675,"path":"media/images/MediaLogs/gauss_0.02_0_5e20f382c4cf0c521504.png","format":"png"},"_runtime":16.167512058}