{"chance_level":10,"Time Taken to Run the Code(Mins)":7.118499998251597,"_wandb":{"runtime":425},"_runtime":425,"_timestamp":1.7579597181299222e+09,"_step":12,"Timestep":10,"Accuracy":36.3}