{"Accuracy":38.27,"chance_level":10,"Time Taken to Run the Code(Mins)":11.301704386870066,"_wandb":{"runtime":676},"_runtime":676,"_timestamp":1.7579366360651882e+09,"_step":12,"Timestep":10}