{"_step":12,"Timestep":10,"Accuracy":38.27,"chance_level":10,"Time Taken to Run the Code(Mins)":0.3294947306315104,"_wandb":{"runtime":18},"_runtime":18,"_timestamp":1.7574376464770417e+09}