{"_wandb":{"runtime":511},"_runtime":511,"_timestamp":1.7579322538034165e+09,"_step":12,"Timestep":10,"Accuracy":37.5,"chance_level":10,"Time Taken to Run the Code(Mins)":8.549077602227529}