{"Time Taken to Run the Code(Mins)":6.947098294893901,"_wandb":{"runtime":415},"_runtime":415,"_timestamp":1.758217372678473e+09,"_step":12,"Accuracy":29.53,"chance_level":10,"Timestep":10}