{"Time Taken to Run the Code(Mins)":4.031609380245209,"_wandb":{"runtime":240},"_runtime":240,"_timestamp":1.757088910914519e+09,"_step":12,"Timestep":10,"Accuracy":33.08,"chance_level":10}