{"Time Taken to Run the Code(Mins)":4.889403307437897,"_wandb":{"runtime":292},"_runtime":292,"_step":12,"_timestamp":1.7570864055503454e+09,"chance_level":10,"Timestep":10,"Accuracy":32.01}