{"Accuracy":30.05,"chance_level":10,"Time Taken to Run the Code(Mins)":16.01025716463725,"_wandb":{"runtime":958},"_runtime":958,"_step":12,"_timestamp":1.758204663031414e+09,"Timestep":10}