{"Accuracy":68.03,"_timestamp":1.751379396954694e+09,"_runtime":15.644234738,"_step":11,"Time Taken to Run the Code(Mins)":0.26466203927993776,"_wandb":{"runtime":15},"Timestep":10}