{"_wandb":{"runtime":19},"_runtime":19,"_step":12,"_timestamp":1.7574277723209035e+09,"Timestep":10,"Accuracy":37.95,"chance_level":10,"Time Taken to Run the Code(Mins)":0.3404465357462565}