{"chance_level":10,"Time Taken to Run the Code(Mins)":9.059222209453583,"_wandb":{"runtime":542},"_runtime":542,"_timestamp":1.7579493211195512e+09,"_step":12,"Timestep":10,"Accuracy":38.28}