{"chance_level":10,"Time Taken to Run the Code(Mins)":6.0126264532407125,"_wandb":{"runtime":359},"_runtime":359,"_timestamp":1.7582139321577656e+09,"_step":12,"Timestep":10,"Accuracy":35.16}