{"_runtime":545,"_timestamp":1.757943861196152e+09,"_step":12,"Timestep":10,"Accuracy":37.98,"chance_level":10,"Time Taken to Run the Code(Mins)":9.106577237447103,"_wandb":{"runtime":545}}