{"Timestep":10,"Accuracy":36.39,"chance_level":10,"Time Taken to Run the Code(Mins)":7.000240727265676,"_wandb":{"runtime":417},"_runtime":417,"_timestamp":1.7581925581323004e+09,"_step":12}