{"_timestamp":1.7582201809115214e+09,"_step":12,"Timestep":10,"Accuracy":34.12,"chance_level":10,"Time Taken to Run the Code(Mins)":7.164294576644897,"_wandb":{"runtime":428},"_runtime":428}