{"Timestep":10,"Time Taken to Run the Code(Mins)":0.3381695787111918,"_wandb":{"runtime":19},"_runtime":19,"_timestamp":1.7574394729741507e+09,"_step":12,"Accuracy":37.16,"chance_level":10}