{"_runtime":522,"_timestamp":1.7579270133761723e+09,"_step":12,"Timestep":10,"Accuracy":38.42,"chance_level":10,"Time Taken to Run the Code(Mins)":8.736867324511211,"_wandb":{"runtime":522}}