{"Timestep":10,"Accuracy":38.34,"chance_level":10,"Time Taken to Run the Code(Mins)":10.11047990322113,"_wandb":{"runtime":605},"_runtime":605,"_timestamp":1.7579244523731794e+09,"_step":12}