{"Time Taken to Run the Code(Mins)":6.937658166885376,"_wandb":{"runtime":414},"_runtime":414,"_timestamp":1.7581868002777143e+09,"_step":12,"Timestep":10,"Accuracy":37.24,"chance_level":10}