{"_timestamp":1.7534484017691157e+09,"_wandb":{"runtime":19},"chance_level":10,"Time Taken to Run the Code(Mins)":0.3453647295633952,"Accuracy":1,"Timestep":10,"_runtime":19,"_step":12,"MediaLogs/s&p_0.0":{"height":70,"caption":"Noisy Images: s&p 0.0","_type":"image-file","sha256":"667a9f85d7319d735df7ef6ef5d0736cf12b03d46743723befd711478323b815","size":18118,"path":"media/images/MediaLogs/s&p_0.0_0_667a9f85d7319d735df7.png","format":"png","width":138}}