{"MediaLogs/gauss_0.0":{"height":70,"caption":"Noisy Images: gauss 0.0","_type":"image-file","sha256":"1351f578828d886452347dc6a8a5d01cff2cec649d66f35cdd7f696cc437603a","size":18482,"path":"media/images/MediaLogs/gauss_0.0_0_1351f578828d88645234.png","format":"png","width":138},"_timestamp":1.7519688996032128e+09,"_runtime":16.092704021,"_wandb":{"runtime":16},"chance_level":10,"Time Taken to Run the Code(Mins)":0.2732973376909892,"Accuracy":62.01,"_step":12,"Timestep":10}