{"_timestamp":1.7574321708561609e+09,"_step":12,"Timestep":10,"Accuracy":38.24,"chance_level":10,"Time Taken to Run the Code(Mins)":0.3416033426920573,"_wandb":{"runtime":19},"_runtime":19}