{"_step":12,"_timestamp":1.7579352947699099e+09,"Timestep":10,"Accuracy":37.55,"chance_level":10,"Time Taken to Run the Code(Mins)":10.78333391348521,"_wandb":{"runtime":644},"_runtime":644}