{"_timestamp":1.7579534070626173e+09,"chance_level":10,"Timestep":10,"Accuracy":36.67,"Time Taken to Run the Code(Mins)":8.816139380137125,"_wandb":{"runtime":527},"_runtime":527,"_step":12}