{"_runtime":532,"_timestamp":1.757926689194662e+09,"_step":12,"Timestep":10,"Accuracy":38.41,"chance_level":10,"Time Taken to Run the Code(Mins)":8.963435407479604,"_wandb":{"runtime":532}}