{"Timestep":10,"Accuracy":36.59,"chance_level":10,"Time Taken to Run the Code(Mins)":9.772205809752146,"_wandb":{"runtime":584},"_runtime":584,"_timestamp":1.7579477418022826e+09,"_step":12}