{"chance_level":10,"Time Taken to Run the Code(Mins)":6.554158286253611,"_wandb":{"runtime":391},"_runtime":391,"_timestamp":1.7582204130170689e+09,"_step":12,"Timestep":10,"Accuracy":34.19}