{"_timestamp":1.7574170882222755e+09,"_step":12,"Accuracy":38.05,"chance_level":10,"Timestep":10,"Time Taken to Run the Code(Mins)":0.3300181865692139,"_wandb":{"runtime":18},"_runtime":18}