{"chance_level":10,"_wandb":{"runtime":16},"MediaLogs/s&p_0.0":{"height":70,"caption":"Noisy Images: s&p 0.0","_type":"image-file","sha256":"1351f578828d886452347dc6a8a5d01cff2cec649d66f35cdd7f696cc437603a","size":18482,"path":"media/images/MediaLogs/s&p_0.0_0_1351f578828d88645234.png","format":"png","width":138},"Timestep":10,"_timestamp":1.7516417290815604e+09,"_step":12,"Accuracy":68.49,"Time Taken to Run the Code(Mins)":0.2722875714302063,"_runtime":16.031645826}