{"_runtime":16.180195284,"Accuracy":57.17,"Timestep":10,"Time Taken to Run the Code(Mins)":0.27471066315968834,"_timestamp":1.7514718090544753e+09,"MediaLogs/gauss_0.06":{"size":18959,"path":"media/images/MediaLogs/gauss_0.06_0_fb4f18abaa786478c902.png","format":"png","width":138,"height":70,"caption":"Noisy Images: gauss 0.06","_type":"image-file","sha256":"fb4f18abaa786478c902089c03246b573543818264d6cd766815c05412f01760"},"chance_level":10,"_wandb":{"runtime":16},"_step":12}