{"_step":12,"_timestamp":1.7579386903062541e+09,"Timestep":10,"Accuracy":37.62,"chance_level":10,"Time Taken to Run the Code(Mins)":11.484190241495769,"_wandb":{"runtime":687},"_runtime":687}