{"chance_level":10,"Time Taken to Run the Code(Mins)":8.482599755128225,"_wandb":{"runtime":507},"_runtime":507,"_timestamp":1.7579470297874482e+09,"_step":12,"Timestep":10,"Accuracy":36.3}