{"_runtime":19,"_timestamp":1.757424459185719e+09,"_step":12,"Timestep":10,"Accuracy":37.54,"chance_level":10,"Time Taken to Run the Code(Mins)":0.3496447722117106,"_wandb":{"runtime":19}}