{"_runtime":549,"_timestamp":1.7579252332517893e+09,"_step":12,"Timestep":10,"Accuracy":38.38,"chance_level":10,"Time Taken to Run the Code(Mins)":9.177170085906983,"_wandb":{"runtime":549}}