{"_timestamp":1.7582026724431207e+09,"Timestep":10,"Accuracy":30.48,"chance_level":10,"Time Taken to Run the Code(Mins)":14.153396133581797,"_wandb":{"runtime":843},"_runtime":843,"_step":12}