{"chance_level":10,"Time Taken to Run the Code(Mins)":9.9949622352918,"_wandb":{"runtime":598},"_runtime":598,"_step":12,"_timestamp":1.75792997219978e+09,"Timestep":10,"Accuracy":38.14}