{"Time Taken to Run the Code(Mins)":7.30319451491038,"_wandb":{"runtime":436},"_runtime":436,"_timestamp":1.7581893668614187e+09,"_step":12,"Timestep":10,"Accuracy":34.74,"chance_level":10}