{"_step":12,"Timestep":10,"Accuracy":37.22,"chance_level":10,"Time Taken to Run the Code(Mins)":8.230573300520579,"_wandb":{"runtime":492},"_runtime":492,"_timestamp":1.7579460010921724e+09}