{"_step":12,"_timestamp":1.758187474489886e+09,"Timestep":10,"Accuracy":37.21,"chance_level":10,"Time Taken to Run the Code(Mins)":9.00606002410253,"_wandb":{"runtime":538},"_runtime":538}