{"_timestamp":1.7582006313030992e+09,"Timestep":10,"Accuracy":31.53,"chance_level":10,"Time Taken to Run the Code(Mins)":10.335625183582305,"_wandb":{"runtime":618},"_runtime":618,"_step":12}