{"Accuracy":37.18,"chance_level":10,"Time Taken to Run the Code(Mins)":10.688767063617707,"_wandb":{"runtime":639},"_runtime":639,"_timestamp":1.7579396698892179e+09,"_step":12,"Timestep":10}