{"Time Taken to Run the Code(Mins)":13.307597986857097,"_wandb":{"runtime":795},"_runtime":795,"_timestamp":1.7582021602432725e+09,"_step":12,"Timestep":10,"Accuracy":30.44,"chance_level":10}