{"_timestamp":1.757445557588571e+09,"Timestep":10,"Accuracy":36.03,"chance_level":10,"Time Taken to Run the Code(Mins)":0.330896524588267,"_wandb":{"runtime":18},"_runtime":18,"_step":12}