{"_runtime":316,"_timestamp":1.7570857190212867e+09,"_step":12,"Accuracy":31.91,"chance_level":10,"Timestep":10,"Time Taken to Run the Code(Mins)":5.298709921042124,"_wandb":{"runtime":316}}