{"Timestep":10,"Accuracy":35.73,"chance_level":10,"Time Taken to Run the Code(Mins)":7.868104434013366,"_wandb":{"runtime":470},"_runtime":470,"_timestamp":1.75818800533341e+09,"_step":12}