{"_timestamp":1.758216962369904e+09,"_step":12,"Timestep":10,"Accuracy":28.97,"chance_level":10,"Time Taken to Run the Code(Mins)":6.756308766206105,"_wandb":{"runtime":404},"_runtime":404}