{"Time Taken to Run the Code(Mins)":8.35662240187327,"_wandb":{"runtime":500},"_runtime":500,"_step":12,"_timestamp":1.7579252939512963e+09,"Timestep":10,"Accuracy":38.37,"chance_level":10}