{"chance_level":10,"Time Taken to Run the Code(Mins)":8.688152277469635,"_wandb":{"runtime":519},"_runtime":519,"_timestamp":1.7581990305044215e+09,"_step":12,"Timestep":10,"Accuracy":36.64}