{"_step":11,"Timestep":10,"Accuracy":65.77,"_timestamp":1.75137487022537e+09,"Time Taken to Run the Code(Mins)":0.26290603081385294,"_wandb":{"runtime":15},"_runtime":15.537560427}