{"_step":12,"Accuracy":31.36,"chance_level":10,"Timestep":10,"Time Taken to Run the Code(Mins)":5.29822150071462,"_wandb":{"runtime":316},"_runtime":316,"_timestamp":1.75708706996331e+09}