{"Timestep":10,"Time Taken to Run the Code(Mins)":6.620311860243479,"_wandb":{"runtime":395},"_runtime":395,"_timestamp":1.757951799720869e+09,"_step":12,"Accuracy":37.08,"chance_level":10}