{"Accuracy":37.08,"chance_level":10,"Time Taken to Run the Code(Mins)":8.959639998277028,"_wandb":{"runtime":536},"_runtime":536,"_timestamp":1.7582068489178889e+09,"_step":12,"Timestep":10}