{"_wandb":{"runtime":112},"_runtime":112,"_step":11,"Timestep":10,"Accuracy":11.344,"chance_level":10,"_timestamp":1.7568249275200899e+09,"Time Taken to Run the Code(Mins)":1.8964284936587015}