{"_wandb":{"runtime":19},"_runtime":19,"_step":12,"_timestamp":1.7574446038655193e+09,"Timestep":10,"Accuracy":37.3,"chance_level":10,"Time Taken to Run the Code(Mins)":0.3431296944618225}