{"_step":12,"Timestep":10,"Accuracy":37.08,"chance_level":10,"Time Taken to Run the Code(Mins)":0.3400741696357727,"_wandb":{"runtime":19},"_runtime":19,"_timestamp":1.757439095876953e+09}