{"_timestamp":1.7519686118898623e+09,"Accuracy":53.76,"Time Taken to Run the Code(Mins)":0.26802709499994914,"_runtime":15.779367868,"chance_level":10,"_step":12,"MediaLogs/s&p_0.02":{"format":"png","width":138,"height":70,"caption":"Noisy Images: s&p 0.02","_type":"image-file","sha256":"6d9678668fc378e1951bb630f4f538672833bbd927b8b3128ea48471d230098d","size":19693,"path":"media/images/MediaLogs/s&p_0.02_0_6d9678668fc378e1951b.png"},"Timestep":10,"_wandb":{"runtime":15}}