{"Time Taken to Run the Code(Mins)":7.708693687121073,"_wandb":{"runtime":460},"_runtime":460,"_timestamp":1.7579452707201288e+09,"_step":12,"Timestep":10,"Accuracy":37.65,"chance_level":10}