{"_wandb":{"runtime":498},"_runtime":498,"_step":12,"_timestamp":1.7582084287160902e+09,"Timestep":10,"Accuracy":34.36,"chance_level":10,"Time Taken to Run the Code(Mins)":8.345086479187012}