{"chance_level":10,"Time Taken to Run the Code(Mins)":0.3419594963391622,"_wandb":{"runtime":19},"_runtime":19,"_timestamp":1.75743512667387e+09,"_step":12,"Timestep":10,"Accuracy":36.32}