{"Timestep":10,"_wandb":{"runtime":16},"Time Taken to Run the Code(Mins)":0.27393009265263873,"MediaLogs/gauss_0.04":{"height":70,"caption":"Noisy Images: gauss 0.04","_type":"image-file","sha256":"bc6a87b22c7ea2ae3c6b1a757398b7c4a6f48fe11c0f65de8a9386900ca6d63b","size":18834,"path":"media/images/MediaLogs/gauss_0.04_0_bc6a87b22c7ea2ae3c6b.png","format":"png","width":138},"_step":12,"_timestamp":1.7514680945814602e+09,"Accuracy":57.81,"_runtime":16.133629284,"chance_level":10}