{"chance_level":10,"_timestamp":1.7516458475855248e+09,"_runtime":16.070289469,"_wandb":{"runtime":16},"Time Taken to Run the Code(Mins)":0.27291058699289955,"MediaLogs/gauss_0.2":{"sha256":"45f4dc678aa706151bebfea1540f5a37a816d74589f6ccf6fdeedb9f2f08c515","size":20156,"path":"media/images/MediaLogs/gauss_0.2_0_45f4dc678aa706151beb.png","format":"png","width":138,"height":70,"caption":"Noisy Images: gauss 0.2","_type":"image-file"},"Accuracy":57.03,"_step":12,"Timestep":10}