{"Time Taken to Run the Code(Mins)":0.261932639280955,"_wandb":{"runtime":15},"_runtime":15.472497946,"_step":11,"Timestep":10,"Accuracy":69.87,"_timestamp":1.7513792567044005e+09}