{"chance_level":10,"Time Taken to Run the Code(Mins)":4.56424890756607,"_wandb":{"runtime":272},"_runtime":272,"_timestamp":1.757090280835663e+09,"_step":12,"Timestep":10,"Accuracy":31.02}