{"_step":12,"chance_level":10,"Timestep":10,"Accuracy":37.06,"Time Taken to Run the Code(Mins)":10.45096499522527,"_wandb":{"runtime":625},"_runtime":625,"_timestamp":1.757940219200982e+09}