{"chance_level":10,"Time Taken to Run the Code(Mins)":6.772725971539815,"_wandb":{"runtime":404},"_runtime":404,"_timestamp":1.7581962288284245e+09,"_step":12,"Timestep":10,"Accuracy":31.46}