{"_runtime":20,"_timestamp":1.757417769858168e+09,"_step":12,"Timestep":10,"Accuracy":38.39,"chance_level":10,"Time Taken to Run the Code(Mins)":0.35386215448379515,"_wandb":{"runtime":20}}