{"chance_level":10,"Time Taken to Run the Code(Mins)":8.660339045524598,"_wandb":{"runtime":517},"_runtime":517,"_step":12,"_timestamp":1.757933839511707e+09,"Timestep":10,"Accuracy":37.57}