{"_runtime":19,"_timestamp":1.7574313238491979e+09,"_step":12,"Timestep":10,"Accuracy":36.33,"chance_level":10,"Time Taken to Run the Code(Mins)":0.3356277306874593,"_wandb":{"runtime":19}}