{"Fine_Tuning_With_Classification/test_loss":0.6920934775296379,"Fine_Tuning_With_Classification/Recon_Training_loss":0.2185109559493729,"_wandb":{"runtime":734},"Fine_Tuning_With_Classification/Test_Accuracy":52.05882352941177,"_runtime":734,"Fine_Tuning_With_Classification/Recon_Testing_loss":0.05493022041285739,"_timestamp":1.760370512289531e+09,"_step":199,"Fine_Tuning_With_Classification/Training_accuracy":52.05696202531646,"Fine_Tuning_With_Classification/train_loss":0.6920752170719678}