{"_timestamp":1.7574260261431572e+09,"_step":12,"Timestep":10,"Accuracy":37.52,"chance_level":10,"Time Taken to Run the Code(Mins)":0.3342145363489787,"_wandb":{"runtime":18},"_runtime":18}