{"Timestep":10,"Time Taken to Run the Code(Mins)":7.261542324225108,"_wandb":{"runtime":434},"_runtime":434,"_timestamp":1.7582197203032284e+09,"_step":12,"Accuracy":33.98,"chance_level":10}