{"_runtime":589,"_timestamp":1.7579381225906703e+09,"_step":12,"Accuracy":37.42,"chance_level":10,"Timestep":10,"Time Taken to Run the Code(Mins)":9.847793702284495,"_wandb":{"runtime":589}}