{"Time Taken to Run the Code(Mins)":8.878921421368917,"_wandb":{"runtime":530},"_runtime":530,"_timestamp":1.75820994365119e+09,"_step":12,"Accuracy":30.18,"chance_level":10,"Timestep":10}