{"_timestamp":1.7513740655594132e+09,"_runtime":15.361223868,"Time Taken to Run the Code(Mins)":0.2599504828453064,"_wandb":{"runtime":15},"_step":11,"Timestep":10,"Accuracy":70.62}