{"Timestep":10,"Accuracy":36.92,"chance_level":10,"Time Taken to Run the Code(Mins)":0.3217155456542969,"_wandb":{"runtime":18},"_runtime":18,"_timestamp":1.7574453145162077e+09,"_step":12}