{"Timestep":10,"Accuracy":37.19,"chance_level":10,"Time Taken to Run the Code(Mins)":8.591274265448252,"_wandb":{"runtime":513},"_runtime":513,"_step":12,"_timestamp":1.7582073862146492e+09}