{"_step":12,"_timestamp":1.758198229680431e+09,"Timestep":10,"Accuracy":36.49,"chance_level":10,"Time Taken to Run the Code(Mins)":9.099487614631652,"_wandb":{"runtime":544},"_runtime":544}