{"_step":12,"Timestep":10,"Accuracy":29.65,"chance_level":10,"Time Taken to Run the Code(Mins)":6.808552865187327,"_wandb":{"runtime":406},"_runtime":406,"_timestamp":1.7582108158003929e+09}