{"Time Taken to Run the Code(Mins)":0.3323211193084717,"_wandb":{"runtime":18},"_runtime":18,"_step":12,"_timestamp":1.7574372411078746e+09,"Timestep":10,"Accuracy":38.26,"chance_level":10}