{"_timestamp":1.757415644561677e+09,"Timestep":10,"Accuracy":38.07,"chance_level":10,"Time Taken to Run the Code(Mins)":0.40363642772038777,"_wandb":{"runtime":22},"_runtime":22,"_step":12}