{"Timestep":10,"Accuracy":34.24,"chance_level":10,"Time Taken to Run the Code(Mins)":7.988644850254059,"_wandb":{"runtime":478},"_runtime":478,"_step":12,"_timestamp":1.7581902219572337e+09}