{"Time Taken to Run the Code(Mins)":10.408718609809876,"_wandb":{"runtime":621},"_runtime":621,"_timestamp":1.7579225653626983e+09,"_step":12,"Timestep":10,"Accuracy":38,"chance_level":10}