{"_step":12,"Timestep":10,"Accuracy":38.43,"chance_level":10,"Time Taken to Run the Code(Mins)":0.3248306473096212,"_wandb":{"runtime":18},"_runtime":18,"_timestamp":1.7574201885843356e+09}