{"Accuracy":37.43,"chance_level":10,"Timestep":10,"Time Taken to Run the Code(Mins)":0.3428031245867411,"_wandb":{"runtime":19},"_runtime":19,"_step":12,"_timestamp":1.757433309865231e+09}