{"chance_level":10,"Time Taken to Run the Code(Mins)":7.46768440802892,"_wandb":{"runtime":446},"_runtime":446,"_timestamp":1.757949023676148e+09,"_step":12,"Timestep":10,"Accuracy":38.27}