{"_wandb":{"runtime":510},"_runtime":510,"_step":12,"_timestamp":1.758207383288474e+09,"Timestep":10,"Accuracy":37.2,"chance_level":10,"Time Taken to Run the Code(Mins)":8.543228256702424}