{"_wandb":{"runtime":19},"_runtime":19,"_timestamp":1.757446289969258e+09,"_step":12,"Timestep":10,"Accuracy":36.22,"chance_level":10,"Time Taken to Run the Code(Mins)":0.33748030265172324}