{"Timestep":10,"chance_level":10,"MediaLogs/gauss_0.6":{"width":138,"height":70,"caption":"Noisy Images: gauss 0.6","_type":"image-file","sha256":"71e7e49c617876a92187f5f8ac37579a945a9374c00d35e39fc54ca17076c745","size":21734,"path":"media/images/MediaLogs/gauss_0.6_0_71e7e49c617876a92187.png","format":"png"},"Accuracy":53.95,"Time Taken to Run the Code(Mins)":0.27277469635009766,"_runtime":16.063379607,"_step":12,"_wandb":{"runtime":16},"_timestamp":1.7519689712721167e+09}