{"_step":12,"_timestamp":1.75708278961186e+09,"Timestep":10,"Accuracy":33.16,"chance_level":10,"Time Taken to Run the Code(Mins)":4.776519707838694,"_wandb":{"runtime":285},"_runtime":285}