{"_timestamp":1.7513772887072191e+09,"_runtime":16.352354438,"_step":11,"Timestep":10,"Time Taken to Run the Code(Mins)":0.2771388371785482,"_wandb":{"runtime":16},"Accuracy":69.54}