{"_wandb":{"runtime":447},"_runtime":447,"_timestamp":1.7579592942145407e+09,"_step":12,"chance_level":10,"Timestep":10,"Accuracy":36.94,"Time Taken to Run the Code(Mins)":7.492453157901764}