{"Timestep":10,"Accuracy":36.18,"Time Taken to Run the Code(Mins)":7.9253569602966305,"_wandb":{"runtime":474},"_runtime":474,"_step":12,"_timestamp":1.7579467996834471e+09,"chance_level":10}