{"_timestamp":1.757952068990225e+09,"Timestep":10,"Accuracy":37.1,"chance_level":10,"Time Taken to Run the Code(Mins)":9.710257013638815,"_wandb":{"runtime":580},"_runtime":580,"_step":12}