{"Accuracy":34.08,"chance_level":10,"Time Taken to Run the Code(Mins)":6.879913242657979,"_wandb":{"runtime":411},"_runtime":411,"_timestamp":1.758191204907914e+09,"_step":12,"Timestep":10}