{"chance_level":10,"Time Taken to Run the Code(Mins)":5.001494924227397,"_wandb":{"runtime":299},"_runtime":299,"_timestamp":1.7570748629064362e+09,"_step":12,"Timestep":10,"Accuracy":31.36}