{"Time Taken to Run the Code(Mins)":9.154458963871003,"_wandb":{"runtime":541},"_runtime":541,"_step":12,"_timestamp":1.7579448228958943e+09,"Timestep":10,"Accuracy":38.19,"chance_level":10}