{"Accuracy":37.67,"chance_level":10,"Time Taken to Run the Code(Mins)":5.847253517309825,"_wandb":{"runtime":349},"_runtime":349,"_timestamp":1.7582131365076141e+09,"_step":12,"Timestep":10}