{"_runtime":18,"_timestamp":1.7574181748708634e+09,"_step":12,"Timestep":10,"Accuracy":38.39,"chance_level":10,"Time Taken to Run the Code(Mins)":0.32620303630828856,"_wandb":{"runtime":18}}