{"chance_level":10,"Time Taken to Run the Code(Mins)":0.32951837380727134,"_wandb":{"runtime":18},"_runtime":18,"_step":12,"_timestamp":1.757437350461256e+09,"Timestep":10,"Accuracy":38.29}