{"Timestep":10,"Accuracy":29.97,"chance_level":10,"Time Taken to Run the Code(Mins)":7.246061519781748,"_wandb":{"runtime":433},"_runtime":433,"_timestamp":1.7582225028228407e+09,"_step":12}