{"Time Taken to Run the Code(Mins)":0.274651312828064,"Timestep":10,"_wandb":{"runtime":16},"_runtime":16.178040857,"_step":12,"Accuracy":67.33,"MediaLogs/gauss_0.06":{"_type":"image-file","sha256":"fb4f18abaa786478c902089c03246b573543818264d6cd766815c05412f01760","size":18959,"path":"media/images/MediaLogs/gauss_0.06_0_fb4f18abaa786478c902.png","format":"png","width":138,"height":70,"caption":"Noisy Images: gauss 0.06"},"chance_level":10,"_timestamp":1.7515355900896575e+09}