{"chance_level":10,"Time Taken to Run the Code(Mins)":9.099617691834768,"_wandb":{"runtime":544},"_runtime":544,"_step":12,"_timestamp":1.758187363276933e+09,"Timestep":10,"Accuracy":37.25}