{"chance_level":10,"Time Taken to Run the Code(Mins)":7.544714740912119,"_wandb":{"runtime":451},"_runtime":451,"_timestamp":1.757959188648713e+09,"_step":12,"Timestep":10,"Accuracy":37}