{"_step":12,"MediaLogs/gauss_0.8":{"format":"png","width":138,"height":70,"caption":"Noisy Images: gauss 0.8","_type":"image-file","sha256":"3e6aae1b7f1783e24a2fdf2fafdfc8cb8009c8ddbf7b5ed78fc7284d6a1d7e55","size":22076,"path":"media/images/MediaLogs/gauss_0.8_0_3e6aae1b7f1783e24a2f.png"},"_runtime":16.071537317,"chance_level":10,"Timestep":10,"Time Taken to Run the Code(Mins)":0.27286266485850014,"_wandb":{"runtime":16},"_timestamp":1.751639399630398e+09,"Accuracy":32.57}