{"chance_level":10,"Time Taken to Run the Code(Mins)":7.612210015455882,"_wandb":{"runtime":455},"_runtime":455,"_timestamp":1.7582185144406064e+09,"_step":12,"Timestep":10,"Accuracy":37.92}