{"_timestamp":1.7581889127521005e+09,"_step":12,"Timestep":10,"Accuracy":34.72,"chance_level":10,"Time Taken to Run the Code(Mins)":6.723425130049388,"_wandb":{"runtime":401},"_runtime":401}