{"chance_level":10,"Time Taken to Run the Code(Mins)":9.151581859588623,"_wandb":{"runtime":547},"_runtime":547,"_timestamp":1.7579279301860528e+09,"_step":12,"Timestep":10,"Accuracy":38.41}