{"_wandb":{"runtime":19},"_runtime":19,"_timestamp":1.7574241264605842e+09,"_step":12,"Timestep":10,"Accuracy":37.79,"chance_level":10,"Time Taken to Run the Code(Mins)":0.3399840513865153}