{"Timestep":10,"Accuracy":37.69,"chance_level":10,"Time Taken to Run the Code(Mins)":8.112220501899719,"_wandb":{"runtime":485},"_runtime":485,"_timestamp":1.7579457896506224e+09,"_step":12}