{"Accuracy":36.25,"Time Taken to Run the Code(Mins)":8.486310017108917,"_wandb":{"runtime":507},"_runtime":507,"_timestamp":1.7579548331124408e+09,"_step":12,"chance_level":10,"Timestep":10}