{"chance_level":10,"Time Taken to Run the Code(Mins)":9.836470357577006,"_wandb":{"runtime":588},"_runtime":588,"_timestamp":1.7579337227853913e+09,"_step":12,"Timestep":10,"Accuracy":37.62}