{"_runtime":479,"_timestamp":1.7579385069521174e+09,"_step":12,"Timestep":10,"Accuracy":37.56,"chance_level":10,"Time Taken to Run the Code(Mins)":8.01573615471522,"_wandb":{"runtime":479}}