{"_wandb":{"runtime":16},"_runtime":16.289436183,"_step":12,"Time Taken to Run the Code(Mins)":0.27666118144989016,"_timestamp":1.7514682160439618e+09,"chance_level":10,"Accuracy":58.08,"MediaLogs/gauss_0.06":{"caption":"Noisy Images: gauss 0.06","_type":"image-file","sha256":"fb4f18abaa786478c902089c03246b573543818264d6cd766815c05412f01760","size":18959,"path":"media/images/MediaLogs/gauss_0.06_0_fb4f18abaa786478c902.png","format":"png","width":138,"height":70},"Timestep":10}