{"Timestep":10,"Accuracy":32.37,"Time Taken to Run the Code(Mins)":7.822021496295929,"_wandb":{"runtime":467},"_runtime":467,"_timestamp":1.7582096772555325e+09,"_step":12,"chance_level":10}