{"_step":12,"chance_level":10,"Timestep":10,"Accuracy":37.05,"Time Taken to Run the Code(Mins)":11.313138441244762,"_wandb":{"runtime":676},"_runtime":676,"_timestamp":1.75794116203371e+09}