{"MediaLogs/gauss_0.06":{"caption":"Noisy Images: gauss 0.06","_type":"image-file","sha256":"fb4f18abaa786478c902089c03246b573543818264d6cd766815c05412f01760","size":18959,"path":"media/images/MediaLogs/gauss_0.06_0_fb4f18abaa786478c902.png","format":"png","width":138,"height":70},"Accuracy":57.45,"chance_level":10,"Time Taken to Run the Code(Mins)":0.29322481552759805,"_timestamp":1.751470945710184e+09,"_runtime":17.290766674,"_step":12,"_wandb":{"runtime":17},"Timestep":10}