{"Time Taken to Run the Code(Mins)":9.497381655375163,"_wandb":{"runtime":568},"_runtime":568,"_timestamp":1.7579489435110695e+09,"_step":12,"Timestep":10,"Accuracy":36.12,"chance_level":10}