{"Time Taken to Run the Code(Mins)":0.3291081150372823,"_wandb":{"runtime":18},"_runtime":18,"_step":12,"_timestamp":1.757430290570819e+09,"Timestep":10,"Accuracy":36.69,"chance_level":10}