{"_step":12,"Timestep":10,"Accuracy":36.36,"chance_level":10,"Time Taken to Run the Code(Mins)":7.64113601843516,"_wandb":{"runtime":457},"_runtime":457,"_timestamp":1.7579599203520298e+09}