{"MediaLogs/gauss_0.6000000000000001":{"format":"png","width":138,"height":70,"caption":"Noisy Images: gauss 0.6000000000000001","_type":"image-file","sha256":"71e7e49c617876a92187f5f8ac37579a945a9374c00d35e39fc54ca17076c745","size":21734,"path":"media/images/MediaLogs/gauss_0.6000000000000001_0_71e7e49c617876a92187.png"},"_timestamp":1.7516515504241033e+09,"Accuracy":49.56,"_step":12,"Timestep":10,"_runtime":16.306154981,"Time Taken to Run the Code(Mins)":0.27700148423512777,"chance_level":10,"_wandb":{"runtime":16}}