{"_timestamp":1.757937562410598e+09,"Timestep":10,"Accuracy":38.07,"chance_level":10,"Time Taken to Run the Code(Mins)":8.140312067667644,"_wandb":{"runtime":486},"_runtime":486,"_step":12}