{"chance_level":10,"Time Taken to Run the Code(Mins)":0.3408011317253113,"_wandb":{"runtime":19},"_runtime":19,"_step":12,"_timestamp":1.757419510065224e+09,"Timestep":10,"Accuracy":38.32}