{"_wandb":{"runtime":15},"_runtime":15.853137319,"_step":12,"MediaLogs/s&p_0.2":{"sha256":"258790cc567a266b10ae4c3402110f4a77c2a2ad20e989f48a1132a7e187dd37","size":22652,"path":"media/images/MediaLogs/s&p_0.2_0_258790cc567a266b10ae.png","format":"png","width":138,"height":70,"caption":"Noisy Images: s&p 0.2","_type":"image-file"},"Timestep":10,"_timestamp":1.7515331747724366e+09,"Accuracy":17.88,"Time Taken to Run the Code(Mins)":0.2693009257316589,"chance_level":10}