{"chance_level":10,"MediaLogs/gauss_0.6000000000000001":{"_type":"image-file","sha256":"71e7e49c617876a92187f5f8ac37579a945a9374c00d35e39fc54ca17076c745","size":21734,"path":"media/images/MediaLogs/gauss_0.6000000000000001_0_71e7e49c617876a92187.png","format":"png","width":138,"height":70,"caption":"Noisy Images: gauss 0.6000000000000001"},"_wandb":{"runtime":15},"Timestep":10,"_timestamp":1.751649399084303e+09,"_step":12,"Accuracy":49.12,"_runtime":15.925728897,"Time Taken to Run the Code(Mins)":0.27048749923706056}