{"Timestep":10,"Accuracy":38.39,"Time Taken to Run the Code(Mins)":0.3354250987370809,"_wandb":{"runtime":19},"_runtime":19,"_timestamp":1.757427443700073e+09,"_step":12,"chance_level":10}