{"_wandb":{"runtime":601},"_runtime":601,"_timestamp":1.757941788774841e+09,"_step":12,"Timestep":10,"Accuracy":36.35,"chance_level":10,"Time Taken to Run the Code(Mins)":10.065134517351787}