{"_runtime":15.835091878,"MediaLogs/s&p_0.0":{"size":18482,"path":"media/images/MediaLogs/s&p_0.0_0_1351f578828d88645234.png","format":"png","width":138,"height":70,"caption":"Noisy Images: s&p 0.0","_type":"image-file","sha256":"1351f578828d886452347dc6a8a5d01cff2cec649d66f35cdd7f696cc437603a"},"Accuracy":58.42,"_wandb":{"runtime":15},"_step":12,"_timestamp":1.7514643091205518e+09,"Timestep":10,"chance_level":10,"Time Taken to Run the Code(Mins)":0.2688563585281372}