{"_step":12,"chance_level":10,"Timestep":10,"Accuracy":37.69,"Time Taken to Run the Code(Mins)":0.3310582677523295,"_wandb":{"runtime":18},"_runtime":18,"_timestamp":1.7574236623027203e+09}