{"Time Taken to Run the Code(Mins)":10.682574033737183,"_wandb":{"runtime":637},"_runtime":637,"_timestamp":1.7579357181246462e+09,"_step":12,"Timestep":10,"Accuracy":38.41,"chance_level":10}