{"_runtime":536,"_step":12,"_timestamp":1.7582090355275202e+09,"chance_level":10,"Timestep":10,"Accuracy":31.94,"Time Taken to Run the Code(Mins)":8.964895296096802,"_wandb":{"runtime":536}}