{"chance_level":10,"Time Taken to Run the Code(Mins)":3.8775942881902057,"_wandb":{"runtime":231},"_runtime":231,"_timestamp":1.7570908251871443e+09,"_step":12,"Timestep":10,"Accuracy":32.34}