{"_timestamp":1.751652025882041e+09,"_runtime":16.183843937,"Timestep":10,"chance_level":10,"Time Taken to Run the Code(Mins)":0.27478584051132204,"Accuracy":45.69,"_wandb":{"runtime":16},"_step":12,"MediaLogs/s&p_0.04":{"height":70,"caption":"Noisy Images: s&p 0.04","_type":"image-file","sha256":"baea8452707910ea8f11d21702ce13dee1e2cd0558f06ac1145b6522d5554591","size":20448,"path":"media/images/MediaLogs/s&p_0.04_0_baea8452707910ea8f11.png","format":"png","width":138}}