{"Time Taken to Run the Code(Mins)":12.476780891418457,"_wandb":{"runtime":746},"_runtime":746,"_timestamp":1.757929331564307e+09,"_step":12,"Accuracy":38.32,"chance_level":10,"Timestep":10}