{"_step":12,"Timestep":10,"Accuracy":36.74,"chance_level":10,"Time Taken to Run the Code(Mins)":8.841582290331523,"_wandb":{"runtime":529},"_runtime":529,"_timestamp":1.757953608858315e+09}