{"Time Taken to Run the Code(Mins)":0.34633570512135825,"_wandb":{"runtime":19},"_runtime":19,"_step":12,"_timestamp":1.7574189678948047e+09,"Accuracy":38.36,"chance_level":10,"Timestep":10}