{"Accuracy":69.69,"_timestamp":1.7513737873848143e+09,"_runtime":15.680028251,"_step":11,"Time Taken to Run the Code(Mins)":0.2654016176859538,"_wandb":{"runtime":15},"Timestep":10}