{"Accuracy":61.98,"chance_level":10,"_step":12,"_wandb":{"runtime":15},"MediaLogs/s&p_0.0":{"height":70,"caption":"Noisy Images: s&p 0.0","_type":"image-file","sha256":"1351f578828d886452347dc6a8a5d01cff2cec649d66f35cdd7f696cc437603a","size":18482,"path":"media/images/MediaLogs/s&p_0.0_0_1351f578828d88645234.png","format":"png","width":138},"_timestamp":1.7526582099677591e+09,"_runtime":15.997155123,"Time Taken to Run the Code(Mins)":0.27176961104075115,"Timestep":10}