{"chance_level":10,"Time Taken to Run the Code(Mins)":0.3326670328776042,"_wandb":{"runtime":18},"_runtime":18,"_timestamp":1.757434636371525e+09,"_step":12,"Timestep":10,"Accuracy":37.14}