{"Accuracy":31.35,"chance_level":10,"Time Taken to Run the Code(Mins)":7.1118805527687075,"_wandb":{"runtime":425},"_runtime":425,"_timestamp":1.758222377763932e+09,"_step":12,"Timestep":10}