{"Timestep":10,"Accuracy":37.76,"chance_level":10,"Time Taken to Run the Code(Mins)":0.32954477071762084,"_wandb":{"runtime":18},"_runtime":18,"_timestamp":1.7574233864822202e+09,"_step":12}