{"Accuracy":38.4,"chance_level":10,"Time Taken to Run the Code(Mins)":0.33383840719858804,"_wandb":{"runtime":18},"_runtime":18,"_timestamp":1.7574178502212925e+09,"_step":12,"Timestep":10}