{"_timestamp":1.7582168167467716e+09,"_step":12,"Timestep":10,"Accuracy":30.46,"chance_level":10,"Time Taken to Run the Code(Mins)":7.114627532164255,"_wandb":{"runtime":425},"_runtime":425}