{"_timestamp":1.7582071821057165e+09,"_step":12,"chance_level":10,"Timestep":10,"Accuracy":37.08,"Time Taken to Run the Code(Mins)":8.126896373430888,"_wandb":{"runtime":486},"_runtime":486}