{"chance_level":10,"Timestep":10,"Accuracy":36.26,"Time Taken to Run the Code(Mins)":0.33305250803629555,"_wandb":{"runtime":18},"_runtime":18,"_timestamp":1.7574309431001592e+09,"_step":12}