{"Time Taken to Run the Code(Mins)":6.72273094256719,"_wandb":{"runtime":401},"_runtime":401,"_step":12,"_timestamp":1.7582107222930195e+09,"Timestep":10,"Accuracy":29.43,"chance_level":10}