{"Accuracy":32.78,"Time Taken to Run the Code(Mins)":6.088912498950958,"_wandb":{"runtime":364},"_runtime":364,"_timestamp":1.7582143187244797e+09,"_step":12,"chance_level":10,"Timestep":10}