{"_runtime":412,"_step":12,"_timestamp":1.758196302820853e+09,"chance_level":10,"Timestep":10,"Accuracy":31.43,"Time Taken to Run the Code(Mins)":6.90657590230306,"_wandb":{"runtime":412}}