{"_runtime":321,"_timestamp":1.7570853903194814e+09,"_step":12,"Accuracy":31.97,"chance_level":10,"Timestep":10,"Time Taken to Run the Code(Mins)":5.367895472049713,"_wandb":{"runtime":321}}