{"_step":12,"Accuracy":38.39,"chance_level":10,"Timestep":10,"Time Taken to Run the Code(Mins)":0.33185677528381347,"_wandb":{"runtime":18},"_runtime":18,"_timestamp":1.757420738988073e+09}