{"Time Taken to Run the Code(Mins)":0.3240689595540365,"_wandb":{"runtime":18},"_runtime":18,"_timestamp":1.7574458259970193e+09,"_step":12,"Accuracy":36.14,"chance_level":10,"Timestep":10}