{"_step":12,"Timestep":10,"Accuracy":36.65,"chance_level":10,"Time Taken to Run the Code(Mins)":8.10176114241282,"_wandb":{"runtime":484},"_runtime":484,"_timestamp":1.7581986161542213e+09}