{"_step":12,"Timestep":10,"Accuracy":38.35,"chance_level":10,"Time Taken to Run the Code(Mins)":9.258425350983938,"_wandb":{"runtime":554},"_runtime":554,"_timestamp":1.7579359823279238e+09}