{"Accuracy":37.04,"chance_level":10,"Time Taken to Run the Code(Mins)":0.3343915899594625,"_wandb":{"runtime":18},"_runtime":18,"_timestamp":1.7574292069627063e+09,"_step":12,"Timestep":10}