{"chance_level":10,"Time Taken to Run the Code(Mins)":0.3398233691851298,"_wandb":{"runtime":19},"_runtime":19,"_timestamp":1.757422369019735e+09,"_step":12,"Timestep":10,"Accuracy":38.33}