{"chance_level":10,"Time Taken to Run the Code(Mins)":0.28233075539271035,"MediaLogs/gauss_0.8":{"sha256":"3e6aae1b7f1783e24a2fdf2fafdfc8cb8009c8ddbf7b5ed78fc7284d6a1d7e55","size":22076,"path":"media/images/MediaLogs/gauss_0.8_0_3e6aae1b7f1783e24a2f.png","format":"png","width":138,"height":70,"caption":"Noisy Images: gauss 0.8","_type":"image-file"},"_timestamp":1.7519625104138107e+09,"Accuracy":32.64,"_step":12,"Timestep":10,"_runtime":16.634964625,"_wandb":{"runtime":16}}