{"_wandb":{"runtime":18},"_runtime":18,"_timestamp":1.7574348029664538e+09,"_step":12,"Timestep":10,"Accuracy":37.14,"chance_level":10,"Time Taken to Run the Code(Mins)":0.32301180362701415}