{"Timestep":10,"MediaLogs/gauss_0.2":{"sha256":"45f4dc678aa706151bebfea1540f5a37a816d74589f6ccf6fdeedb9f2f08c515","size":20156,"path":"media/images/MediaLogs/gauss_0.2_0_45f4dc678aa706151beb.png","format":"png","width":138,"height":70,"caption":"Noisy Images: gauss 0.2","_type":"image-file"},"Time Taken to Run the Code(Mins)":0.2688132286071777,"_runtime":15.831103122,"_timestamp":1.751964724684258e+09,"chance_level":10,"Accuracy":55.34,"_step":12,"_wandb":{"runtime":15}}