{"Accuracy":35.82,"chance_level":10,"Time Taken to Run the Code(Mins)":6.689191210269928,"_wandb":{"runtime":399},"_runtime":399,"_timestamp":1.7582189097158856e+09,"_step":12,"Timestep":10}