{"Accuracy":37.38,"chance_level":10,"Time Taken to Run the Code(Mins)":0.3361801981925964,"_wandb":{"runtime":19},"_runtime":19,"_step":12,"_timestamp":1.7574288285811477e+09,"Timestep":10}