{"_timestamp":1.7581988854746325e+09,"_step":12,"Timestep":10,"Accuracy":36.7,"chance_level":10,"Time Taken to Run the Code(Mins)":8.467326637109121,"_wandb":{"runtime":506},"_runtime":506}