{"chance_level":10,"Time Taken to Run the Code(Mins)":3.946016013622284,"_wandb":{"runtime":235},"_runtime":235,"_timestamp":1.7570884937755072e+09,"_step":12,"Timestep":10,"Accuracy":31.26}