{"_wandb":{"runtime":18},"_runtime":18,"_step":12,"_timestamp":1.757443099962112e+09,"Accuracy":37.94,"chance_level":10,"Timestep":10,"Time Taken to Run the Code(Mins)":0.32670663595199584}