{"_timestamp":1.7582094338028154e+09,"_step":12,"Timestep":10,"Accuracy":32.25,"chance_level":10,"Time Taken to Run the Code(Mins)":8.168413225809733,"_wandb":{"runtime":488},"_runtime":488}