{"chance_level":10,"Time Taken to Run the Code(Mins)":15.525316083431244,"_wandb":{"runtime":930},"_runtime":930,"_step":12,"_timestamp":1.758203641067493e+09,"Timestep":10,"Accuracy":29.84}