{"_step":12,"chance_level":10,"Timestep":10,"Accuracy":32.56,"Time Taken to Run the Code(Mins)":6.400864680608113,"_wandb":{"runtime":382},"_runtime":382,"_timestamp":1.7581945303104959e+09}