{"chance_level":10,"Time Taken to Run the Code(Mins)":6.922150949637095,"_wandb":{"runtime":413},"_runtime":413,"_timestamp":1.758216074155901e+09,"_step":12,"Timestep":10,"Accuracy":29.84}