{"_runtime":531,"_timestamp":1.7582073161489499e+09,"_step":12,"chance_level":10,"Timestep":10,"Accuracy":37.15,"Time Taken to Run the Code(Mins)":8.87706054051717,"_wandb":{"runtime":531}}