{"_runtime":18,"_timestamp":1.7574245995835984e+09,"_step":12,"Accuracy":37.52,"chance_level":10,"Timestep":10,"Time Taken to Run the Code(Mins)":0.3259674032529195,"_wandb":{"runtime":18}}