{"_timestamp":1.757089743252375e+09,"_step":12,"Timestep":10,"Accuracy":31.18,"chance_level":10,"Time Taken to Run the Code(Mins)":2.6693888942400616,"_wandb":{"runtime":158},"_runtime":158}