{"_runtime":19,"_timestamp":1.7574220149714236e+09,"_step":12,"Timestep":10,"Accuracy":38.37,"chance_level":10,"Time Taken to Run the Code(Mins)":0.3394410212834676,"_wandb":{"runtime":19}}