{"_wandb":{"runtime":397},"_runtime":397,"_timestamp":1.7582188982907786e+09,"_step":12,"Timestep":10,"Accuracy":35.77,"chance_level":10,"Time Taken to Run the Code(Mins)":6.644127762317657}