{"Timestep":10,"Accuracy":38.41,"chance_level":10,"Time Taken to Run the Code(Mins)":0.32216697931289673,"_wandb":{"runtime":18},"_runtime":18,"_timestamp":1.7574269561637733e+09,"_step":12}