{"_runtime":643,"_timestamp":1.7579518916456738e+09,"_step":12,"Accuracy":37.82,"chance_level":10,"Timestep":10,"Time Taken to Run the Code(Mins)":10.764914866288503,"_wandb":{"runtime":643}}