{"Time Taken to Run the Code(Mins)":1.3532368898391725,"_wandb":{"runtime":79},"_runtime":79,"_timestamp":1.7570911835770679e+09,"_step":12,"Timestep":10,"Accuracy":31.48,"chance_level":10}