{"_step":12,"Timestep":10,"Accuracy":38.05,"chance_level":10,"Time Taken to Run the Code(Mins)":0.33322617212931316,"_wandb":{"runtime":19},"_runtime":19,"_timestamp":1.7574171152589712e+09}