{"_timestamp":1.7579410056385489e+09,"_step":12,"Accuracy":36.98,"chance_level":10,"Timestep":10,"Time Taken to Run the Code(Mins)":10.053750749429067,"_wandb":{"runtime":601},"_runtime":601}