{"_step":12,"Timestep":10,"Accuracy":34.06,"chance_level":10,"Time Taken to Run the Code(Mins)":7.2965487241744995,"_wandb":{"runtime":436},"_runtime":436,"_timestamp":1.758191172778657e+09}