{"Accuracy":33.09,"chance_level":10,"Time Taken to Run the Code(Mins)":4.048388393719991,"_wandb":{"runtime":241},"_runtime":241,"_timestamp":1.7570830483964226e+09,"_step":12,"Timestep":10}