{"Timestep":10,"Accuracy":36.38,"chance_level":10,"Time Taken to Run the Code(Mins)":0.3218427856763204,"_wandb":{"runtime":18},"_runtime":18,"_timestamp":1.757439962780767e+09,"_step":12}