{"_step":12,"_timestamp":1.7574378909125164e+09,"Accuracy":38.31,"chance_level":10,"Timestep":10,"Time Taken to Run the Code(Mins)":0.34380339781443275,"_wandb":{"runtime":19},"_runtime":19}