{"_wandb":{"runtime":442},"_runtime":442,"_timestamp":1.757958219850519e+09,"_step":12,"Accuracy":37.43,"chance_level":10,"Timestep":10,"Time Taken to Run the Code(Mins)":7.3996484200159705}