{"chance_level":10,"Time Taken to Run the Code(Mins)":7.143766971429189,"_wandb":{"runtime":427},"_runtime":427,"_timestamp":1.7582146354380808e+09,"_step":12,"Timestep":10,"Accuracy":33.03}