{"_wandb":{"runtime":15},"_timestamp":1.7515536415902197e+09,"Time Taken to Run the Code(Mins)":0.2704665303230286,"MediaLogs/s&p_0.4":{"sha256":"9c04c5b3bdb267bc4705db6d0e1134ee42345c887749caece81c4aff8a090c3d","size":21658,"path":"media/images/MediaLogs/s&p_0.4_0_9c04c5b3bdb267bc4705.png","format":"png","width":138,"height":70,"caption":"Noisy Images: s&p 0.4","_type":"image-file"},"_runtime":15.926757712,"Accuracy":13.16,"_step":12,"chance_level":10,"Timestep":10}