{"Time Taken to Run the Code(Mins)":0.26426332791646323,"_wandb":{"runtime":15},"_timestamp":1.7513747061252177e+09,"_runtime":15.601127836,"_step":11,"Timestep":10,"Accuracy":69.69}