{"Time Taken to Run the Code(Mins)":10.61439428726832,"_wandb":{"runtime":634},"_runtime":634,"_timestamp":1.7579313142478018e+09,"_step":12,"Timestep":10,"Accuracy":37.8,"chance_level":10}