{"_step":11,"Timestep":10,"Accuracy":67.44,"_timestamp":1.7513749171503851e+09,"_runtime":16.298533345,"Time Taken to Run the Code(Mins)":0.2762927174568176,"_wandb":{"runtime":16}}