{"Time Taken to Run the Code(Mins)":12.354201785723369,"_wandb":{"runtime":738},"_runtime":738,"_timestamp":1.7582011499017205e+09,"_step":12,"Timestep":10,"Accuracy":31.78,"chance_level":10}