{"_timestamp":1.7582163918384378e+09,"_step":12,"Timestep":10,"Accuracy":30.15,"chance_level":10,"Time Taken to Run the Code(Mins)":6.501344335079193,"_wandb":{"runtime":388},"_runtime":388}