{"Timestep":10,"Accuracy":30.79,"chance_level":10,"Time Taken to Run the Code(Mins)":7.6304241935412085,"_wandb":{"runtime":456},"_runtime":456,"_timestamp":1.7582106520787506e+09,"_step":12}