{"_runtime":19,"_timestamp":1.7574175508951592e+09,"_step":12,"Timestep":10,"Accuracy":38.03,"chance_level":10,"Time Taken to Run the Code(Mins)":0.3372211972872416,"_wandb":{"runtime":19}}