{"chance_level":10,"Timestep":10,"Accuracy":37.09,"Time Taken to Run the Code(Mins)":0.3273168921470642,"_wandb":{"runtime":18},"_runtime":18,"_step":12,"_timestamp":1.7574393366102335e+09}