{"Accuracy":35.19,"chance_level":10,"Timestep":10,"Time Taken to Run the Code(Mins)":8.185402699311574,"_wandb":{"runtime":490},"_runtime":490,"_step":12,"_timestamp":1.7582141974134893e+09}