{"_runtime":18,"_timestamp":1.7574444126303244e+09,"_step":12,"chance_level":10,"Timestep":10,"Accuracy":37.29,"Time Taken to Run the Code(Mins)":0.3312176465988159,"_wandb":{"runtime":18}}