{"_wandb":{"runtime":16},"_runtime":16.072927236,"Accuracy":59.14,"MediaLogs/gauss_0.06":{"_type":"image-file","sha256":"fb4f18abaa786478c902089c03246b573543818264d6cd766815c05412f01760","size":18959,"path":"media/images/MediaLogs/gauss_0.06_0_fb4f18abaa786478c902.png","format":"png","width":138,"height":70,"caption":"Noisy Images: gauss 0.06"},"Time Taken to Run the Code(Mins)":0.27292513449986777,"_step":12,"_timestamp":1.7514717851183324e+09,"Timestep":10,"chance_level":10}