{"_step":12,"_timestamp":1.7579501617788095e+09,"Timestep":10,"Accuracy":38.3,"chance_level":10,"Time Taken to Run the Code(Mins)":8.548747444152832,"_wandb":{"runtime":511},"_runtime":511}