{"Timestep":10,"Accuracy":38.37,"chance_level":10,"Time Taken to Run the Code(Mins)":8.878711255391439,"_wandb":{"runtime":531},"_runtime":531,"_timestamp":1.7579258362785904e+09,"_step":12}