{"_runtime":189,"_timestamp":1.7570835046686988e+09,"_step":12,"Timestep":10,"Accuracy":32.84,"chance_level":10,"Time Taken to Run the Code(Mins)":3.1759143034617106,"_wandb":{"runtime":189}}