{"Timestep":10,"Accuracy":38.07,"chance_level":10,"Time Taken to Run the Code(Mins)":10.345097458362579,"_wandb":{"runtime":618},"_runtime":618,"_timestamp":1.7579225619702458e+09,"_step":12}