{"_wandb":{"runtime":17},"Timestep":10,"Time Taken to Run the Code(Mins)":0.29398435751597085,"Accuracy":57.16,"chance_level":10,"MediaLogs/s&p_0.0":{"_type":"image-file","sha256":"1351f578828d886452347dc6a8a5d01cff2cec649d66f35cdd7f696cc437603a","size":18482,"path":"media/images/MediaLogs/s&p_0.0_0_1351f578828d88645234.png","format":"png","width":138,"height":70,"caption":"Noisy Images: s&p 0.0"},"_timestamp":1.7514710436644716e+09,"_step":12,"_runtime":17.332048376}