{"Accuracy":33.19,"chance_level":10,"Time Taken to Run the Code(Mins)":7.282356278101603,"_wandb":{"runtime":435},"_runtime":435,"_timestamp":1.7582146494508014e+09,"_step":12,"Timestep":10}