{"_runtime":170,"_timestamp":1.7570896970485373e+09,"_step":12,"Timestep":10,"Accuracy":31.71,"chance_level":10,"Time Taken to Run the Code(Mins)":2.8651748935381574,"_wandb":{"runtime":170}}