{"Time Taken to Run the Code(Mins)":0.33853628635406496,"_wandb":{"runtime":19},"_runtime":19,"_step":12,"_timestamp":1.7574316546705086e+09,"chance_level":10,"Timestep":10,"Accuracy":38.41}