{"_runtime":16.118529366,"Time Taken to Run the Code(Mins)":0.27375260591506956,"chance_level":10,"_wandb":{"runtime":16},"Timestep":10,"_timestamp":1.7515296944493601e+09,"_step":12,"Accuracy":69.27,"MediaLogs/gauss_0.04":{"sha256":"bc6a87b22c7ea2ae3c6b1a757398b7c4a6f48fe11c0f65de8a9386900ca6d63b","size":18834,"path":"media/images/MediaLogs/gauss_0.04_0_bc6a87b22c7ea2ae3c6b.png","format":"png","width":138,"height":70,"caption":"Noisy Images: gauss 0.04","_type":"image-file"}}