{"_wandb":{"runtime":20},"_runtime":20,"_timestamp":1.7574184183314857e+09,"_step":12,"Timestep":10,"Accuracy":38.41,"chance_level":10,"Time Taken to Run the Code(Mins)":0.3556757926940918}