{"_step":12,"Timestep":10,"Accuracy":38.25,"chance_level":10,"Time Taken to Run the Code(Mins)":0.34734031359354656,"_wandb":{"runtime":19},"_runtime":19,"_timestamp":1.7574417777969553e+09}