{"Fine_Tuning_With_Classification/test_loss":0.31225647426703396,"Fine_Tuning_With_Classification/Training_accuracy":90.92922899884924,"_timestamp":1.7597661558222737e+09,"_step":199,"Fine_Tuning_With_Classification/train_loss":0.31126472655730913,"Fine_Tuning_With_Classification/Recon_Testing_loss":0.005422721897690173,"_runtime":3402,"Fine_Tuning_With_Classification/Test_Accuracy":90.68181818181819,"Fine_Tuning_With_Classification/Recon_Training_loss":0.021235542631224742,"_wandb":{"runtime":3402}}