{"chance_level":10,"Timestep":10,"Time Taken to Run the Code(Mins)":3.982478221257528,"_wandb":{"runtime":237},"_runtime":237,"_timestamp":1.75709014829263e+09,"_step":12,"Accuracy":30.99}