{"_wandb":{"runtime":558},"_runtime":558,"_timestamp":1.7581996096762993e+09,"_step":12,"Timestep":10,"Accuracy":33.83,"chance_level":10,"Time Taken to Run the Code(Mins)":9.335952591896056}