{"Time Taken to Run the Code(Mins)":7.913887059688568,"_wandb":{"runtime":473},"_runtime":473,"_timestamp":1.757416168137613e+09,"_step":12,"Timestep":10,"Accuracy":38.05,"chance_level":10}