{"Accuracy":37.51,"chance_level":10,"Time Taken to Run the Code(Mins)":7.602384547392528,"_wandb":{"runtime":454},"_runtime":454,"_timestamp":1.7579325655692055e+09,"_step":12,"Timestep":10}