{"Accuracy":29.95,"chance_level":10,"Time Taken to Run the Code(Mins)":7.31019317706426,"_wandb":{"runtime":437},"_runtime":437,"_timestamp":1.7582224972087588e+09,"_step":12,"Timestep":10}