{"Time Taken to Run the Code(Mins)":8.48805634578069,"_wandb":{"runtime":507},"_runtime":507,"_step":12,"_timestamp":1.7579263136251733e+09,"Timestep":10,"Accuracy":38.33,"chance_level":10}