{"Timestep":10,"_timestamp":1.7525862543261166e+09,"Accuracy":66.55,"chance_level":10,"Time Taken to Run the Code(Mins)":0.2729557553927104,"_wandb":{"runtime":16},"MediaLogs/s&p_0.0":{"caption":"Noisy Images: s&p 0.0","_type":"image-file","sha256":"1351f578828d886452347dc6a8a5d01cff2cec649d66f35cdd7f696cc437603a","size":18482,"path":"media/images/MediaLogs/s&p_0.0_0_1351f578828d88645234.png","format":"png","width":138,"height":70},"_runtime":16.067932153,"_step":12}