{"Accuracy":33.17,"Time Taken to Run the Code(Mins)":4.87908908923467,"_wandb":{"runtime":291},"_runtime":291,"_step":12,"_timestamp":1.7570781965243049e+09,"chance_level":10,"Timestep":10}