{"_runtime":18,"_timestamp":1.7574394995592487e+09,"_step":12,"Timestep":10,"Accuracy":37.17,"chance_level":10,"Time Taken to Run the Code(Mins)":0.32486011187235514,"_wandb":{"runtime":18}}