{"chance_level":10,"Timestep":10,"Accuracy":57.76,"MediaLogs/gauss_0.06":{"width":138,"height":70,"caption":"Noisy Images: gauss 0.06","_type":"image-file","sha256":"fb4f18abaa786478c902089c03246b573543818264d6cd766815c05412f01760","size":18959,"path":"media/images/MediaLogs/gauss_0.06_0_fb4f18abaa786478c902.png","format":"png"},"_wandb":{"runtime":16},"_step":12,"Time Taken to Run the Code(Mins)":0.2732889731725057,"_timestamp":1.751468263939105e+09,"_runtime":16.093786841}