{"_runtime":527,"_step":12,"_timestamp":1.7579536150758016e+09,"Timestep":10,"Accuracy":36.81,"chance_level":10,"Time Taken to Run the Code(Mins)":8.811714347203573,"_wandb":{"runtime":527}}