{"_runtime":19,"_timestamp":1.7574399101487324e+09,"_step":12,"Accuracy":36.41,"chance_level":10,"Timestep":10,"Time Taken to Run the Code(Mins)":0.33590922355651853,"_wandb":{"runtime":19}}