{"_wandb":{"runtime":18},"_runtime":18,"_timestamp":1.7574453953158264e+09,"_step":12,"Timestep":10,"Accuracy":36.92,"chance_level":10,"Time Taken to Run the Code(Mins)":0.3308327635129293}