{"_step":12,"_timestamp":1.7582011537149014e+09,"Timestep":10,"Accuracy":31.79,"chance_level":10,"Time Taken to Run the Code(Mins)":12.417764576276143,"_wandb":{"runtime":742},"_runtime":742}