{"Time Taken to Run the Code(Mins)":0.34956302245457965,"_wandb":{"runtime":19},"_runtime":19,"_timestamp":1.7574461267214894e+09,"_step":12,"Timestep":10,"Accuracy":36.19,"chance_level":10}