{"_step":12,"Timestep":10,"Accuracy":36.16,"chance_level":10,"Time Taken to Run the Code(Mins)":0.32921802600224814,"_wandb":{"runtime":18},"_runtime":18,"_timestamp":1.7574458525908113e+09}