{"_runtime":18,"_timestamp":1.757427580026228e+09,"_step":12,"Accuracy":37.9,"chance_level":10,"Timestep":10,"Time Taken to Run the Code(Mins)":0.32463144063949584,"_wandb":{"runtime":18}}