{"Time Taken to Run the Code(Mins)":6.792988705635071,"_wandb":{"runtime":406},"_runtime":406,"_timestamp":1.7582202553419013e+09,"_step":12,"Timestep":10,"Accuracy":34.21,"chance_level":10}