{"Timestep":10,"Accuracy":31.57,"Time Taken to Run the Code(Mins)":10.284144580364227,"_wandb":{"runtime":615},"_runtime":615,"_timestamp":1.758200595243394e+09,"_step":12,"chance_level":10}